level,code,name,Population,Average Annual log percentage change,Log percentage change,Average Annual percentage change,Percentage change,GVA per hour
ITL1,TLC,North East,2569312.0,0.008636465234553666,0.129546978518305,0.008673867096182342,0.13831258644536648,35.82
ITL1,TLD,North West,6958547.0,0.007211408780660852,0.10817113170991277,0.007237473605994804,0.11423841059602635,39.31
ITL1,TLE,Yorkshire and The Humber,5198675.0,0.003977569689125637,0.05966354533688456,0.003985490718107831,0.06147934678194078,36.82
ITL1,TLG,West Midlands,5496240.0,0.004183968555709564,0.06275952833564347,0.004192733572068175,0.06477076124567493,36.02
ITL1,TLH,East,5708350.0,0.004820711175064514,0.07231066762596772,0.004832349497329247,0.07498925655350197,39.69
ITL1,TLJ,South East,8426399.0,0.007557111820086308,0.11335667730129462,0.007585738856752844,0.1200313514723994,45.22
ITL1,TLK,South West,5205044.0,0.0038607457856720375,0.05791118678508056,0.003868208064913503,0.059620883193899576,38.75
ITL1,TLL,Wales,3025867.0,0.007419300423055652,0.11128950634583479,0.007446891626037955,0.11771844660194142,35.15
ITL1,TLI,London,7812161.0,-0.0007680961253223373,-0.01152144187983506,-0.0007678012150047486,-0.011455324235481679,53.96
ITL1,TLF,East Midlands,4441125.0,0.0021958372513251946,0.03293755876987792,0.002198249867523261,0.03348600508905886,35.61
ITL1,TLM,Scotland,5202900.0,0.009157804604962412,0.1373670690744362,0.00919986559495145,0.14724919093851074,41.28
ITL1,TLN,Northern Ireland,1779152.0,0.008521311206195866,0.127819668092938,0.008557720924565082,0.13634806440561875,36.88
ITL2,TLC3,Tees Valley,658509.0,0.009769341883981219,0.1465401282597183,0.009817217682411838,0.15782139124375738,35.37
ITL2,TLC4,"Northumberland, Durham and Tyne & Wear",1910803.0,0.008745514299196877,0.13118271448795316,0.008783868035560083,0.14017608897126999,35.97
ITL2,TLD1,Cumbria,500916.0,0.00982776238237939,0.14741643573569085,0.009876213430823677,0.15883644346871573,36.25
ITL2,TLD3,Greater Manchester,2620007.0,0.012095041436865787,0.1814256215529868,0.012168482241729617,0.19892535918701104,39.77
ITL2,TLD4,Lancashire,1451175.0,0.004571154097704048,0.06856731146556072,0.004581617760192502,0.07097271126760529,37.25
ITL2,TLD6,Cheshire,894700.0,0.00020068872095677648,0.003010330814351647,0.00020070886028533685,0.003014866410230299,44.58
ITL2,TLD7,Merseyside,1491749.0,0.0035829120291066847,0.05374368043660027,0.0035893383310769966,0.05521409547223888,37.33
ITL2,TLE1,East Yorkshire and Northern Lincolnshire,912437.0,0.0009573661776622444,0.014360492664933666,0.0009578245989418921,0.014464099895941995,38.56
ITL2,TLE2,North Yorkshire,785747.0,-0.00195708078655444,-0.0293562117983166,-0.001955166952664622,-0.028929503916448995,38.18
ITL2,TLG1,"Herefordshire, Worcestershire and Warwickshire",1281965.0,0.01587282012304101,0.23809230184561514,0.01599946250236095,0.2688263024295907,39.61
ITL2,TLG2,Shropshire and Staffordshire,1548213.0,-0.0024591243869932574,-0.03688686580489886,-0.002456103217602479,-0.03621483375959089,33.44
ITL2,TLG3,West Midlands,2666062.0,0.001645491256022602,0.02468236884033903,0.0016468458196317037,0.024989500209995352,35.72
ITL2,TLH2,Bedfordshire and Hertfordshire,1680717.0,0.00530256650053745,0.07953849750806175,0.00531664998815673,0.08278724333770193,41.01
ITL2,TLH3,Essex,1694955.0,0.0034527459005978755,0.05179118850896813,0.0034587134939427777,0.05315580851712576,39.41
ITL2,TLH4,Cambridgeshire and Peterborough,776835.0,0.0034728282922637634,0.05209242438395645,0.0034788655471977847,0.05347310461668808,40.29
ITL2,TLJ1,"Berkshire, Buckinghamshire and Oxfordshire",2211708.0,0.008001504106985103,0.12002256160477653,0.008033601693514747,0.12752229000469262,47.65
ITL2,TLJ2,"Surrey, East and West Sussex",2676436.0,0.008055284798829792,0.12082927198244686,0.008087815895841954,0.12843224092116934,45.89
ITL2,TLJ3,Hampshire and Isle of Wight,1856723.0,0.01138682898112459,0.17080243471686885,0.011451905689467967,0.1862563627950018,47.17
ITL2,TLJ4,Kent,1681532.0,0.00046742237927658675,0.007011335689148801,0.0004675316381395067,0.007035972648895328,37.86
ITL2,TLK3,Cornwall and Isles of Scilly,527306.0,0.010784612256042199,0.161769183840633,0.010842975807528132,0.1755888650963593,32.74
ITL2,TLK4,Devon,1124479.0,0.004375367560834024,0.06563051341251036,0.004384953456987528,0.0678320946299591,34.5
ITL2,TLK5,West of England,846357.0,0.004428099579625903,0.06642149369438854,0.004437918099681637,0.06867706289373121,42.01
ITL2,TLK6,"North Somerset, Somerset and Dorset",1453764.0,0.002272831059668749,0.03409246589503123,0.0022754158981110884,0.03468027494271997,36.26
ITL2,TLK7,Gloucestershire and Wiltshire,1253138.0,0.0033614619704891878,0.05042192955733782,0.0033671180195342654,0.051714752313554824,44.54
ITL2,TLL3,North Wales,682644.0,0.01079129617322098,0.1618694425983147,0.010849732220838737,0.17570673408411874,35.82
ITL2,TLL4,Mid and South West Wales,885107.0,0.005718991059558812,0.08578486589338219,0.005735375708590729,0.08957189901207463,32.25
ITL2,TLL5,South East Wales,1458116.0,0.007712601657467507,0.1156890248620126,0.007742420380312032,0.12264670263128963,36.5
ITL2,TLH5,Norfolk,841495.0,0.008599150923131068,0.12898726384696602,0.00863622982759038,0.13767563446247677,37.06
ITL2,TLH6,Suffolk,714348.0,0.004877250345759343,0.07315875518639015,0.004889163491150095,0.07590132827324525,38.78
ITL2,TLI3,Inner London - West,1070347.0,0.0009105832620693496,0.013658748931040243,0.0009109979688735059,0.013752455795678076,64.56
ITL2,TLI4,Inner London - East,2008567.0,-0.0039049175581444234,-0.058573763372166354,-0.0038973032818412356,-0.056891329042029315,50.89
ITL2,TLI5,Outer London - East and North East,1675638.0,-0.013376080520673562,-0.20064120781010342,-0.013287018299018127,-0.18179405520169856,40.76
ITL2,TLI6,Outer London - South,1192022.0,0.0015031793165047583,0.022547689747571376,0.0015043096568305714,0.022803810256903034,44.4
ITL2,TLI7,Outer London - West and North West,1865587.0,0.00046462355751935767,0.006969353362790365,0.0004647315117631834,0.0069936958234828595,45.23
ITL2,TLE3,South Yorkshire,1315448.0,0.004875585373264239,0.07313378059896358,0.0048874903797251346,0.07587445841699303,33.77
ITL2,TLE4,West Yorkshire,2185043.0,0.00695326102582623,0.10429891538739344,0.006977491071995523,0.10993218114198222,37.33
ITL2,TLF1,Derbyshire and Nottinghamshire,2069957.0,0.001058274182262764,0.01587411273394146,0.0010588343519721821,0.01600077579518988,35.62
ITL2,TLF2,"Leicestershire, Rutland and Northamptonshire",1670388.0,0.0026644321434552273,0.03996648215182841,0.0026679848974353604,0.04077588903952445,35.85
ITL2,TLF3,Lincolnshire,700780.0,0.004102874352872081,0.06154311529308121,0.004111302664675742,0.06347634763476373,34.98
ITL2,TLM0,Eastern Scotland,901680.0,0.004744155066711168,0.07116232600066752,0.004755426387608619,0.07375551016019766,38.18
ITL2,TLM1,East Central Scotland,962230.0,0.014390159656111005,0.21585239484166507,0.014494196439878149,0.2409191994069686,50.42
ITL2,TLM2,Highlands and Islands,486639.0,0.01332983755314198,0.1999475632971297,0.013419075907819211,0.22133871350581513,39.68
ITL2,TLM3,West Central Scotland,1450120.0,0.014081776895755146,0.21122665343632718,0.014181392153418626,0.23519228391245162,39.67
ITL2,TLM5,North Eastern Scotland,460850.0,-0.0018000123234820956,-0.027000184852231435,-0.001798393272882448,-0.026638938403644064,38.48
ITL2,TLM9,Southern Scotland,941381.0,0.0009154116508764669,0.013731174763147003,0.0009158307680001698,0.013825880319723316,37.01
ITL2,TLN0,Northern Ireland,1779152.0,0.008521311206195866,0.127819668092938,0.008557720924565082,0.13634806440561875,36.88
ITL3,TLC31,Hartlepool and Stockton-on-Tees,280418.0,0.004826645455367876,0.07239968183051815,0.004838312471842077,0.07508495012605487,39.7
ITL3,TLC32,South Teesside,274397.0,0.007194224718001685,0.10791337077002527,0.0072201653228494145,0.11395124046826344,32.92
ITL3,TLC33,Darlington,103694.0,0.026139166429581393,0.3920874964437209,0.026483790617959357,0.48006720635405586,31.11
ITL3,TLC41,Durham,505617.0,-8.016836320313321e-05,-0.0012025254480469982,-8.016514980579981e-05,-0.0012018027040554546,36.02
ITL3,TLC42,Northumberland,314057.0,0.011110467949889902,0.16665701924834853,0.011172418419241215,0.1813490158425346,34.87
ITL3,TLC43,Tyneside,814317.0,0.013570027923728568,0.2035504188559285,0.013662518646351485,0.22574695684249324,35.73
ITL3,TLC44,Sunderland,276812.0,0.0033925122158262747,0.05088768323739412,0.003398273298399035,0.052204706419921365,37.84
ITL3,TLD13,Cumberland,274153.0,0.0016959347601366896,0.025439021402050344,0.0016973736708099096,0.0257653546301575,32.07
ITL3,TLD14,Westmorland and Furness,226763.0,0.016142134038361355,0.24213201057542033,0.016273122144091712,0.27396235822011716,41.41
ITL3,TLD33,Manchester,477408.0,0.013281800312948455,0.19922700469422683,0.013370395221505404,0.22045898437500022,44.77
ITL3,TLD34,Greater Manchester South West,447721.0,0.003607897856211532,0.05411846784317298,0.003614414154037515,0.05560965054635991,41.26
ITL3,TLD35,Greater Manchester South East,497837.0,0.014828149714657771,0.22242224571986657,0.014938632134475327,0.24909869310500166,37.97
ITL3,TLD36,Greater Manchester North West,582468.0,0.014141136090976936,0.21211704136465404,0.01424159493144228,0.23629257398101533,36.36
ITL3,TLD37,Greater Manchester North East,614573.0,0.007798736445389665,0.11698104668084497,0.007829225798401174,0.12409812409812404,33.15
ITL3,TLD41,Blackburn with Darwen,144902.0,0.015271905859006611,0.22907858788509916,0.015389117334017044,0.2574408547443401,33.27
ITL3,TLD42,Blackpool,142921.0,-0.0011392747864195012,-0.017089121796292517,-0.0011386260592829434,-0.016943930991989653,30.25
ITL3,TLD44,Lancaster and Wyre,244057.0,0.014690276615108763,0.22035414922663143,0.014798709045447556,0.24651810584958245,37.07
ITL3,TLD45,Mid Lancashire,378661.0,-0.0002216860896781488,-0.003325291345172232,-0.0002216615191326099,-0.0033197686870853893,40.99
ITL3,TLD46,East Lancashire,324572.0,0.011994596472784735,0.17991894709177103,0.012066820120696375,0.19712032910524457,36.59
ITL3,TLD47,Chorley and West Lancashire,216062.0,0.0018986479282174192,0.028479718923261288,0.0019004515014646728,0.028889143643242132,37.49
ITL3,TLD61,Warrington,198187.0,0.0016297558333234837,0.024446337499852255,0.0016310846071225793,0.024747599113519092,37.73
ITL3,TLD62,Cheshire East,367160.0,-0.0002607386334502119,-0.0039110795017531785,-0.0002607046440868954,-0.0039034411915761513,47.43
ITL3,TLD63,Cheshire West and Chester,329353.0,0.004805360986949067,0.07208041480423599,0.004816925250122894,0.0747417657376721,47.88
ITL3,TLD71,East Merseyside,445835.0,0.005558773929270089,0.08338160893905133,0.005574252580552219,0.08695652173913082,38.53
ITL3,TLD72,Liverpool,454468.0,0.0013006658128428346,0.01950998719264252,0.0013015120454700213,0.019701550765629294,37.48
ITL3,TLD73,Sefton,274735.0,0.0030489317109061885,0.04573397566359283,0.0030535844306016635,0.046795900728485273,36.2
ITL3,TLD74,Wirral,316711.0,0.005168768570017986,0.07753152855026979,0.005182149699002325,0.08061630218687821,36.01
ITL3,TLE11,"Kingston upon Hull, City of",256746.0,-0.008571208639750043,-0.12856812959625064,-0.008534580554668048,-0.12064634963161391,34.02
ITL3,TLE12,East Riding of Yorkshire,332464.0,-0.002747050917575322,-0.04120576376362983,-0.0027432812258385564,-0.040368347788842796,40.77
ITL3,TLE13,North and North East Lincolnshire,323227.0,0.009709760947124835,0.14564641420687252,0.009757053618862033,0.15678709224833431,40.57
ITL3,TLE21,York,190768.0,-0.0015127831399275613,-0.022691747098913417,-0.0015116394602990857,-0.022436225796537812,43.52
ITL3,TLG13,Warwickshire CC,539384.0,0.01128249107979323,0.16923736619689844,0.011346378425673098,0.18440124237892586,42.34
ITL3,TLG21,Telford and Wrekin,164089.0,-0.004988233605669853,-0.07482350408504779,-0.004975813029245102,-0.07209275628515688,34.96
ITL3,TLG22,Shropshire,300473.0,-0.008686266481199745,-0.13029399721799617,-0.008648649863291391,-0.12216268874817304,32.36
ITL3,TLG23,Stoke-on-Trent,245509.0,0.007266801033084688,0.10900201549627031,0.007293268303666167,0.11516459794927081,33.01
ITL3,TLG24,Staffordshire CC,838142.0,-0.0022626299547357696,-0.03393944932103654,-0.00226007213707502,-0.03336996702967354,33.66
ITL3,TLG31,Birmingham,1038980.0,-0.0013741898162720645,-0.020612847244080967,-0.0013732460498007137,-0.020401854714065637,35.14
ITL3,TLG32,Solihull,204778.0,-0.007986220333537552,-0.11979330500306329,-0.007954415199849296,-0.11289622231871488,41.8
ITL3,TLG33,Coventry,305186.0,-0.0018496021541510052,-0.027744032312265077,-0.0018478926941893903,-0.02736270133902552,40.39
ITL3,TLG36,Dudley,310377.0,0.00500413459829178,0.0750620189743767,0.00501667619104329,0.07795100222717077,31.91
ITL3,TLG37,Sandwell,298358.0,0.006656151978229078,0.09984227967343617,0.006678353389127922,0.1049966239027682,32.84
ITL3,TLG38,Walsall,263034.0,0.006874181409552035,0.10311272114328052,0.006897862826931833,0.10861636653749662,31.2
ITL3,TLG39,Wolverhampton,245349.0,0.009499132480532838,0.14248698720799258,0.00954439243606342,0.1531380753138072,35.29
ITL3,TLH21,Luton,192084.0,0.006995385186087155,0.10493077779130733,0.007019910046634159,0.11063372717508058,34.12
ITL3,TLH24,Bedford,154164.0,0.00025496413777622944,0.0038244620666434415,0.0002549966438945006,0.003831784653702597,33.6
ITL3,TLH25,Central Bedfordshire,249035.0,0.007417104836363405,0.11125657254545107,0.007444679691477996,0.11768163649188756,38.98
ITL3,TLH26,North and East Hertfordshire,539921.0,0.0062521974876921975,0.09378296231538297,0.006271783271191156,0.09832134292565886,42.5
ITL3,TLH27,South West Hertfordshire,545513.0,0.00446819221679983,0.06702288325199746,0.004478189471982974,0.06931994741245373,44.63
ITL3,TLH31,Southend-on-Sea,168150.0,0.004346774648448874,0.0652016197267331,0.004356235576578271,0.06737420638680902,31.29
ITL3,TLH32,Thurrock,153633.0,0.0028058143493320032,0.04208721523998005,0.0028097543305036776,0.042985439009504134,40.17
ITL3,TLH34,Essex Haven Gateway,452242.0,0.009020225512450075,0.13530338268675113,0.009061030343912257,0.14488406967354983,39.02
ITL3,TLH35,West Essex,278783.0,-0.002751694842728251,-0.041275422640923765,-0.0027479124006453137,-0.04043519232416681,38.62
ITL3,TLH36,Heart of Essex,298648.0,0.007213681378258189,0.10820522067387284,0.007239762654058124,0.11427639447645999,42.38
ITL3,TLH37,Essex Thames Gateway,343499.0,-0.002133515405744942,-0.03200273108617413,-0.0021312410794759318,-0.03149606299212637,40.89
ITL3,TLH41,Peterborough,176027.0,0.0053701467159312346,0.08055220073896852,0.005384591799637128,0.08388542478565841,38.34
ITL3,TLH42,Cambridgeshire CC,600808.0,0.0027790661984171314,0.04168599297625697,0.0027829313825895596,0.04256705396894356,40.99
ITL3,TLJ14,Oxfordshire CC,638784.0,-0.0011237544230729905,-0.016856316346094857,-0.001123123247522173,-0.01671504353918518,41.49
ITL3,TLJ15,Berkshire East,384253.0,0.011115957270373992,0.16673935905560988,0.011177969083945305,0.1814462918975983,56.81
ITL3,TLJ16,Berkshire West,456675.0,0.027286486879826023,0.4092973031973903,0.02766217232423185,0.5057593210063653,52.96
ITL3,TLJ21,Brighton and Hove,262019.0,0.025400762077947666,0.381011431169215,0.025726110291737214,0.4637643378519294,47.2
ITL3,TLJ22,East Sussex CC,519197.0,0.009550413253604855,0.1432561988040728,0.009596163980389205,0.15402542372881278,33.35
ITL3,TLJ25,West Surrey,733072.0,0.006256764459054942,0.09385146688582413,0.006276378896102441,0.09839658553466424,54.08
ITL3,TLJ26,East Surrey,371170.0,-0.002856905494908446,-0.04285358242362669,-0.0028528284239313084,-0.04194834460045094,53.46
ITL3,TLJ27,West Sussex (South West),423344.0,0.0101499958868299,0.15224993830244848,0.010201681817731956,0.16445124103046704,42.87
ITL3,TLJ28,West Sussex (North East),367634.0,0.010604312975312466,0.15906469462968698,0.01066073797522793,0.17241379310344773,37.94
ITL3,TLJ31,Portsmouth,196036.0,0.0053866995402181315,0.08080049310327198,0.0054012338918625336,0.08415457867345744,41.59
ITL3,TLJ32,Southampton,228447.0,-0.0006215304440852757,-0.009322956661279136,-0.0006213373340487882,-0.009279632641347235,47.18
ITL3,TLJ34,Isle of Wight,138675.0,0.005495970578365572,0.08243955867548358,0.005511101130988738,0.08593303622443083,35.46
ITL3,TLJ35,South Hampshire,432286.0,0.014166934915526083,0.21250402373289123,0.014267761509932475,0.23677108999178653,44.43
ITL3,TLJ36,Central Hampshire,516088.0,0.010625669355543247,0.1593850403331487,0.010682322260712862,0.17278943098852673,42.15
ITL3,TLJ37,North Hampshire,345191.0,0.020966358447393377,0.31449537671090066,0.021187696720035065,0.3695680206318508,64.49
ITL3,TLJ41,Medway,258224.0,0.0017879124746369138,0.026818687119553708,0.0017895117431208085,0.027181544633901877,39.16
ITL3,TLJ43,Kent Thames Gateway,325060.0,-0.012935775922536467,-0.194036638838047,-0.012852468375989412,-0.17637227304714953,35.04
ITL3,TLJ44,East Kent,492453.0,0.004464222549777593,0.0669633382466639,0.004474202035954056,0.06925627664613865,35.32
ITL3,TLJ45,Mid Kent,264279.0,-0.004095267713087066,-0.06142901569630599,-0.004086893539660297,-0.05958030159232364,34.2
ITL3,TLJ46,West Kent,341516.0,0.009806040648270554,0.1470906097240583,0.009854277406477818,0.15845892591806465,46.24
ITL3,TLK30,Cornwall and Isles of Scilly,527306.0,0.010974017582555066,0.164610263738326,0.011034452984240328,0.17893355600620242,32.74
ITL3,TLK41,Plymouth,252488.0,-0.001994644494807633,-0.029919667422114493,-0.0019926565134690266,-0.02947650492870124,33.97
ITL3,TLK42,Torbay,132070.0,-0.008481120346693889,-0.12721680520040834,-0.008445257103967818,-0.11945725434551191,27.68
ITL3,TLK43,Devon CC,739921.0,0.006948947911526678,0.10423421867290017,0.0069731478723458196,0.109860374499404,35.63
ITL3,TLK51,"Bristol, City of",414822.0,-0.0028356350864510676,-0.04253452629676602,-0.0028316184707284364,-0.04164262358145798,36.57
ITL3,TLK52,Bath & North East Somerset and South Gloucestershire,431535.0,0.012588189588504347,0.1888228438275652,0.012667754355335514,0.2078269595272615,48.99
ITL3,TLK61,North Somerset,200853.0,0.012829743154416857,0.19244614731625287,0.012912397408495924,0.21221122112211277,35.88
ITL3,TLK62,Somerset,525668.0,0.003956878763158341,0.059353181447375114,0.0039647175435559845,0.061149953041844896,34.53
ITL3,TLK63,"Bournemouth, Christchurch and Poole",363158.0,0.0007273298435755748,0.010909947653633623,0.0007275944120652689,0.010969678153782025,39.45
ITL3,TLK64,Dorset,364085.0,-0.004249324621839712,-0.06373986932759568,-0.004240309016567356,-0.06175096485882636,35.43
ITL3,TLK71,Swindon,201521.0,0.00399732994288294,0.059959949143244096,0.004005329922186274,0.061794019933555155,62.05
ITL3,TLK72,Wiltshire,464007.0,0.004262116427250717,0.06393174640876076,0.004271212163241334,0.06601963660986421,40.66
ITL3,TLK73,Gloucestershire CC,587610.0,0.003108420920090005,0.04662631380135007,0.003113257070029851,0.04773041352184593,40.77
ITL3,TLL31,Isle of Anglesey,69916.0,0.006569498787627322,0.09854248181440983,0.006591125277248588,0.10356128468429038,34.48
ITL3,TLL32,Gwynedd,119746.0,-0.00365657492851561,-0.05484862392773415,-0.0036498977993653092,-0.05337156599759496,29.27
ITL3,TLL33,Conwy and Denbighshire,209110.0,0.008319593550260447,0.12479390325390671,0.008354297542958244,0.13291493892188777,30.0
ITL3,TLL34,Flintshire and Wrexham,283872.0,0.017563030414755983,0.26344545622133975,0.017718167327383405,0.301406309388065,42.68
ITL3,TLL41,Mid Wales,207836.0,0.008659279618996922,0.12988919428495382,0.008696879632071663,0.13870220162224856,28.27
ITL3,TLL42,South West Wales,303651.0,0.007471872298244679,0.11207808447367018,0.007499856390500437,0.1186002025430406,32.3
ITL3,TLL43,Swansea,234139.0,0.0016835077874101027,0.02525261681115154,0.001684925682212679,0.025574165078728228,34.69
ITL3,TLL44,Neath Port Talbot,139481.0,0.004031545997475069,0.06047318996212603,0.004039683611086087,0.062339115836598014,34.21
ITL3,TLL51,Central Valleys and Bridgend,429587.0,0.0052170431548801115,0.07825564732320167,0.00523067562126478,0.08139908011552066,35.24
ITL3,TLL52,Cardiff and Vale of Glamorgan,458503.0,0.006746978454913943,0.10120467682370915,0.006769790589517655,0.10650309412658787,37.93
ITL3,TLH51,Norwich and East Norfolk,347345.0,0.010739676812004599,0.16109515218006898,0.010797554150086652,0.17479674796747924,37.2
ITL3,TLH52,North and West Norfolk,246438.0,0.0015331024267069893,0.02299653640060484,0.0015342782290306278,0.023262995367987926,33.63
ITL3,TLH53,Breckland and South Norfolk,247712.0,0.0111539977906468,0.167309966859702,0.011216435551615334,0.18212062674393725,40.29
ITL3,TLH61,Babergh and Mid Suffolk,181863.0,0.0049321443611908345,0.07398216541786251,0.0049443274064682186,0.07678760126805129,40.31
ITL3,TLH62,Ipswich,127387.0,0.006040617489445843,0.09060926234168765,0.006058898810892277,0.09484112601184003,42.52
ITL3,TLH63,East Suffolk,240139.0,0.013307358578202866,0.199610378673043,0.013396295541849623,0.22092696629213493,38.33
ITL3,TLH64,West Suffolk,164959.0,-0.0043973501601091885,-0.06596025240163783,-0.004387695972026373,-0.06383192601527976,35.65
ITL3,TLI33,Kensington & Chelsea and Hammersmith & Fulham,339667.0,0.01396118970895562,0.2094178456343343,0.014059102245880473,0.23296007789678597,48.45
ITL3,TLI34,Wandsworth,294305.0,0.0002911064962275963,0.004366597443413944,0.00029114887183556704,0.004376144921636849,35.39
ITL3,TLI35,Westminster and City of London,226102.0,-0.006117841219824704,-0.09176761829737057,-0.006099165334006007,-0.08768286927796176,71.21
ITL3,TLI36,Camden,210273.0,0.015542470874889958,0.23313706312334936,0.01566388327602586,0.2625545171339565,59.44
ITL3,TLI41,Hackney and Newham,507519.0,-0.007171744925060667,-0.10757617387591001,-0.007146089330855254,-0.10199188491331623,37.41
ITL3,TLI42,Tower Hamlets,231893.0,-0.0267437665133075,-0.4011564976996125,-0.026389318774898696,-0.3304547294562137,72.96
ITL3,TLI43,Haringey and Islington,436548.0,0.020072845203838164,0.30109267805757245,0.020275659508202093,0.351334574798261,52.0
ITL3,TLI44,Lewisham and Southwark,543481.0,0.006323818749723919,0.0948572812458588,0.0063438563072060195,0.09950192438306549,41.21
ITL3,TLI45,Lambeth,289126.0,-0.0013568414078243645,-0.020352621117365466,-0.0013559213147085192,-0.020146904512067132,54.12
ITL3,TLI51,Bexley and Greenwich,466400.0,-0.014234204516625463,-0.21351306774938195,-0.014133377193358165,-0.19225839528326072,43.11
ITL3,TLI52,Barking & Dagenham and Havering,404245.0,-0.014571806776796889,-0.21857710165195332,-0.014466151817551953,-0.19633848657445085,39.9
ITL3,TLI53,Redbridge and Waltham Forest,507550.0,-0.020283867456235782,-0.30425801184353674,-0.020079533708414976,-0.26232948583420745,35.92
ITL3,TLI54,Enfield,297443.0,0.001102070238199578,0.01653105357299367,0.001102677740754121,0.016668447483705773,46.53
ITL3,TLI61,Bromley,304968.0,-0.0046751218415269115,-0.07012682762290368,-0.004664210470029961,-0.06772442588726557,42.92
ITL3,TLI62,Croydon,349308.0,0.01014325236503216,0.15214878547548238,0.010194869523639793,0.16433345945264266,51.92
ITL3,TLI63,"Merton, Kingston upon Thames and Sutton",537746.0,-0.0004891366325728915,-0.007337049488593372,-0.0004890170247525694,-0.0073101990487938195,41.1
ITL3,TLI71,Barnet,339212.0,0.008103052592193728,0.1215457888829059,0.00813597117645104,0.1292410714285721,42.73
ITL3,TLI72,Brent,290901.0,0.0019431645757360745,0.02914746863604112,0.0019450537434766435,0.02957641350998319,45.02
ITL3,TLI73,Ealing,324022.0,-0.0059295129319297145,-0.08894269397894572,-0.005911968064758577,-0.08510199876365132,41.76
ITL3,TLI74,Harrow and Hillingdon,490618.0,-0.0010037289925911945,-0.015055934888867917,-0.0010032254251417516,-0.014943160982764603,39.97
ITL3,TLI75,Hounslow and Richmond upon Thames,420834.0,-0.0012043000434644568,-0.018064500651966853,-0.0012035751651866544,-0.017902315625607734,54.68
ITL3,TLJ12,Milton Keynes,235625.0,0.004976880394369706,0.07465320591554558,0.004989285634861007,0.07751041184636698,50.59
ITL3,TLJ13,Buckinghamshire,496371.0,-0.005967268579615788,-0.08950902869423683,-0.005949499793739488,-0.08561999057048586,40.15
ITL3,TLE22,North Yorkshire,594979.0,-0.0008479867123958466,-0.012719800685937699,-0.0008476272732707013,-0.012639245929733756,36.36
ITL3,TLE32,Sheffield,534035.0,0.005146142740814833,0.0771921411122225,0.005159406876653838,0.08024961681629095,36.08
ITL3,TLE33,Barnsley,227754.0,0.0019349237217534565,0.029023855826301848,0.001936796894612014,0.029449152542372792,34.03
ITL3,TLE34,Rotherham,255271.0,0.009455181205279455,0.1418277180791918,0.009500022647652484,0.15237809752198261,33.03
ITL3,TLE35,Doncaster,298388.0,0.0031638435612751556,0.04745765341912733,0.003168853796788884,0.048601795480342824,29.81
ITL3,TLE41,Bradford,507323.0,0.002889849498008227,0.04334774247012341,0.0028940291382761885,0.044300979519144246,33.46
ITL3,TLE42,Leeds,741665.0,0.008154605989602891,0.12231908984404338,0.008187945350526693,0.13011465236141828,41.47
ITL3,TLE44,Calderdale and Kirklees,612767.0,0.006682372301171391,0.10023558451757086,0.006704749166704271,0.10543130990415306,33.33
ITL3,TLE45,Wakefield,323288.0,0.004314350594146354,0.06471525891219532,0.004323670803400681,0.06685520361990904,36.15
ITL3,TLF11,Derby,241865.0,-0.011715578706138057,-0.17573368059207084,-0.011647218534015624,-0.1611586466755638,38.02
ITL3,TLF12,East Derbyshire,275928.0,0.0007133970001896491,0.010700955002844736,0.0007136515283525657,0.010758414997869892,37.75
ITL3,TLF13,South and West Derbyshire,485310.0,0.008847513618930472,0.1327127042839571,0.00888676855166004,0.14192188193519795,37.19
ITL3,TLF14,Nottingham,290783.0,-3.177478095833427e-05,-0.000476621714375014,-3.177427614531325e-05,-0.00047650814828914534,33.88
ITL3,TLF15,North Nottinghamshire,445655.0,0.002408159723715168,0.03612239585572752,0.002411061669324699,0.036782736635605495,31.06
ITL3,TLF16,South Nottinghamshire,330416.0,0.01027671198848387,0.15415067982725805,0.01032969874746792,0.1666666666666663,39.52
ITL3,TLF21,Leicester,315473.0,0.00628238071577177,0.09423571073657655,0.006302156260310721,0.09881871876419845,35.47
ITL3,TLF22,Leicestershire CC and Rutland,676714.0,0.00010505928173110135,0.0015758892259665203,0.00010506480065064494,0.0015771315919175244,36.38
ITL3,TLF24,West Northamptonshire,368454.0,0.005195821439030309,0.07793732158545463,0.005209343127860144,0.0810548977395047,38.21
ITL3,TLF25,North Northamptonshire,309747.0,-0.006538242940457136,-0.09807364410685704,-0.006516915137516843,-0.09341786313630474,31.57
ITL3,TLF30,Lincolnshire CC,700780.0,0.004603958716559357,0.06905938074839035,0.004614573217814888,0.07149983372131663,34.98
ITL3,TLG11,"Herefordshire, County of",181791.0,0.017792081359756236,0.26688122039634354,0.017951303334345692,0.3058853245769124,32.93
ITL3,TLG12,Worcestershire CC,560790.0,0.016857047402621284,0.25285571103931925,0.016999929151916282,0.2876974629009099,38.4
ITL3,TLL53,Gwent Valleys,337173.0,0.006755631296351083,0.10133446944526625,0.006778502046568713,0.10664671938448333,33.7
ITL3,TLL54,Monmouthshire and Newport,232853.0,0.013931378744164983,0.20897068116247475,0.014028872616277388,0.23240886520528026,37.78
ITL3,TLM01,Clackmannanshire and Fife,411230.0,0.005118768269109471,0.07678152403664207,0.005131891545521405,0.07980613893376365,38.51
ITL3,TLM02,"Perth and Kinross, and Stirling",231670.0,0.002684205822240789,0.040263087333611836,0.002687811528119255,0.041084634346754356,39.85
ITL3,TLM03,Angus and Dundee City,258780.0,0.006264855843247356,0.09397283764871034,0.0062845210978286214,0.09852990685669383,36.01
ITL3,TLM11,East Lothian and Midlothian,179030.0,0.010895635423656281,0.1634345313548442,0.010955209026791257,0.17754826017459746,37.05
ITL3,TLM12,Falkirk,153290.0,-0.0068763188704190036,-0.10314478305628505,-0.006852731086489983,-0.09800362976406474,38.69
ITL3,TLM13,City of Edinburgh,458520.0,0.015161846525425264,0.22742769788137895,0.015277370433945059,0.25536667080282904,56.26
ITL3,TLM14,West Lothian,171390.0,0.030525071776479548,0.4578760766471932,0.030995738619454816,0.5807131036557842,46.49
ITL3,TLM20,Highlands and Islands,486639.0,0.01332983755314198,0.1999475632971297,0.013419075907819211,0.22133871350581513,39.68
ITL3,TLM31,East Dunbartonshire and West Dunbartonshire,196130.0,0.013605489262430126,0.2040823389364519,0.013698465113605396,0.2263991296990202,40.06
ITL3,TLM32,Glasgow City,576200.0,0.012079606878798721,0.18119410318198081,0.012152859989078335,0.19864781807006748,38.56
ITL3,TLM33,"Inverclyde, East Renfrewshire, and Renfrewshire",344510.0,0.014191726704097362,0.21287590056146044,0.014292907333534055,0.2372311020310065,37.47
ITL3,TLM34,North Lanarkshire,333280.0,0.020512548929813926,0.3076882339472089,0.020724377161392527,0.3602768346826848,45.28
ITL3,TLM50,Aberdeen City and Aberdeenshire,460850.0,-0.001767526707937428,-0.02651290061906142,-0.0017659655525358309,-0.026164519326065783,38.48
ITL3,TLM91,Scottish Borders,113360.0,0.016013166250779302,0.24019749376168953,0.01614206409926444,0.2715002388915433,36.89
ITL3,TLM92,Dumfries and Galloway,151010.0,-0.0008242161158868555,-0.012363241738302833,-0.0008238765430842454,-0.012287130847165373,36.54
ITL3,TLM93,North Ayrshire and East Ayrshire,253091.0,0.0009381694839268799,0.014072542258903198,0.0009386097025729789,0.014172026599803988,37.85
ITL3,TLM94,South Ayrshire,112610.0,0.002516021865523162,0.03774032798284743,0.0025191897047642797,0.03846153846153899,35.5
ITL3,TLM95,South Lanarkshire,311310.0,-0.0029669556440215556,-0.04450433466032333,-0.0029625585808301658,-0.04352854589422739,37.41
ITL3,TLN06,Belfast,330052.0,0.006293841950658733,0.094407629259881,0.006313689791785038,0.0990076422949695,38.54
ITL3,TLN07,"Armagh City, Banbridge and Craigavon",193603.0,0.015565283387377112,0.23347925081065668,0.015687053385329053,0.2629866216704837,33.75
ITL3,TLN08,"Newry, Mourne and Down",168019.0,0.003355005592501037,0.050325083887515554,0.0033606399230721173,0.05161290322580636,35.95
ITL3,TLN09,Ards and North Down,155014.0,0.015151774332922467,0.227276614993837,0.015267144416325706,0.2551770207080828,39.02
ITL3,TLN0A,Derry City and Strabane,147496.0,0.010856607321060885,0.16284910981591327,0.01091575413310375,0.17685909980430514,37.59
ITL3,TLN0B,Mid Ulster,133595.0,0.004967021646683574,0.07450532470025362,0.004979377747906355,0.07735108007855152,40.78
ITL3,TLN0C,Causeway Coast and Glens,139004.0,0.003135174740219308,0.04702762110328962,0.00314009454067965,0.04815095976575168,35.55
ITL3,TLN0D,Antrim and Newtownabbey,136122.0,0.002747879888082257,0.041218198321233857,0.002751658770534293,0.04207946072924118,41.33
ITL3,TLN0E,Lisburn and Castlereagh,130584.0,0.018706373852878617,0.28059560779317927,0.0188824341674505,0.32391811350090705,38.22
ITL3,TLN0F,Mid and East Antrim,134169.0,-0.016845720922098077,-0.25268581383147115,-0.016704625162968445,-0.22328812437975532,39.12
ITL3,TLN0G,Fermanagh and Omagh,111494.0,0.015744456633609318,0.2361668495041398,0.015869053636141217,0.2663855883480255,38.55
National,TLB,England,51815853.0,0.004396135342659413,0.0659420301398912,0.0044058125211672294,0.06816479400749054,42.39
National,UKX,United Kingdom,61823772.0,0.005145439648435494,0.07718159472653241,0.005158700156983276,0.08023822414726633,41.87
MCA,E47000006,Tees Valley,658509.0,0.009769341883981219,0.1465401282597183,0.009817217682411838,0.15782139124375738,35.37
MCA,E47000014,North East,1910803.0,0.008745514299196877,0.13118271448795316,0.008783868035560083,0.14017608897126999,35.97
MCA,E47000001,Greater Manchester,2620007.0,0.012095041436865787,0.1814256215529868,0.012168482241729617,0.19892535918701104,39.77
MCA,E47000018,Lancashire,1451175.0,0.004571154097704048,0.06856731146556072,0.004581617760192502,0.07097271126760529,37.25
MCA,E47000004,Liverpool City Region,1491749.0,0.0035829120291066847,0.05374368043660027,0.0035893383310769966,0.05521409547223888,37.33
MCA,E47000016,Hull and East Yorkshire,589210.0,-0.005419380378225291,-0.08129070567337937,-0.005404722028062747,-0.07807435653002837,37.45
MCA,E47000017,Greater Lincolnshire,1024007.0,0.0062669542680056384,0.09400431402008458,0.0062866327123971555,0.0985644851362042,36.73
MCA,E47000012,York and North Yorkshire,785747.0,-0.00195708078655444,-0.0293562117983166,-0.001955166952664622,-0.028929503916448995,38.18
MCA,E47000007,West Midlands,2666062.0,0.001645491256022602,0.02468236884033903,0.0016468458196317037,0.024989500209995352,35.72
MCA,E47000008,Cambridgeshire and Peterborough,776835.0,0.0034728282922637634,0.05209242438395645,0.0034788655471977847,0.05347310461668808,40.29
MCA,E47000015,Devon and Torbay,871991.0,0.0045249431144252245,0.06787414671637837,0.004535196128454766,0.0702306079664563,34.4
MCA,E47000009,West of England,846357.0,0.004428099579625903,0.06642149369438854,0.004437918099681637,0.06867706289373121,42.01
MCA,E61000001,Greater London,7812161.0,-0.0016625965564834645,-0.024938948347251966,-0.0016612152084761744,-0.02463054187192104,53.2
MCA,E47000002,South Yorkshire,1315448.0,0.004875585373264239,0.07313378059896358,0.0048874903797251346,0.07587445841699303,33.77
MCA,E47000003,West Yorkshire,2185043.0,0.00695326102582623,0.10429891538739344,0.006977491071995523,0.10993218114198222,37.33
MCA,E47000013,East Midlands,2069957.0,0.001058274182262764,0.01587411273394146,0.0010588343519721821,0.01600077579518988,35.62
ITL1,TLC,North East,2575441.0,0.008636465234553666,0.129546978518305,0.008673867096182342,0.13831258644536648,35.82
ITL1,TLD,North West,6986156.0,0.007211408780660852,0.10817113170991277,0.007237473605994804,0.11423841059602635,39.31
ITL1,TLE,Yorkshire and The Humber,5223344.0,0.003977569689125637,0.05966354533688456,0.003985490718107831,0.06147934678194078,36.82
ITL1,TLG,West Midlands,5528007.0,0.004183968555709564,0.06275952833564347,0.004192733572068175,0.06477076124567493,36.02
ITL1,TLH,East,5751443.0,0.004820711175064514,0.07231066762596772,0.004832349497329247,0.07498925655350197,39.69
ITL1,TLJ,South East,8490922.0,0.007557111820086308,0.11335667730129462,0.007585738856752844,0.1200313514723994,45.22
ITL1,TLK,South West,5226821.0,0.0038607457856720375,0.05791118678508056,0.003868208064913503,0.059620883193899576,38.75
ITL1,TLL,Wales,3038872.0,0.007419300423055652,0.11128950634583479,0.007446891626037955,0.11771844660194142,35.15
ITL1,TLI,London,7942594.0,-0.0007680961253223373,-0.01152144187983506,-0.0007678012150047486,-0.011455324235481679,53.96
ITL1,TLF,East Midlands,4471653.0,0.0021958372513251946,0.03293755876987792,0.002198249867523261,0.03348600508905886,35.61
ITL1,TLM,Scotland,5231900.0,0.009157804604962412,0.1373670690744362,0.00919986559495145,0.14724919093851074,41.28
ITL1,TLN,Northern Ireland,1793333.0,0.008521311206195866,0.127819668092938,0.008557720924565082,0.13634806440561875,36.88
ITL2,TLC3,Tees Valley,659003.0,0.009769341883981219,0.1465401282597183,0.009817217682411838,0.15782139124375738,35.37
ITL2,TLC4,"Northumberland, Durham and Tyne & Wear",1916438.0,0.008745514299196877,0.13118271448795316,0.008783868035560083,0.14017608897126999,35.97
ITL2,TLD1,Cumbria,500786.0,0.00982776238237939,0.14741643573569085,0.009876213430823677,0.15883644346871573,36.25
ITL2,TLD3,Greater Manchester,2639833.0,0.012095041436865787,0.1814256215529868,0.012168482241729617,0.19892535918701104,39.77
ITL2,TLD4,Lancashire,1452916.0,0.004571154097704048,0.06856731146556072,0.004581617760192502,0.07097271126760529,37.25
ITL2,TLD6,Cheshire,897196.0,0.00020068872095677648,0.003010330814351647,0.00020070886028533685,0.003014866410230299,44.58
ITL2,TLD7,Merseyside,1495425.0,0.0035829120291066847,0.05374368043660027,0.0035893383310769966,0.05521409547223888,37.33
ITL2,TLE1,East Yorkshire and Northern Lincolnshire,913088.0,0.0009573661776622444,0.014360492664933666,0.0009578245989418921,0.014464099895941995,38.56
ITL2,TLE2,North Yorkshire,788794.0,-0.00195708078655444,-0.0293562117983166,-0.001955166952664622,-0.028929503916448995,38.18
ITL2,TLG1,"Herefordshire, Worcestershire and Warwickshire",1286794.0,0.01587282012304101,0.23809230184561514,0.01599946250236095,0.2688263024295907,39.61
ITL2,TLG2,Shropshire and Staffordshire,1554097.0,-0.0024591243869932574,-0.03688686580489886,-0.002456103217602479,-0.03621483375959089,33.44
ITL2,TLG3,West Midlands,2687116.0,0.001645491256022602,0.02468236884033903,0.0016468458196317037,0.024989500209995352,35.72
ITL2,TLH2,Bedfordshire and Hertfordshire,1697185.0,0.00530256650053745,0.07953849750806175,0.00531664998815673,0.08278724333770193,41.01
ITL2,TLH3,Essex,1704519.0,0.0034527459005978755,0.05179118850896813,0.0034587134939427777,0.05315580851712576,39.41
ITL2,TLH4,Cambridgeshire and Peterborough,785201.0,0.0034728282922637634,0.05209242438395645,0.0034788655471977847,0.05347310461668808,40.29
ITL2,TLJ1,"Berkshire, Buckinghamshire and Oxfordshire",2230698.0,0.008001504106985103,0.12002256160477653,0.008033601693514747,0.12752229000469262,47.65
ITL2,TLJ2,"Surrey, East and West Sussex",2695658.0,0.008055284798829792,0.12082927198244686,0.008087815895841954,0.12843224092116934,45.89
ITL2,TLJ3,Hampshire and Isle of Wight,1869067.0,0.01138682898112459,0.17080243471686885,0.011451905689467967,0.1862563627950018,47.17
ITL2,TLJ4,Kent,1695499.0,0.00046742237927658675,0.007011335689148801,0.0004675316381395067,0.007035972648895328,37.86
ITL2,TLK3,Cornwall and Isles of Scilly,528616.0,0.010784612256042199,0.161769183840633,0.010842975807528132,0.1755888650963593,32.74
ITL2,TLK4,Devon,1125745.0,0.004375367560834024,0.06563051341251036,0.004384953456987528,0.0678320946299591,34.5
ITL2,TLK5,West of England,852080.0,0.004428099579625903,0.06642149369438854,0.004437918099681637,0.06867706289373121,42.01
ITL2,TLK6,"North Somerset, Somerset and Dorset",1458818.0,0.002272831059668749,0.03409246589503123,0.0022754158981110884,0.03468027494271997,36.26
ITL2,TLK7,Gloucestershire and Wiltshire,1261562.0,0.0033614619704891878,0.05042192955733782,0.0033671180195342654,0.051714752313554824,44.54
ITL2,TLL3,North Wales,684575.0,0.01079129617322098,0.1618694425983147,0.010849732220838737,0.17570673408411874,35.82
ITL2,TLL4,Mid and South West Wales,887279.0,0.005718991059558812,0.08578486589338219,0.005735375708590729,0.08957189901207463,32.25
ITL2,TLL5,South East Wales,1467018.0,0.007712601657467507,0.1156890248620126,0.007742420380312032,0.12264670263128963,36.5
ITL2,TLH5,Norfolk,846355.0,0.008599150923131068,0.12898726384696602,0.00863622982759038,0.13767563446247677,37.06
ITL2,TLH6,Suffolk,718183.0,0.004877250345759343,0.07315875518639015,0.004889163491150095,0.07590132827324525,38.78
ITL2,TLI3,Inner London - West,1078732.0,0.0009105832620693496,0.013658748931040243,0.0009109979688735059,0.013752455795678076,64.56
ITL2,TLI4,Inner London - East,2055661.0,-0.0039049175581444234,-0.058573763372166354,-0.0038973032818412356,-0.056891329042029315,50.89
ITL2,TLI5,Outer London - East and North East,1704071.0,-0.013376080520673562,-0.20064120781010342,-0.013287018299018127,-0.18179405520169856,40.76
ITL2,TLI6,Outer London - South,1203297.0,0.0015031793165047583,0.022547689747571376,0.0015043096568305714,0.022803810256903034,44.4
ITL2,TLI7,Outer London - West and North West,1900833.0,0.00046462355751935767,0.006969353362790365,0.0004647315117631834,0.0069936958234828595,45.23
ITL2,TLE3,South Yorkshire,1323855.0,0.004875585373264239,0.07313378059896358,0.0048874903797251346,0.07587445841699303,33.77
ITL2,TLE4,West Yorkshire,2197607.0,0.00695326102582623,0.10429891538739344,0.006977491071995523,0.10993218114198222,37.33
ITL2,TLF1,Derbyshire and Nottinghamshire,2083210.0,0.001058274182262764,0.01587411273394146,0.0010588343519721821,0.01600077579518988,35.62
ITL2,TLF2,"Leicestershire, Rutland and Northamptonshire",1682844.0,0.0026644321434552273,0.03996648215182841,0.0026679848974353604,0.04077588903952445,35.85
ITL2,TLF3,Lincolnshire,705599.0,0.004102874352872081,0.06154311529308121,0.004111302664675742,0.06347634763476373,34.98
ITL2,TLM0,Eastern Scotland,905770.0,0.004744155066711168,0.07116232600066752,0.004755426387608619,0.07375551016019766,38.18
ITL2,TLM1,East Central Scotland,970720.0,0.014390159656111005,0.21585239484166507,0.014494196439878149,0.2409191994069686,50.42
ITL2,TLM2,Highlands and Islands,488749.0,0.01332983755314198,0.1999475632971297,0.013419075907819211,0.22133871350581513,39.68
ITL2,TLM3,West Central Scotland,1457490.0,0.014081776895755146,0.21122665343632718,0.014181392153418626,0.23519228391245162,39.67
ITL2,TLM5,North Eastern Scotland,466040.0,-0.0018000123234820956,-0.027000184852231435,-0.001798393272882448,-0.026638938403644064,38.48
ITL2,TLM9,Southern Scotland,943131.0,0.0009154116508764669,0.013731174763147003,0.0009158307680001698,0.013825880319723316,37.01
ITL2,TLN0,Northern Ireland,1793333.0,0.008521311206195866,0.127819668092938,0.008557720924565082,0.13634806440561875,36.88
ITL3,TLC31,Hartlepool and Stockton-on-Tees,281508.0,0.004826645455367876,0.07239968183051815,0.004838312471842077,0.07508495012605487,39.7
ITL3,TLC32,South Teesside,273140.0,0.007194224718001685,0.10791337077002527,0.0072201653228494145,0.11395124046826344,32.92
ITL3,TLC33,Darlington,104355.0,0.026139166429581393,0.3920874964437209,0.026483790617959357,0.48006720635405586,31.11
ITL3,TLC41,Durham,507311.0,-8.016836320313321e-05,-0.0012025254480469982,-8.016514980579981e-05,-0.0012018027040554546,36.02
ITL3,TLC42,Northumberland,314489.0,0.011110467949889902,0.16665701924834853,0.011172418419241215,0.1813490158425346,34.87
ITL3,TLC43,Tyneside,818429.0,0.013570027923728568,0.2035504188559285,0.013662518646351485,0.22574695684249324,35.73
ITL3,TLC44,Sunderland,276209.0,0.0033925122158262747,0.05088768323739412,0.003398273298399035,0.052204706419921365,37.84
ITL3,TLD13,Cumberland,274005.0,0.0016959347601366896,0.025439021402050344,0.0016973736708099096,0.0257653546301575,32.07
ITL3,TLD14,Westmorland and Furness,226781.0,0.016142134038361355,0.24213201057542033,0.016273122144091712,0.27396235822011716,41.41
ITL3,TLD33,Manchester,483784.0,0.013281800312948455,0.19922700469422683,0.013370395221505404,0.22045898437500022,44.77
ITL3,TLD34,Greater Manchester South West,452013.0,0.003607897856211532,0.05411846784317298,0.003614414154037515,0.05560965054635991,41.26
ITL3,TLD35,Greater Manchester South East,499680.0,0.014828149714657771,0.22242224571986657,0.014938632134475327,0.24909869310500166,37.97
ITL3,TLD36,Greater Manchester North West,587412.0,0.014141136090976936,0.21211704136465404,0.01424159493144228,0.23629257398101533,36.36
ITL3,TLD37,Greater Manchester North East,616944.0,0.007798736445389665,0.11698104668084497,0.007829225798401174,0.12409812409812404,33.15
ITL3,TLD41,Blackburn with Darwen,146197.0,0.015271905859006611,0.22907858788509916,0.015389117334017044,0.2574408547443401,33.27
ITL3,TLD42,Blackpool,142578.0,-0.0011392747864195012,-0.017089121796292517,-0.0011386260592829434,-0.016943930991989653,30.25
ITL3,TLD44,Lancaster and Wyre,244070.0,0.014690276615108763,0.22035414922663143,0.014798709045447556,0.24651810584958245,37.07
ITL3,TLD45,Mid Lancashire,379010.0,-0.0002216860896781488,-0.003325291345172232,-0.0002216615191326099,-0.0033197686870853893,40.99
ITL3,TLD46,East Lancashire,324796.0,0.011994596472784735,0.17991894709177103,0.012066820120696375,0.19712032910524457,36.59
ITL3,TLD47,Chorley and West Lancashire,216265.0,0.0018986479282174192,0.028479718923261288,0.0019004515014646728,0.028889143643242132,37.49
ITL3,TLD61,Warrington,200057.0,0.0016297558333234837,0.024446337499852255,0.0016310846071225793,0.024747599113519092,37.73
ITL3,TLD62,Cheshire East,368023.0,-0.0002607386334502119,-0.0039110795017531785,-0.0002607046440868954,-0.0039034411915761513,47.43
ITL3,TLD63,Cheshire West and Chester,329116.0,0.004805360986949067,0.07208041480423599,0.004816925250122894,0.0747417657376721,47.88
ITL3,TLD71,East Merseyside,445978.0,0.005558773929270089,0.08338160893905133,0.005574252580552219,0.08695652173913082,38.53
ITL3,TLD72,Liverpool,457523.0,0.0013006658128428346,0.01950998719264252,0.0013015120454700213,0.019701550765629294,37.48
ITL3,TLD73,Sefton,274153.0,0.0030489317109061885,0.04573397566359283,0.0030535844306016635,0.046795900728485273,36.2
ITL3,TLD74,Wirral,317771.0,0.005168768570017986,0.07753152855026979,0.005182149699002325,0.08061630218687821,36.01
ITL3,TLE11,"Kingston upon Hull, City of",256079.0,-0.008571208639750043,-0.12856812959625064,-0.008534580554668048,-0.12064634963161391,34.02
ITL3,TLE12,East Riding of Yorkshire,332748.0,-0.002747050917575322,-0.04120576376362983,-0.0027432812258385564,-0.040368347788842796,40.77
ITL3,TLE13,North and North East Lincolnshire,324261.0,0.009709760947124835,0.14564641420687252,0.009757053618862033,0.15678709224833431,40.57
ITL3,TLE21,York,192398.0,-0.0015127831399275613,-0.022691747098913417,-0.0015116394602990857,-0.022436225796537812,43.52
ITL3,TLG13,Warwickshire CC,542131.0,0.01128249107979323,0.16923736619689844,0.011346378425673098,0.18440124237892586,42.34
ITL3,TLG21,Telford and Wrekin,164889.0,-0.004988233605669853,-0.07482350408504779,-0.004975813029245102,-0.07209275628515688,34.96
ITL3,TLG22,Shropshire,302069.0,-0.008686266481199745,-0.13029399721799617,-0.008648649863291391,-0.12216268874817304,32.36
ITL3,TLG23,Stoke-on-Trent,245869.0,0.007266801033084688,0.10900201549627031,0.007293268303666167,0.11516459794927081,33.01
ITL3,TLG24,Staffordshire CC,841270.0,-0.0022626299547357696,-0.03393944932103654,-0.00226007213707502,-0.03336996702967354,33.66
ITL3,TLG31,Birmingham,1050072.0,-0.0013741898162720645,-0.020612847244080967,-0.0013732460498007137,-0.020401854714065637,35.14
ITL3,TLG32,Solihull,205470.0,-0.007986220333537552,-0.11979330500306329,-0.007954415199849296,-0.11289622231871488,41.8
ITL3,TLG33,Coventry,307393.0,-0.0018496021541510052,-0.027744032312265077,-0.0018478926941893903,-0.02736270133902552,40.39
ITL3,TLG36,Dudley,311088.0,0.00500413459829178,0.0750620189743767,0.00501667619104329,0.07795100222717077,31.91
ITL3,TLG37,Sandwell,302303.0,0.006656151978229078,0.09984227967343617,0.006678353389127922,0.1049966239027682,32.84
ITL3,TLG38,Walsall,264774.0,0.006874181409552035,0.10311272114328052,0.006897862826931833,0.10861636653749662,31.2
ITL3,TLG39,Wolverhampton,246016.0,0.009499132480532838,0.14248698720799258,0.00954439243606342,0.1531380753138072,35.29
ITL3,TLH21,Luton,195449.0,0.006995385186087155,0.10493077779130733,0.007019910046634159,0.11063372717508058,34.12
ITL3,TLH24,Bedford,154808.0,0.00025496413777622944,0.0038244620666434415,0.0002549966438945006,0.003831784653702597,33.6
ITL3,TLH25,Central Bedfordshire,250329.0,0.007417104836363405,0.11125657254545107,0.007444679691477996,0.11768163649188756,38.98
ITL3,TLH26,North and East Hertfordshire,544331.0,0.0062521974876921975,0.09378296231538297,0.006271783271191156,0.09832134292565886,42.5
ITL3,TLH27,South West Hertfordshire,552268.0,0.00446819221679983,0.06702288325199746,0.004478189471982974,0.06931994741245373,44.63
ITL3,TLH31,Southend-on-Sea,170013.0,0.004346774648448874,0.0652016197267331,0.004356235576578271,0.06737420638680902,31.29
ITL3,TLH32,Thurrock,155003.0,0.0028058143493320032,0.04208721523998005,0.0028097543305036776,0.042985439009504134,40.17
ITL3,TLH34,Essex Haven Gateway,453209.0,0.009020225512450075,0.13530338268675113,0.009061030343912257,0.14488406967354983,39.02
ITL3,TLH35,West Essex,281308.0,-0.002751694842728251,-0.041275422640923765,-0.0027479124006453137,-0.04043519232416681,38.62
ITL3,TLH36,Heart of Essex,300686.0,0.007213681378258189,0.10820522067387284,0.007239762654058124,0.11427639447645999,42.38
ITL3,TLH37,Essex Thames Gateway,344300.0,-0.002133515405744942,-0.03200273108617413,-0.0021312410794759318,-0.03149606299212637,40.89
ITL3,TLH41,Peterborough,178963.0,0.0053701467159312346,0.08055220073896852,0.005384591799637128,0.08388542478565841,38.34
ITL3,TLH42,Cambridgeshire CC,606238.0,0.0027790661984171314,0.04168599297625697,0.0027829313825895596,0.04256705396894356,40.99
ITL3,TLJ14,Oxfordshire CC,643095.0,-0.0011237544230729905,-0.016856316346094857,-0.001123123247522173,-0.01671504353918518,41.49
ITL3,TLJ15,Berkshire East,389082.0,0.011115957270373992,0.16673935905560988,0.011177969083945305,0.1814462918975983,56.81
ITL3,TLJ16,Berkshire West,459530.0,0.027286486879826023,0.4092973031973903,0.02766217232423185,0.5057593210063653,52.96
ITL3,TLJ21,Brighton and Hove,265584.0,0.025400762077947666,0.381011431169215,0.025726110291737214,0.4637643378519294,47.2
ITL3,TLJ22,East Sussex CC,520370.0,0.009550413253604855,0.1432561988040728,0.009596163980389205,0.15402542372881278,33.35
ITL3,TLJ25,West Surrey,738794.0,0.006256764459054942,0.09385146688582413,0.006276378896102441,0.09839658553466424,54.08
ITL3,TLJ26,East Surrey,374871.0,-0.002856905494908446,-0.04285358242362669,-0.0028528284239313084,-0.04194834460045094,53.46
ITL3,TLJ27,West Sussex (South West),425197.0,0.0101499958868299,0.15224993830244848,0.010201681817731956,0.16445124103046704,42.87
ITL3,TLJ28,West Sussex (North East),370842.0,0.010604312975312466,0.15906469462968698,0.01066073797522793,0.17241379310344773,37.94
ITL3,TLJ31,Portsmouth,198983.0,0.0053866995402181315,0.08080049310327198,0.0054012338918625336,0.08415457867345744,41.59
ITL3,TLJ32,Southampton,230017.0,-0.0006215304440852757,-0.009322956661279136,-0.0006213373340487882,-0.009279632641347235,47.18
ITL3,TLJ34,Isle of Wight,138361.0,0.005495970578365572,0.08243955867548358,0.005511101130988738,0.08593303622443083,35.46
ITL3,TLJ35,South Hampshire,434564.0,0.014166934915526083,0.21250402373289123,0.014267761509932475,0.23677108999178653,44.43
ITL3,TLJ36,Central Hampshire,519449.0,0.010625669355543247,0.1593850403331487,0.010682322260712862,0.17278943098852673,42.15
ITL3,TLJ37,North Hampshire,347693.0,0.020966358447393377,0.31449537671090066,0.021187696720035065,0.3695680206318508,64.49
ITL3,TLJ41,Medway,260230.0,0.0017879124746369138,0.026818687119553708,0.0017895117431208085,0.027181544633901877,39.16
ITL3,TLJ43,Kent Thames Gateway,328484.0,-0.012935775922536467,-0.194036638838047,-0.012852468375989412,-0.17637227304714953,35.04
ITL3,TLJ44,East Kent,494510.0,0.004464222549777593,0.0669633382466639,0.004474202035954056,0.06925627664613865,35.32
ITL3,TLJ45,Mid Kent,267288.0,-0.004095267713087066,-0.06142901569630599,-0.004086893539660297,-0.05958030159232364,34.2
ITL3,TLJ46,West Kent,344987.0,0.009806040648270554,0.1470906097240583,0.009854277406477818,0.15845892591806465,46.24
ITL3,TLK30,Cornwall and Isles of Scilly,528616.0,0.010974017582555066,0.164610263738326,0.011034452984240328,0.17893355600620242,32.74
ITL3,TLK41,Plymouth,253116.0,-0.001994644494807633,-0.029919667422114493,-0.0019926565134690266,-0.02947650492870124,33.97
ITL3,TLK42,Torbay,131641.0,-0.008481120346693889,-0.12721680520040834,-0.008445257103967818,-0.11945725434551191,27.68
ITL3,TLK43,Devon CC,740988.0,0.006948947911526678,0.10423421867290017,0.0069731478723458196,0.109860374499404,35.63
ITL3,TLK51,"Bristol, City of",418990.0,-0.0028356350864510676,-0.04253452629676602,-0.0028316184707284364,-0.04164262358145798,36.57
ITL3,TLK52,Bath & North East Somerset and South Gloucestershire,433090.0,0.012588189588504347,0.1888228438275652,0.012667754355335514,0.2078269595272615,48.99
ITL3,TLK61,North Somerset,201711.0,0.012829743154416857,0.19244614731625287,0.012912397408495924,0.21221122112211277,35.88
ITL3,TLK62,Somerset,526592.0,0.003956878763158341,0.059353181447375114,0.0039647175435559845,0.061149953041844896,34.53
ITL3,TLK63,"Bournemouth, Christchurch and Poole",366948.0,0.0007273298435755748,0.010909947653633623,0.0007275944120652689,0.010969678153782025,39.45
ITL3,TLK64,Dorset,363567.0,-0.004249324621839712,-0.06373986932759568,-0.004240309016567356,-0.06175096485882636,35.43
ITL3,TLK71,Swindon,204371.0,0.00399732994288294,0.059959949143244096,0.004005329922186274,0.061794019933555155,62.05
ITL3,TLK72,Wiltshire,466711.0,0.004262116427250717,0.06393174640876076,0.004271212163241334,0.06601963660986421,40.66
ITL3,TLK73,Gloucestershire CC,590480.0,0.003108420920090005,0.04662631380135007,0.003113257070029851,0.04773041352184593,40.77
ITL3,TLL31,Isle of Anglesey,69884.0,0.006569498787627322,0.09854248181440983,0.006591125277248588,0.10356128468429038,34.48
ITL3,TLL32,Gwynedd,120344.0,-0.00365657492851561,-0.05484862392773415,-0.0036498977993653092,-0.05337156599759496,29.27
ITL3,TLL33,Conwy and Denbighshire,209067.0,0.008319593550260447,0.12479390325390671,0.008354297542958244,0.13291493892188777,30.0
ITL3,TLL34,Flintshire and Wrexham,285280.0,0.017563030414755983,0.26344545622133975,0.017718167327383405,0.301406309388065,42.68
ITL3,TLL41,Mid Wales,207732.0,0.008659279618996922,0.12988919428495382,0.008696879632071663,0.13870220162224856,28.27
ITL3,TLL42,South West Wales,304409.0,0.007471872298244679,0.11207808447367018,0.007499856390500437,0.1186002025430406,32.3
ITL3,TLL43,Swansea,235601.0,0.0016835077874101027,0.02525261681115154,0.001684925682212679,0.025574165078728228,34.69
ITL3,TLL44,Neath Port Talbot,139537.0,0.004031545997475069,0.06047318996212603,0.004039683611086087,0.062339115836598014,34.21
ITL3,TLL51,Central Valleys and Bridgend,430682.0,0.0052170431548801115,0.07825564732320167,0.00523067562126478,0.08139908011552066,35.24
ITL3,TLL52,Cardiff and Vale of Glamorgan,463818.0,0.006746978454913943,0.10120467682370915,0.006769790589517655,0.10650309412658787,37.93
ITL3,TLH51,Norwich and East Norfolk,349452.0,0.010739676812004599,0.16109515218006898,0.010797554150086652,0.17479674796747924,37.2
ITL3,TLH52,North and West Norfolk,246984.0,0.0015331024267069893,0.02299653640060484,0.0015342782290306278,0.023262995367987926,33.63
ITL3,TLH53,Breckland and South Norfolk,249919.0,0.0111539977906468,0.167309966859702,0.011216435551615334,0.18212062674393725,40.29
ITL3,TLH61,Babergh and Mid Suffolk,182661.0,0.0049321443611908345,0.07398216541786251,0.0049443274064682186,0.07678760126805129,40.31
ITL3,TLH62,Ipswich,129320.0,0.006040617489445843,0.09060926234168765,0.006058898810892277,0.09484112601184003,42.52
ITL3,TLH63,East Suffolk,239877.0,0.013307358578202866,0.199610378673043,0.013396295541849623,0.22092696629213493,38.33
ITL3,TLH64,West Suffolk,166325.0,-0.0043973501601091885,-0.06596025240163783,-0.004387695972026373,-0.06383192601527976,35.65
ITL3,TLI33,Kensington & Chelsea and Hammersmith & Fulham,342009.0,0.01396118970895562,0.2094178456343343,0.014059102245880473,0.23296007789678597,48.45
ITL3,TLI34,Wandsworth,299347.0,0.0002911064962275963,0.004366597443413944,0.00029114887183556704,0.004376144921636849,35.39
ITL3,TLI35,Westminster and City of London,224452.0,-0.006117841219824704,-0.09176761829737057,-0.006099165334006007,-0.08768286927796176,71.21
ITL3,TLI36,Camden,212924.0,0.015542470874889958,0.23313706312334936,0.01566388327602586,0.2625545171339565,59.44
ITL3,TLI41,Hackney and Newham,523069.0,-0.007171744925060667,-0.10757617387591001,-0.007146089330855254,-0.10199188491331623,37.41
ITL3,TLI42,Tower Hamlets,240495.0,-0.0267437665133075,-0.4011564976996125,-0.026389318774898696,-0.3304547294562137,72.96
ITL3,TLI43,Haringey and Islington,446509.0,0.020072845203838164,0.30109267805757245,0.020275659508202093,0.351334574798261,52.0
ITL3,TLI44,Lewisham and Southwark,551538.0,0.006323818749723919,0.0948572812458588,0.0063438563072060195,0.09950192438306549,41.21
ITL3,TLI45,Lambeth,294050.0,-0.0013568414078243645,-0.020352621117365466,-0.0013559213147085192,-0.020146904512067132,54.12
ITL3,TLI51,Bexley and Greenwich,471818.0,-0.014234204516625463,-0.21351306774938195,-0.014133377193358165,-0.19225839528326072,43.11
ITL3,TLI52,Barking & Dagenham and Havering,411707.0,-0.014571806776796889,-0.21857710165195332,-0.014466151817551953,-0.19633848657445085,39.9
ITL3,TLI53,Redbridge and Waltham Forest,518575.0,-0.020283867456235782,-0.30425801184353674,-0.020079533708414976,-0.26232948583420745,35.92
ITL3,TLI54,Enfield,301971.0,0.001102070238199578,0.01653105357299367,0.001102677740754121,0.016668447483705773,46.53
ITL3,TLI61,Bromley,306924.0,-0.0046751218415269115,-0.07012682762290368,-0.004664210470029961,-0.06772442588726557,42.92
ITL3,TLI62,Croydon,352763.0,0.01014325236503216,0.15214878547548238,0.010194869523639793,0.16433345945264266,51.92
ITL3,TLI63,"Merton, Kingston upon Thames and Sutton",543610.0,-0.0004891366325728915,-0.007337049488593372,-0.0004890170247525694,-0.0073101990487938195,41.1
ITL3,TLI71,Barnet,345829.0,0.008103052592193728,0.1215457888829059,0.00813597117645104,0.1292410714285721,42.73
ITL3,TLI72,Brent,298118.0,0.0019431645757360745,0.02914746863604112,0.0019450537434766435,0.02957641350998319,45.02
ITL3,TLI73,Ealing,329966.0,-0.0059295129319297145,-0.08894269397894572,-0.005911968064758577,-0.08510199876365132,41.76
ITL3,TLI74,Harrow and Hillingdon,499160.0,-0.0010037289925911945,-0.015055934888867917,-0.0010032254251417516,-0.014943160982764603,39.97
ITL3,TLI75,Hounslow and Richmond upon Thames,427760.0,-0.0012043000434644568,-0.018064500651966853,-0.0012035751651866544,-0.017902315625607734,54.68
ITL3,TLJ12,Milton Keynes,240178.0,0.004976880394369706,0.07465320591554558,0.004989285634861007,0.07751041184636698,50.59
ITL3,TLJ13,Buckinghamshire,498813.0,-0.005967268579615788,-0.08950902869423683,-0.005949499793739488,-0.08561999057048586,40.15
ITL3,TLE22,North Yorkshire,596396.0,-0.0008479867123958466,-0.012719800685937699,-0.0008476272732707013,-0.012639245929733756,36.36
ITL3,TLE32,Sheffield,538385.0,0.005146142740814833,0.0771921411122225,0.005159406876653838,0.08024961681629095,36.08
ITL3,TLE33,Barnsley,228973.0,0.0019349237217534565,0.029023855826301848,0.001936796894612014,0.029449152542372792,34.03
ITL3,TLE34,Rotherham,256313.0,0.009455181205279455,0.1418277180791918,0.009500022647652484,0.15237809752198261,33.03
ITL3,TLE35,Doncaster,300184.0,0.0031638435612751556,0.04745765341912733,0.003168853796788884,0.048601795480342824,29.81
ITL3,TLE41,Bradford,512392.0,0.002889849498008227,0.04334774247012341,0.0028940291382761885,0.044300979519144246,33.46
ITL3,TLE42,Leeds,743885.0,0.008154605989602891,0.12231908984404338,0.008187945350526693,0.13011465236141828,41.47
ITL3,TLE44,Calderdale and Kirklees,616863.0,0.006682372301171391,0.10023558451757086,0.006704749166704271,0.10543130990415306,33.33
ITL3,TLE45,Wakefield,324467.0,0.004314350594146354,0.06471525891219532,0.004323670803400681,0.06685520361990904,36.15
ITL3,TLF11,Derby,243980.0,-0.011715578706138057,-0.17573368059207084,-0.011647218534015624,-0.1611586466755638,38.02
ITL3,TLF12,East Derbyshire,276735.0,0.0007133970001896491,0.010700955002844736,0.0007136515283525657,0.010758414997869892,37.75
ITL3,TLF13,South and West Derbyshire,487582.0,0.008847513618930472,0.1327127042839571,0.00888676855166004,0.14192188193519795,37.19
ITL3,TLF14,Nottingham,294808.0,-3.177478095833427e-05,-0.000476621714375014,-3.177427614531325e-05,-0.00047650814828914534,33.88
ITL3,TLF15,North Nottinghamshire,448063.0,0.002408159723715168,0.03612239585572752,0.002411061669324699,0.036782736635605495,31.06
ITL3,TLF16,South Nottinghamshire,332042.0,0.01027671198848387,0.15415067982725805,0.01032969874746792,0.1666666666666663,39.52
ITL3,TLF21,Leicester,319708.0,0.00628238071577177,0.09423571073657655,0.006302156260310721,0.09881871876419845,35.47
ITL3,TLF22,Leicestershire CC and Rutland,679672.0,0.00010505928173110135,0.0015758892259665203,0.00010506480065064494,0.0015771315919175244,36.38
ITL3,TLF24,West Northamptonshire,371268.0,0.005195821439030309,0.07793732158545463,0.005209343127860144,0.0810548977395047,38.21
ITL3,TLF25,North Northamptonshire,312196.0,-0.006538242940457136,-0.09807364410685704,-0.006516915137516843,-0.09341786313630474,31.57
ITL3,TLF30,Lincolnshire CC,705599.0,0.004603958716559357,0.06905938074839035,0.004614573217814888,0.07149983372131663,34.98
ITL3,TLG11,"Herefordshire, County of",182367.0,0.017792081359756236,0.26688122039634354,0.017951303334345692,0.3058853245769124,32.93
ITL3,TLG12,Worcestershire CC,562296.0,0.016857047402621284,0.25285571103931925,0.016999929151916282,0.2876974629009099,38.4
ITL3,TLL53,Gwent Valleys,338208.0,0.006755631296351083,0.10133446944526625,0.006778502046568713,0.10664671938448333,33.7
ITL3,TLL54,Monmouthshire and Newport,234310.0,0.013931378744164983,0.20897068116247475,0.014028872616277388,0.23240886520528026,37.78
ITL3,TLM01,Clackmannanshire and Fife,412710.0,0.005118768269109471,0.07678152403664207,0.005131891545521405,0.07980613893376365,38.51
ITL3,TLM02,"Perth and Kinross, and Stirling",233060.0,0.002684205822240789,0.040263087333611836,0.002687811528119255,0.041084634346754356,39.85
ITL3,TLM03,Angus and Dundee City,260000.0,0.006264855843247356,0.09397283764871034,0.0062845210978286214,0.09852990685669383,36.01
ITL3,TLM11,East Lothian and Midlothian,180240.0,0.010895635423656281,0.1634345313548442,0.010955209026791257,0.17754826017459746,37.05
ITL3,TLM12,Falkirk,154210.0,-0.0068763188704190036,-0.10314478305628505,-0.006852731086489983,-0.09800362976406474,38.69
ITL3,TLM13,City of Edinburgh,463230.0,0.015161846525425264,0.22742769788137895,0.015277370433945059,0.25536667080282904,56.26
ITL3,TLM14,West Lothian,173040.0,0.030525071776479548,0.4578760766471932,0.030995738619454816,0.5807131036557842,46.49
ITL3,TLM20,Highlands and Islands,488749.0,0.01332983755314198,0.1999475632971297,0.013419075907819211,0.22133871350581513,39.68
ITL3,TLM31,East Dunbartonshire and West Dunbartonshire,196040.0,0.013605489262430126,0.2040823389364519,0.013698465113605396,0.2263991296990202,40.06
ITL3,TLM32,Glasgow City,581620.0,0.012079606878798721,0.18119410318198081,0.012152859989078335,0.19864781807006748,38.56
ITL3,TLM33,"Inverclyde, East Renfrewshire, and Renfrewshire",344670.0,0.014191726704097362,0.21287590056146044,0.014292907333534055,0.2372311020310065,37.47
ITL3,TLM34,North Lanarkshire,335160.0,0.020512548929813926,0.3076882339472089,0.020724377161392527,0.3602768346826848,45.28
ITL3,TLM50,Aberdeen City and Aberdeenshire,466040.0,-0.001767526707937428,-0.02651290061906142,-0.0017659655525358309,-0.026164519326065783,38.48
ITL3,TLM91,Scottish Borders,113590.0,0.016013166250779302,0.24019749376168953,0.01614206409926444,0.2715002388915433,36.89
ITL3,TLM92,Dumfries and Galloway,151160.0,-0.0008242161158868555,-0.012363241738302833,-0.0008238765430842454,-0.012287130847165373,36.54
ITL3,TLM93,North Ayrshire and East Ayrshire,253711.0,0.0009381694839268799,0.014072542258903198,0.0009386097025729789,0.014172026599803988,37.85
ITL3,TLM94,South Ayrshire,112490.0,0.002516021865523162,0.03774032798284743,0.0025191897047642797,0.03846153846153899,35.5
ITL3,TLM95,South Lanarkshire,312180.0,-0.0029669556440215556,-0.04450433466032333,-0.0029625585808301658,-0.04352854589422739,37.41
ITL3,TLN06,Belfast,331763.0,0.006293841950658733,0.094407629259881,0.006313689791785038,0.0990076422949695,38.54
ITL3,TLN07,"Armagh City, Banbridge and Craigavon",196203.0,0.015565283387377112,0.23347925081065668,0.015687053385329053,0.2629866216704837,33.75
ITL3,TLN08,"Newry, Mourne and Down",169652.0,0.003355005592501037,0.050325083887515554,0.0033606399230721173,0.05161290322580636,35.95
ITL3,TLN09,Ards and North Down,156058.0,0.015151774332922467,0.227276614993837,0.015267144416325706,0.2551770207080828,39.02
ITL3,TLN0A,Derry City and Strabane,148053.0,0.010856607321060885,0.16284910981591327,0.01091575413310375,0.17685909980430514,37.59
ITL3,TLN0B,Mid Ulster,135408.0,0.004967021646683574,0.07450532470025362,0.004979377747906355,0.07735108007855152,40.78
ITL3,TLN0C,Causeway Coast and Glens,139616.0,0.003135174740219308,0.04702762110328962,0.00314009454067965,0.04815095976575168,35.55
ITL3,TLN0D,Antrim and Newtownabbey,137422.0,0.002747879888082257,0.041218198321233857,0.002751658770534293,0.04207946072924118,41.33
ITL3,TLN0E,Lisburn and Castlereagh,132386.0,0.018706373852878617,0.28059560779317927,0.0188824341674505,0.32391811350090705,38.22
ITL3,TLN0F,Mid and East Antrim,134774.0,-0.016845720922098077,-0.25268581383147115,-0.016704625162968445,-0.22328812437975532,39.12
ITL3,TLN0G,Fermanagh and Omagh,111998.0,0.015744456633609318,0.2361668495041398,0.015869053636141217,0.2663855883480255,38.55
National,TLB,England,52196381.0,0.004396135342659413,0.0659420301398912,0.0044058125211672294,0.06816479400749054,42.39
National,UKX,United Kingdom,62260486.0,0.005145439648435494,0.07718159472653241,0.005158700156983276,0.08023822414726633,41.87
MCA,E47000006,Tees Valley,659003.0,0.009769341883981219,0.1465401282597183,0.009817217682411838,0.15782139124375738,35.37
MCA,E47000014,North East,1916438.0,0.008745514299196877,0.13118271448795316,0.008783868035560083,0.14017608897126999,35.97
MCA,E47000001,Greater Manchester,2639833.0,0.012095041436865787,0.1814256215529868,0.012168482241729617,0.19892535918701104,39.77
MCA,E47000018,Lancashire,1452916.0,0.004571154097704048,0.06856731146556072,0.004581617760192502,0.07097271126760529,37.25
MCA,E47000004,Liverpool City Region,1495425.0,0.0035829120291066847,0.05374368043660027,0.0035893383310769966,0.05521409547223888,37.33
MCA,E47000016,Hull and East Yorkshire,588827.0,-0.005419380378225291,-0.08129070567337937,-0.005404722028062747,-0.07807435653002837,37.45
MCA,E47000017,Greater Lincolnshire,1029860.0,0.0062669542680056384,0.09400431402008458,0.0062866327123971555,0.0985644851362042,36.73
MCA,E47000012,York and North Yorkshire,788794.0,-0.00195708078655444,-0.0293562117983166,-0.001955166952664622,-0.028929503916448995,38.18
MCA,E47000007,West Midlands,2687116.0,0.001645491256022602,0.02468236884033903,0.0016468458196317037,0.024989500209995352,35.72
MCA,E47000008,Cambridgeshire and Peterborough,785201.0,0.0034728282922637634,0.05209242438395645,0.0034788655471977847,0.05347310461668808,40.29
MCA,E47000015,Devon and Torbay,872629.0,0.0045249431144252245,0.06787414671637837,0.004535196128454766,0.0702306079664563,34.4
MCA,E47000009,West of England,852080.0,0.004428099579625903,0.06642149369438854,0.004437918099681637,0.06867706289373121,42.01
MCA,E61000001,Greater London,7942594.0,-0.0016625965564834645,-0.024938948347251966,-0.0016612152084761744,-0.02463054187192104,53.2
MCA,E47000002,South Yorkshire,1323855.0,0.004875585373264239,0.07313378059896358,0.0048874903797251346,0.07587445841699303,33.77
MCA,E47000003,West Yorkshire,2197607.0,0.00695326102582623,0.10429891538739344,0.006977491071995523,0.10993218114198222,37.33
MCA,E47000013,East Midlands,2083210.0,0.001058274182262764,0.01587411273394146,0.0010588343519721821,0.01600077579518988,35.62
ITL1,TLC,North East,2586868.0,0.008636465234553666,0.129546978518305,0.008673867096182342,0.13831258644536648,35.82
ITL1,TLD,North West,7019921.0,0.007211408780660852,0.10817113170991277,0.007237473605994804,0.11423841059602635,39.31
ITL1,TLE,Yorkshire and The Humber,5254788.0,0.003977569689125637,0.05966354533688456,0.003985490718107831,0.06147934678194078,36.82
ITL1,TLG,West Midlands,5565866.0,0.004183968555709564,0.06275952833564347,0.004192733572068175,0.06477076124567493,36.02
ITL1,TLH,East,5807402.0,0.004820711175064514,0.07231066762596772,0.004832349497329247,0.07498925655350197,39.69
ITL1,TLJ,South East,8577771.0,0.007557111820086308,0.11335667730129462,0.007585738856752844,0.1200313514723994,45.22
ITL1,TLK,South West,5261270.0,0.0038607457856720375,0.05791118678508056,0.003868208064913503,0.059620883193899576,38.75
ITL1,TLL,Wales,3049971.0,0.007419300423055652,0.11128950634583479,0.007446891626037955,0.11771844660194142,35.15
ITL1,TLI,London,8061495.0,-0.0007680961253223373,-0.01152144187983506,-0.0007678012150047486,-0.011455324235481679,53.96
ITL1,TLF,East Midlands,4507071.0,0.0021958372513251946,0.03293755876987792,0.002198249867523261,0.03348600508905886,35.61
ITL1,TLM,Scotland,5262200.0,0.009157804604962412,0.1373670690744362,0.00919986559495145,0.14724919093851074,41.28
ITL1,TLN,Northern Ireland,1804833.0,0.008521311206195866,0.127819668092938,0.008557720924565082,0.13634806440561875,36.88
ITL2,TLC3,Tees Valley,660753.0,0.009769341883981219,0.1465401282597183,0.009817217682411838,0.15782139124375738,35.37
ITL2,TLC4,"Northumberland, Durham and Tyne & Wear",1926115.0,0.008745514299196877,0.13118271448795316,0.008783868035560083,0.14017608897126999,35.97
ITL2,TLD1,Cumbria,500165.0,0.00982776238237939,0.14741643573569085,0.009876213430823677,0.15883644346871573,36.25
ITL2,TLD3,Greater Manchester,2661841.0,0.012095041436865787,0.1814256215529868,0.012168482241729617,0.19892535918701104,39.77
ITL2,TLD4,Lancashire,1457298.0,0.004571154097704048,0.06856731146556072,0.004581617760192502,0.07097271126760529,37.25
ITL2,TLD6,Cheshire,899913.0,0.00020068872095677648,0.003010330814351647,0.00020070886028533685,0.003014866410230299,44.58
ITL2,TLD7,Merseyside,1500704.0,0.0035829120291066847,0.05374368043660027,0.0035893383310769966,0.05521409547223888,37.33
ITL2,TLE1,East Yorkshire and Northern Lincolnshire,915263.0,0.0009573661776622444,0.014360492664933666,0.0009578245989418921,0.014464099895941995,38.56
ITL2,TLE2,North Yorkshire,794098.0,-0.00195708078655444,-0.0293562117983166,-0.001955166952664622,-0.028929503916448995,38.18
ITL2,TLG1,"Herefordshire, Worcestershire and Warwickshire",1291111.0,0.01587282012304101,0.23809230184561514,0.01599946250236095,0.2688263024295907,39.61
ITL2,TLG2,Shropshire and Staffordshire,1562817.0,-0.0024591243869932574,-0.03688686580489886,-0.002456103217602479,-0.03621483375959089,33.44
ITL2,TLG3,West Midlands,2711938.0,0.001645491256022602,0.02468236884033903,0.0016468458196317037,0.024989500209995352,35.72
ITL2,TLH2,Bedfordshire and Hertfordshire,1716219.0,0.00530256650053745,0.07953849750806175,0.00531664998815673,0.08278724333770193,41.01
ITL2,TLH3,Essex,1717620.0,0.0034527459005978755,0.05179118850896813,0.0034587134939427777,0.05315580851712576,39.41
ITL2,TLH4,Cambridgeshire and Peterborough,796661.0,0.0034728282922637634,0.05209242438395645,0.0034788655471977847,0.05347310461668808,40.29
ITL2,TLJ1,"Berkshire, Buckinghamshire and Oxfordshire",2254528.0,0.008001504106985103,0.12002256160477653,0.008033601693514747,0.12752229000469262,47.65
ITL2,TLJ2,"Surrey, East and West Sussex",2722104.0,0.008055284798829792,0.12082927198244686,0.008087815895841954,0.12843224092116934,45.89
ITL2,TLJ3,Hampshire and Isle of Wight,1886496.0,0.01138682898112459,0.17080243471686885,0.011451905689467967,0.1862563627950018,47.17
ITL2,TLJ4,Kent,1714643.0,0.00046742237927658675,0.007011335689148801,0.0004675316381395067,0.007035972648895328,37.86
ITL2,TLK3,Cornwall and Isles of Scilly,532022.0,0.010784612256042199,0.161769183840633,0.010842975807528132,0.1755888650963593,32.74
ITL2,TLK4,Devon,1129578.0,0.004375367560834024,0.06563051341251036,0.004384953456987528,0.0678320946299591,34.5
ITL2,TLK5,West of England,858782.0,0.004428099579625903,0.06642149369438854,0.004437918099681637,0.06867706289373121,42.01
ITL2,TLK6,"North Somerset, Somerset and Dorset",1469653.0,0.002272831059668749,0.03409246589503123,0.0022754158981110884,0.03468027494271997,36.26
ITL2,TLK7,Gloucestershire and Wiltshire,1271235.0,0.0033614619704891878,0.05042192955733782,0.0033671180195342654,0.051714752313554824,44.54
ITL2,TLL3,North Wales,685911.0,0.01079129617322098,0.1618694425983147,0.010849732220838737,0.17570673408411874,35.82
ITL2,TLL4,Mid and South West Wales,890022.0,0.005718991059558812,0.08578486589338219,0.005735375708590729,0.08957189901207463,32.25
ITL2,TLL5,South East Wales,1474038.0,0.007712601657467507,0.1156890248620126,0.007742420380312032,0.12264670263128963,36.5
ITL2,TLH5,Norfolk,852926.0,0.008599150923131068,0.12898726384696602,0.00863622982759038,0.13767563446247677,37.06
ITL2,TLH6,Suffolk,723976.0,0.004877250345759343,0.07315875518639015,0.004889163491150095,0.07590132827324525,38.78
ITL2,TLI3,Inner London - West,1083175.0,0.0009105832620693496,0.013658748931040243,0.0009109979688735059,0.013752455795678076,64.56
ITL2,TLI4,Inner London - East,2096253.0,-0.0039049175581444234,-0.058573763372166354,-0.0038973032818412356,-0.056891329042029315,50.89
ITL2,TLI5,Outer London - East and North East,1735699.0,-0.013376080520673562,-0.20064120781010342,-0.013287018299018127,-0.18179405520169856,40.76
ITL2,TLI6,Outer London - South,1213616.0,0.0015031793165047583,0.022547689747571376,0.0015043096568305714,0.022803810256903034,44.4
ITL2,TLI7,Outer London - West and North West,1932752.0,0.00046462355751935767,0.006969353362790365,0.0004647315117631834,0.0069936958234828595,45.23
ITL2,TLE3,South Yorkshire,1332871.0,0.004875585373264239,0.07313378059896358,0.0048874903797251346,0.07587445841699303,33.77
ITL2,TLE4,West Yorkshire,2212556.0,0.00695326102582623,0.10429891538739344,0.006977491071995523,0.10993218114198222,37.33
ITL2,TLF1,Derbyshire and Nottinghamshire,2098381.0,0.001058274182262764,0.01587411273394146,0.0010588343519721821,0.01600077579518988,35.62
ITL2,TLF2,"Leicestershire, Rutland and Northamptonshire",1696885.0,0.0026644321434552273,0.03996648215182841,0.0026679848974353604,0.04077588903952445,35.85
ITL2,TLF3,Lincolnshire,711805.0,0.004102874352872081,0.06154311529308121,0.004111302664675742,0.06347634763476373,34.98
ITL2,TLM0,Eastern Scotland,910560.0,0.004744155066711168,0.07116232600066752,0.004755426387608619,0.07375551016019766,38.18
ITL2,TLM1,East Central Scotland,980650.0,0.014390159656111005,0.21585239484166507,0.014494196439878149,0.2409191994069686,50.42
ITL2,TLM2,Highlands and Islands,490978.0,0.01332983755314198,0.1999475632971297,0.013419075907819211,0.22133871350581513,39.68
ITL2,TLM3,West Central Scotland,1464120.0,0.014081776895755146,0.21122665343632718,0.014181392153418626,0.23519228391245162,39.67
ITL2,TLM5,North Eastern Scotland,471160.0,-0.0018000123234820956,-0.027000184852231435,-0.001798393272882448,-0.026638938403644064,38.48
ITL2,TLM9,Southern Scotland,944732.0,0.0009154116508764669,0.013731174763147003,0.0009158307680001698,0.013825880319723316,37.01
ITL2,TLN0,Northern Ireland,1804833.0,0.008521311206195866,0.127819668092938,0.008557720924565082,0.13634806440561875,36.88
ITL3,TLC31,Hartlepool and Stockton-on-Tees,282675.0,0.004826645455367876,0.07239968183051815,0.004838312471842077,0.07508495012605487,39.7
ITL3,TLC32,South Teesside,273050.0,0.007194224718001685,0.10791337077002527,0.0072201653228494145,0.11395124046826344,32.92
ITL3,TLC33,Darlington,105028.0,0.026139166429581393,0.3920874964437209,0.026483790617959357,0.48006720635405586,31.11
ITL3,TLC41,Durham,510628.0,-8.016836320313321e-05,-0.0012025254480469982,-8.016514980579981e-05,-0.0012018027040554546,36.02
ITL3,TLC42,Northumberland,315463.0,0.011110467949889902,0.16665701924834853,0.011172418419241215,0.1813490158425346,34.87
ITL3,TLC43,Tyneside,824044.0,0.013570027923728568,0.2035504188559285,0.013662518646351485,0.22574695684249324,35.73
ITL3,TLC44,Sunderland,275980.0,0.0033925122158262747,0.05088768323739412,0.003398273298399035,0.052204706419921365,37.84
ITL3,TLD13,Cumberland,273915.0,0.0016959347601366896,0.025439021402050344,0.0016973736708099096,0.0257653546301575,32.07
ITL3,TLD14,Westmorland and Furness,226250.0,0.016142134038361355,0.24213201057542033,0.016273122144091712,0.27396235822011716,41.41
ITL3,TLD33,Manchester,492598.0,0.013281800312948455,0.19922700469422683,0.013370395221505404,0.22045898437500022,44.77
ITL3,TLD34,Greater Manchester South West,457071.0,0.003607897856211532,0.05411846784317298,0.003614414154037515,0.05560965054635991,41.26
ITL3,TLD35,Greater Manchester South East,501388.0,0.014828149714657771,0.22242224571986657,0.014938632134475327,0.24909869310500166,37.97
ITL3,TLD36,Greater Manchester North West,591464.0,0.014141136090976936,0.21211704136465404,0.01424159493144228,0.23629257398101533,36.36
ITL3,TLD37,Greater Manchester North East,619320.0,0.007798736445389665,0.11698104668084497,0.007829225798401174,0.12409812409812404,33.15
ITL3,TLD41,Blackburn with Darwen,146966.0,0.015271905859006611,0.22907858788509916,0.015389117334017044,0.2574408547443401,33.27
ITL3,TLD42,Blackpool,142753.0,-0.0011392747864195012,-0.017089121796292517,-0.0011386260592829434,-0.016943930991989653,30.25
ITL3,TLD44,Lancaster and Wyre,245032.0,0.014690276615108763,0.22035414922663143,0.014798709045447556,0.24651810584958245,37.07
ITL3,TLD45,Mid Lancashire,380505.0,-0.0002216860896781488,-0.003325291345172232,-0.0002216615191326099,-0.0033197686870853893,40.99
ITL3,TLD46,East Lancashire,324836.0,0.011994596472784735,0.17991894709177103,0.012066820120696375,0.19712032910524457,36.59
ITL3,TLD47,Chorley and West Lancashire,217206.0,0.0018986479282174192,0.028479718923261288,0.0019004515014646728,0.028889143643242132,37.49
ITL3,TLD61,Warrington,201309.0,0.0016297558333234837,0.024446337499852255,0.0016310846071225793,0.024747599113519092,37.73
ITL3,TLD62,Cheshire East,369051.0,-0.0002607386334502119,-0.0039110795017531785,-0.0002607046440868954,-0.0039034411915761513,47.43
ITL3,TLD63,Cheshire West and Chester,329553.0,0.004805360986949067,0.07208041480423599,0.004816925250122894,0.0747417657376721,47.88
ITL3,TLD71,East Merseyside,446403.0,0.005558773929270089,0.08338160893905133,0.005574252580552219,0.08695652173913082,38.53
ITL3,TLD72,Liverpool,461403.0,0.0013006658128428346,0.01950998719264252,0.0013015120454700213,0.019701550765629294,37.48
ITL3,TLD73,Sefton,273820.0,0.0030489317109061885,0.04573397566359283,0.0030535844306016635,0.046795900728485273,36.2
ITL3,TLD74,Wirral,319078.0,0.005168768570017986,0.07753152855026979,0.005182149699002325,0.08061630218687821,36.01
ITL3,TLE11,"Kingston upon Hull, City of",256174.0,-0.008571208639750043,-0.12856812959625064,-0.008534580554668048,-0.12064634963161391,34.02
ITL3,TLE12,East Riding of Yorkshire,333599.0,-0.002747050917575322,-0.04120576376362983,-0.0027432812258385564,-0.040368347788842796,40.77
ITL3,TLE13,North and North East Lincolnshire,325490.0,0.009709760947124835,0.14564641420687252,0.009757053618862033,0.15678709224833431,40.57
ITL3,TLE21,York,195070.0,-0.0015127831399275613,-0.022691747098913417,-0.0015116394602990857,-0.022436225796537812,43.52
ITL3,TLG13,Warwickshire CC,544166.0,0.01128249107979323,0.16923736619689844,0.011346378425673098,0.18440124237892586,42.34
ITL3,TLG21,Telford and Wrekin,165641.0,-0.004988233605669853,-0.07482350408504779,-0.004975813029245102,-0.07209275628515688,34.96
ITL3,TLG22,Shropshire,304523.0,-0.008686266481199745,-0.13029399721799617,-0.008648649863291391,-0.12216268874817304,32.36
ITL3,TLG23,Stoke-on-Trent,247381.0,0.007266801033084688,0.10900201549627031,0.007293268303666167,0.11516459794927081,33.01
ITL3,TLG24,Staffordshire CC,845272.0,-0.0022626299547357696,-0.03393944932103654,-0.00226007213707502,-0.03336996702967354,33.66
ITL3,TLG31,Birmingham,1061074.0,-0.0013741898162720645,-0.020612847244080967,-0.0013732460498007137,-0.020401854714065637,35.14
ITL3,TLG32,Solihull,206329.0,-0.007986220333537552,-0.11979330500306329,-0.007954415199849296,-0.11289622231871488,41.8
ITL3,TLG33,Coventry,311674.0,-0.0018496021541510052,-0.027744032312265077,-0.0018478926941893903,-0.02736270133902552,40.39
ITL3,TLG36,Dudley,312206.0,0.00500413459829178,0.0750620189743767,0.00501667619104329,0.07795100222717077,31.91
ITL3,TLG37,Sandwell,306181.0,0.006656151978229078,0.09984227967343617,0.006678353389127922,0.1049966239027682,32.84
ITL3,TLG38,Walsall,266834.0,0.006874181409552035,0.10311272114328052,0.006897862826931833,0.10861636653749662,31.2
ITL3,TLG39,Wolverhampton,247640.0,0.009499132480532838,0.14248698720799258,0.00954439243606342,0.1531380753138072,35.29
ITL3,TLH21,Luton,199583.0,0.006995385186087155,0.10493077779130733,0.007019910046634159,0.11063372717508058,34.12
ITL3,TLH24,Bedford,156535.0,0.00025496413777622944,0.0038244620666434415,0.0002549966438945006,0.003831784653702597,33.6
ITL3,TLH25,Central Bedfordshire,252460.0,0.007417104836363405,0.11125657254545107,0.007444679691477996,0.11768163649188756,38.98
ITL3,TLH26,North and East Hertfordshire,548930.0,0.0062521974876921975,0.09378296231538297,0.006271783271191156,0.09832134292565886,42.5
ITL3,TLH27,South West Hertfordshire,558711.0,0.00446819221679983,0.06702288325199746,0.004478189471982974,0.06931994741245373,44.63
ITL3,TLH31,Southend-on-Sea,172122.0,0.004346774648448874,0.0652016197267331,0.004356235576578271,0.06737420638680902,31.29
ITL3,TLH32,Thurrock,156585.0,0.0028058143493320032,0.04208721523998005,0.0028097543305036776,0.042985439009504134,40.17
ITL3,TLH34,Essex Haven Gateway,456709.0,0.009020225512450075,0.13530338268675113,0.009061030343912257,0.14488406967354983,39.02
ITL3,TLH35,West Essex,284299.0,-0.002751694842728251,-0.041275422640923765,-0.0027479124006453137,-0.04043519232416681,38.62
ITL3,TLH36,Heart of Essex,302587.0,0.007213681378258189,0.10820522067387284,0.007239762654058124,0.11427639447645999,42.38
ITL3,TLH37,Essex Thames Gateway,345318.0,-0.002133515405744942,-0.03200273108617413,-0.0021312410794759318,-0.03149606299212637,40.89
ITL3,TLH41,Peterborough,181762.0,0.0053701467159312346,0.08055220073896852,0.005384591799637128,0.08388542478565841,38.34
ITL3,TLH42,Cambridgeshire CC,614899.0,0.0027790661984171314,0.04168599297625697,0.0027829313825895596,0.04256705396894356,40.99
ITL3,TLJ14,Oxfordshire CC,648688.0,-0.0011237544230729905,-0.016856316346094857,-0.001123123247522173,-0.01671504353918518,41.49
ITL3,TLJ15,Berkshire East,394681.0,0.011115957270373992,0.16673935905560988,0.011177969083945305,0.1814462918975983,56.81
ITL3,TLJ16,Berkshire West,462889.0,0.027286486879826023,0.4092973031973903,0.02766217232423185,0.5057593210063653,52.96
ITL3,TLJ21,Brighton and Hove,269495.0,0.025400762077947666,0.381011431169215,0.025726110291737214,0.4637643378519294,47.2
ITL3,TLJ22,East Sussex CC,523651.0,0.009550413253604855,0.1432561988040728,0.009596163980389205,0.15402542372881278,33.35
ITL3,TLJ25,West Surrey,746616.0,0.006256764459054942,0.09385146688582413,0.006276378896102441,0.09839658553466424,54.08
ITL3,TLJ26,East Surrey,379188.0,-0.002856905494908446,-0.04285358242362669,-0.0028528284239313084,-0.04194834460045094,53.46
ITL3,TLJ27,West Sussex (South West),427863.0,0.0101499958868299,0.15224993830244848,0.010201681817731956,0.16445124103046704,42.87
ITL3,TLJ28,West Sussex (North East),375291.0,0.010604312975312466,0.15906469462968698,0.01066073797522793,0.17241379310344773,37.94
ITL3,TLJ31,Portsmouth,202700.0,0.0053866995402181315,0.08080049310327198,0.0054012338918625336,0.08415457867345744,41.59
ITL3,TLJ32,Southampton,233085.0,-0.0006215304440852757,-0.009322956661279136,-0.0006213373340487882,-0.009279632641347235,47.18
ITL3,TLJ34,Isle of Wight,138364.0,0.005495970578365572,0.08243955867548358,0.005511101130988738,0.08593303622443083,35.46
ITL3,TLJ35,South Hampshire,438034.0,0.014166934915526083,0.21250402373289123,0.014267761509932475,0.23677108999178653,44.43
ITL3,TLJ36,Central Hampshire,523276.0,0.010625669355543247,0.1593850403331487,0.010682322260712862,0.17278943098852673,42.15
ITL3,TLJ37,North Hampshire,351037.0,0.020966358447393377,0.31449537671090066,0.021187696720035065,0.3695680206318508,64.49
ITL3,TLJ41,Medway,262738.0,0.0017879124746369138,0.026818687119553708,0.0017895117431208085,0.027181544633901877,39.16
ITL3,TLJ43,Kent Thames Gateway,332393.0,-0.012935775922536467,-0.194036638838047,-0.012852468375989412,-0.17637227304714953,35.04
ITL3,TLJ44,East Kent,500195.0,0.004464222549777593,0.0669633382466639,0.004474202035954056,0.06925627664613865,35.32
ITL3,TLJ45,Mid Kent,270714.0,-0.004095267713087066,-0.06142901569630599,-0.004086893539660297,-0.05958030159232364,34.2
ITL3,TLJ46,West Kent,348603.0,0.009806040648270554,0.1470906097240583,0.009854277406477818,0.15845892591806465,46.24
ITL3,TLK30,Cornwall and Isles of Scilly,532022.0,0.010974017582555066,0.164610263738326,0.011034452984240328,0.17893355600620242,32.74
ITL3,TLK41,Plymouth,254227.0,-0.001994644494807633,-0.029919667422114493,-0.0019926565134690266,-0.02947650492870124,33.97
ITL3,TLK42,Torbay,131443.0,-0.008481120346693889,-0.12721680520040834,-0.008445257103967818,-0.11945725434551191,27.68
ITL3,TLK43,Devon CC,743908.0,0.006948947911526678,0.10423421867290017,0.0069731478723458196,0.109860374499404,35.63
ITL3,TLK51,"Bristol, City of",423044.0,-0.0028356350864510676,-0.04253452629676602,-0.0028316184707284364,-0.04164262358145798,36.57
ITL3,TLK52,Bath & North East Somerset and South Gloucestershire,435738.0,0.012588189588504347,0.1888228438275652,0.012667754355335514,0.2078269595272615,48.99
ITL3,TLK61,North Somerset,202967.0,0.012829743154416857,0.19244614731625287,0.012912397408495924,0.21221122112211277,35.88
ITL3,TLK62,Somerset,528609.0,0.003956878763158341,0.059353181447375114,0.0039647175435559845,0.061149953041844896,34.53
ITL3,TLK63,"Bournemouth, Christchurch and Poole",373760.0,0.0007273298435755748,0.010909947653633623,0.0007275944120652689,0.010969678153782025,39.45
ITL3,TLK64,Dorset,364317.0,-0.004249324621839712,-0.06373986932759568,-0.004240309016567356,-0.06175096485882636,35.43
ITL3,TLK71,Swindon,206939.0,0.00399732994288294,0.059959949143244096,0.004005329922186274,0.061794019933555155,62.05
ITL3,TLK72,Wiltshire,470199.0,0.004262116427250717,0.06393174640876076,0.004271212163241334,0.06601963660986421,40.66
ITL3,TLK73,Gloucestershire CC,594097.0,0.003108420920090005,0.04662631380135007,0.003113257070029851,0.04773041352184593,40.77
ITL3,TLL31,Isle of Anglesey,69833.0,0.006569498787627322,0.09854248181440983,0.006591125277248588,0.10356128468429038,34.48
ITL3,TLL32,Gwynedd,121155.0,-0.00365657492851561,-0.05484862392773415,-0.0036498977993653092,-0.05337156599759496,29.27
ITL3,TLL33,Conwy and Denbighshire,208834.0,0.008319593550260447,0.12479390325390671,0.008354297542958244,0.13291493892188777,30.0
ITL3,TLL34,Flintshire and Wrexham,286089.0,0.017563030414755983,0.26344545622133975,0.017718167327383405,0.301406309388065,42.68
ITL3,TLL41,Mid Wales,208095.0,0.008659279618996922,0.12988919428495382,0.008696879632071663,0.13870220162224856,28.27
ITL3,TLL42,South West Wales,304978.0,0.007471872298244679,0.11207808447367018,0.007499856390500437,0.1186002025430406,32.3
ITL3,TLL43,Swansea,237311.0,0.0016835077874101027,0.02525261681115154,0.001684925682212679,0.025574165078728228,34.69
ITL3,TLL44,Neath Port Talbot,139638.0,0.004031545997475069,0.06047318996212603,0.004039683611086087,0.062339115836598014,34.21
ITL3,TLL51,Central Valleys and Bridgend,431423.0,0.0052170431548801115,0.07825564732320167,0.00523067562126478,0.08139908011552066,35.24
ITL3,TLL52,Cardiff and Vale of Glamorgan,467837.0,0.006746978454913943,0.10120467682370915,0.006769790589517655,0.10650309412658787,37.93
ITL3,TLH51,Norwich and East Norfolk,352469.0,0.010739676812004599,0.16109515218006898,0.010797554150086652,0.17479674796747924,37.2
ITL3,TLH52,North and West Norfolk,247914.0,0.0015331024267069893,0.02299653640060484,0.0015342782290306278,0.023262995367987926,33.63
ITL3,TLH53,Breckland and South Norfolk,252543.0,0.0111539977906468,0.167309966859702,0.011216435551615334,0.18212062674393725,40.29
ITL3,TLH61,Babergh and Mid Suffolk,183711.0,0.0049321443611908345,0.07398216541786251,0.0049443274064682186,0.07678760126805129,40.31
ITL3,TLH62,Ipswich,131729.0,0.006040617489445843,0.09060926234168765,0.006058898810892277,0.09484112601184003,42.52
ITL3,TLH63,East Suffolk,239932.0,0.013307358578202866,0.199610378673043,0.013396295541849623,0.22092696629213493,38.33
ITL3,TLH64,West Suffolk,168604.0,-0.0043973501601091885,-0.06596025240163783,-0.004387695972026373,-0.06383192601527976,35.65
ITL3,TLI33,Kensington & Chelsea and Hammersmith & Fulham,341305.0,0.01396118970895562,0.2094178456343343,0.014059102245880473,0.23296007789678597,48.45
ITL3,TLI34,Wandsworth,302620.0,0.0002911064962275963,0.004366597443413944,0.00029114887183556704,0.004376144921636849,35.39
ITL3,TLI35,Westminster and City of London,224525.0,-0.006117841219824704,-0.09176761829737057,-0.006099165334006007,-0.08768286927796176,71.21
ITL3,TLI36,Camden,214725.0,0.015542470874889958,0.23313706312334936,0.01566388327602586,0.2625545171339565,59.44
ITL3,TLI41,Hackney and Newham,540910.0,-0.007171744925060667,-0.10757617387591001,-0.007146089330855254,-0.10199188491331623,37.41
ITL3,TLI42,Tower Hamlets,248520.0,-0.0267437665133075,-0.4011564976996125,-0.026389318774898696,-0.3304547294562137,72.96
ITL3,TLI43,Haringey and Islington,452871.0,0.020072845203838164,0.30109267805757245,0.020275659508202093,0.351334574798261,52.0
ITL3,TLI44,Lewisham and Southwark,556302.0,0.006323818749723919,0.0948572812458588,0.0063438563072060195,0.09950192438306549,41.21
ITL3,TLI45,Lambeth,297650.0,-0.0013568414078243645,-0.020352621117365466,-0.0013559213147085192,-0.020146904512067132,54.12
ITL3,TLI51,Bexley and Greenwich,479882.0,-0.014234204516625463,-0.21351306774938195,-0.014133377193358165,-0.19225839528326072,43.11
ITL3,TLI52,Barking & Dagenham and Havering,419072.0,-0.014571806776796889,-0.21857710165195332,-0.014466151817551953,-0.19633848657445085,39.9
ITL3,TLI53,Redbridge and Waltham Forest,529097.0,-0.020283867456235782,-0.30425801184353674,-0.020079533708414976,-0.26232948583420745,35.92
ITL3,TLI54,Enfield,307648.0,0.001102070238199578,0.01653105357299367,0.001102677740754121,0.016668447483705773,46.53
ITL3,TLI61,Bromley,308560.0,-0.0046751218415269115,-0.07012682762290368,-0.004664210470029961,-0.06772442588726557,42.92
ITL3,TLI62,Croydon,357951.0,0.01014325236503216,0.15214878547548238,0.010194869523639793,0.16433345945264266,51.92
ITL3,TLI63,"Merton, Kingston upon Thames and Sutton",547105.0,-0.0004891366325728915,-0.007337049488593372,-0.0004890170247525694,-0.0073101990487938195,41.1
ITL3,TLI71,Barnet,351438.0,0.008103052592193728,0.1215457888829059,0.00813597117645104,0.1292410714285721,42.73
ITL3,TLI72,Brent,304785.0,0.0019431645757360745,0.02914746863604112,0.0019450537434766435,0.02957641350998319,45.02
ITL3,TLI73,Ealing,334073.0,-0.0059295129319297145,-0.08894269397894572,-0.005911968064758577,-0.08510199876365132,41.76
ITL3,TLI74,Harrow and Hillingdon,506916.0,-0.0010037289925911945,-0.015055934888867917,-0.0010032254251417516,-0.014943160982764603,39.97
ITL3,TLI75,Hounslow and Richmond upon Thames,435540.0,-0.0012043000434644568,-0.018064500651966853,-0.0012035751651866544,-0.017902315625607734,54.68
ITL3,TLJ12,Milton Keynes,245450.0,0.004976880394369706,0.07465320591554558,0.004989285634861007,0.07751041184636698,50.59
ITL3,TLJ13,Buckinghamshire,502820.0,-0.005967268579615788,-0.08950902869423683,-0.005949499793739488,-0.08561999057048586,40.15
ITL3,TLE22,North Yorkshire,599028.0,-0.0008479867123958466,-0.012719800685937699,-0.0008476272732707013,-0.012639245929733756,36.36
ITL3,TLE32,Sheffield,544613.0,0.005146142740814833,0.0771921411122225,0.005159406876653838,0.08024961681629095,36.08
ITL3,TLE33,Barnsley,230066.0,0.0019349237217534565,0.029023855826301848,0.001936796894612014,0.029449152542372792,34.03
ITL3,TLE34,Rotherham,256893.0,0.009455181205279455,0.1418277180791918,0.009500022647652484,0.15237809752198261,33.03
ITL3,TLE35,Doncaster,301299.0,0.0031638435612751556,0.04745765341912733,0.003168853796788884,0.048601795480342824,29.81
ITL3,TLE41,Bradford,518002.0,0.002889849498008227,0.04334774247012341,0.0028940291382761885,0.044300979519144246,33.46
ITL3,TLE42,Leeds,747571.0,0.008154605989602891,0.12231908984404338,0.008187945350526693,0.13011465236141828,41.47
ITL3,TLE44,Calderdale and Kirklees,621388.0,0.006682372301171391,0.10023558451757086,0.006704749166704271,0.10543130990415306,33.33
ITL3,TLE45,Wakefield,325595.0,0.004314350594146354,0.06471525891219532,0.004323670803400681,0.06685520361990904,36.15
ITL3,TLF11,Derby,247035.0,-0.011715578706138057,-0.17573368059207084,-0.011647218534015624,-0.1611586466755638,38.02
ITL3,TLF12,East Derbyshire,277940.0,0.0007133970001896491,0.010700955002844736,0.0007136515283525657,0.010758414997869892,37.75
ITL3,TLF13,South and West Derbyshire,490008.0,0.008847513618930472,0.1327127042839571,0.00888676855166004,0.14192188193519795,37.19
ITL3,TLF14,Nottingham,299753.0,-3.177478095833427e-05,-0.000476621714375014,-3.177427614531325e-05,-0.00047650814828914534,33.88
ITL3,TLF15,North Nottinghamshire,450206.0,0.002408159723715168,0.03612239585572752,0.002411061669324699,0.036782736635605495,31.06
ITL3,TLF16,South Nottinghamshire,333439.0,0.01027671198848387,0.15415067982725805,0.01032969874746792,0.1666666666666663,39.52
ITL3,TLF21,Leicester,324912.0,0.00628238071577177,0.09423571073657655,0.006302156260310721,0.09881871876419845,35.47
ITL3,TLF22,Leicestershire CC and Rutland,683962.0,0.00010505928173110135,0.0015758892259665203,0.00010506480065064494,0.0015771315919175244,36.38
ITL3,TLF24,West Northamptonshire,373456.0,0.005195821439030309,0.07793732158545463,0.005209343127860144,0.0810548977395047,38.21
ITL3,TLF25,North Northamptonshire,314555.0,-0.006538242940457136,-0.09807364410685704,-0.006516915137516843,-0.09341786313630474,31.57
ITL3,TLF30,Lincolnshire CC,711805.0,0.004603958716559357,0.06905938074839035,0.004614573217814888,0.07149983372131663,34.98
ITL3,TLG11,"Herefordshire, County of",182865.0,0.017792081359756236,0.26688122039634354,0.017951303334345692,0.3058853245769124,32.93
ITL3,TLG12,Worcestershire CC,564080.0,0.016857047402621284,0.25285571103931925,0.016999929151916282,0.2876974629009099,38.4
ITL3,TLL53,Gwent Valleys,338959.0,0.006755631296351083,0.10133446944526625,0.006778502046568713,0.10664671938448333,33.7
ITL3,TLL54,Monmouthshire and Newport,235819.0,0.013931378744164983,0.20897068116247475,0.014028872616277388,0.23240886520528026,37.78
ITL3,TLM01,Clackmannanshire and Fife,413940.0,0.005118768269109471,0.07678152403664207,0.005131891545521405,0.07980613893376365,38.51
ITL3,TLM02,"Perth and Kinross, and Stirling",235150.0,0.002684205822240789,0.040263087333611836,0.002687811528119255,0.041084634346754356,39.85
ITL3,TLM03,Angus and Dundee City,261470.0,0.006264855843247356,0.09397283764871034,0.0062845210978286214,0.09852990685669383,36.01
ITL3,TLM11,East Lothian and Midlothian,181500.0,0.010895635423656281,0.1634345313548442,0.010955209026791257,0.17754826017459746,37.05
ITL3,TLM12,Falkirk,155130.0,-0.0068763188704190036,-0.10314478305628505,-0.006852731086489983,-0.09800362976406474,38.69
ITL3,TLM13,City of Edinburgh,469930.0,0.015161846525425264,0.22742769788137895,0.015277370433945059,0.25536667080282904,56.26
ITL3,TLM14,West Lothian,174090.0,0.030525071776479548,0.4578760766471932,0.030995738619454816,0.5807131036557842,46.49
ITL3,TLM20,Highlands and Islands,490978.0,0.01332983755314198,0.1999475632971297,0.013419075907819211,0.22133871350581513,39.68
ITL3,TLM31,East Dunbartonshire and West Dunbartonshire,195720.0,0.013605489262430126,0.2040823389364519,0.013698465113605396,0.2263991296990202,40.06
ITL3,TLM32,Glasgow City,586500.0,0.012079606878798721,0.18119410318198081,0.012152859989078335,0.19864781807006748,38.56
ITL3,TLM33,"Inverclyde, East Renfrewshire, and Renfrewshire",345620.0,0.014191726704097362,0.21287590056146044,0.014292907333534055,0.2372311020310065,37.47
ITL3,TLM34,North Lanarkshire,336280.0,0.020512548929813926,0.3076882339472089,0.020724377161392527,0.3602768346826848,45.28
ITL3,TLM50,Aberdeen City and Aberdeenshire,471160.0,-0.001767526707937428,-0.02651290061906142,-0.0017659655525358309,-0.026164519326065783,38.48
ITL3,TLM91,Scottish Borders,113700.0,0.016013166250779302,0.24019749376168953,0.01614206409926444,0.2715002388915433,36.89
ITL3,TLM92,Dumfries and Galloway,151100.0,-0.0008242161158868555,-0.012363241738302833,-0.0008238765430842454,-0.012287130847165373,36.54
ITL3,TLM93,North Ayrshire and East Ayrshire,254152.0,0.0009381694839268799,0.014072542258903198,0.0009386097025729789,0.014172026599803988,37.85
ITL3,TLM94,South Ayrshire,112600.0,0.002516021865523162,0.03774032798284743,0.0025191897047642797,0.03846153846153899,35.5
ITL3,TLM95,South Lanarkshire,313180.0,-0.0029669556440215556,-0.04450433466032333,-0.0029625585808301658,-0.04352854589422739,37.41
ITL3,TLN06,Belfast,333489.0,0.006293841950658733,0.094407629259881,0.006313689791785038,0.0990076422949695,38.54
ITL3,TLN07,"Armagh City, Banbridge and Craigavon",198202.0,0.015565283387377112,0.23347925081065668,0.015687053385329053,0.2629866216704837,33.75
ITL3,TLN08,"Newry, Mourne and Down",171119.0,0.003355005592501037,0.050325083887515554,0.0033606399230721173,0.05161290322580636,35.95
ITL3,TLN09,Ards and North Down,156518.0,0.015151774332922467,0.227276614993837,0.015267144416325706,0.2551770207080828,39.02
ITL3,TLN0A,Derry City and Strabane,148148.0,0.010856607321060885,0.16284910981591327,0.01091575413310375,0.17685909980430514,37.59
ITL3,TLN0B,Mid Ulster,137221.0,0.004967021646683574,0.07450532470025362,0.004979377747906355,0.07735108007855152,40.78
ITL3,TLN0C,Causeway Coast and Glens,140107.0,0.003135174740219308,0.04702762110328962,0.00314009454067965,0.04815095976575168,35.55
ITL3,TLN0D,Antrim and Newtownabbey,138044.0,0.002747879888082257,0.041218198321233857,0.002751658770534293,0.04207946072924118,41.33
ITL3,TLN0E,Lisburn and Castlereagh,133909.0,0.018706373852878617,0.28059560779317927,0.0188824341674505,0.32391811350090705,38.22
ITL3,TLN0F,Mid and East Antrim,135157.0,-0.016845720922098077,-0.25268581383147115,-0.016704625162968445,-0.22328812437975532,39.12
ITL3,TLN0G,Fermanagh and Omagh,112919.0,0.015744456633609318,0.2361668495041398,0.015869053636141217,0.2663855883480255,38.55
National,TLB,England,52642452.0,0.004396135342659413,0.0659420301398912,0.0044058125211672294,0.06816479400749054,42.39
National,UKX,United Kingdom,62759456.0,0.005145439648435494,0.07718159472653241,0.005158700156983276,0.08023822414726633,41.87
MCA,E47000006,Tees Valley,660753.0,0.009769341883981219,0.1465401282597183,0.009817217682411838,0.15782139124375738,35.37
MCA,E47000014,North East,1926115.0,0.008745514299196877,0.13118271448795316,0.008783868035560083,0.14017608897126999,35.97
MCA,E47000001,Greater Manchester,2661841.0,0.012095041436865787,0.1814256215529868,0.012168482241729617,0.19892535918701104,39.77
MCA,E47000018,Lancashire,1457298.0,0.004571154097704048,0.06856731146556072,0.004581617760192502,0.07097271126760529,37.25
MCA,E47000004,Liverpool City Region,1500704.0,0.0035829120291066847,0.05374368043660027,0.0035893383310769966,0.05521409547223888,37.33
MCA,E47000016,Hull and East Yorkshire,589773.0,-0.005419380378225291,-0.08129070567337937,-0.005404722028062747,-0.07807435653002837,37.45
MCA,E47000017,Greater Lincolnshire,1037295.0,0.0062669542680056384,0.09400431402008458,0.0062866327123971555,0.0985644851362042,36.73
MCA,E47000012,York and North Yorkshire,794098.0,-0.00195708078655444,-0.0293562117983166,-0.001955166952664622,-0.028929503916448995,38.18
MCA,E47000007,West Midlands,2711938.0,0.001645491256022602,0.02468236884033903,0.0016468458196317037,0.024989500209995352,35.72
MCA,E47000008,Cambridgeshire and Peterborough,796661.0,0.0034728282922637634,0.05209242438395645,0.0034788655471977847,0.05347310461668808,40.29
MCA,E47000015,Devon and Torbay,875351.0,0.0045249431144252245,0.06787414671637837,0.004535196128454766,0.0702306079664563,34.4
MCA,E47000009,West of England,858782.0,0.004428099579625903,0.06642149369438854,0.004437918099681637,0.06867706289373121,42.01
MCA,E61000001,Greater London,8061495.0,-0.0016625965564834645,-0.024938948347251966,-0.0016612152084761744,-0.02463054187192104,53.2
MCA,E47000002,South Yorkshire,1332871.0,0.004875585373264239,0.07313378059896358,0.0048874903797251346,0.07587445841699303,33.77
MCA,E47000003,West Yorkshire,2212556.0,0.00695326102582623,0.10429891538739344,0.006977491071995523,0.10993218114198222,37.33
MCA,E47000013,East Midlands,2098381.0,0.001058274182262764,0.01587411273394146,0.0010588343519721821,0.01600077579518988,35.62
ITL1,TLC,North East,2596441.0,0.008636465234553666,0.129546978518305,0.008673867096182342,0.13831258644536648,35.82
ITL1,TLD,North West,7055961.0,0.007211408780660852,0.10817113170991277,0.007237473605994804,0.11423841059602635,39.31
ITL1,TLE,Yorkshire and The Humber,5288212.0,0.003977569689125637,0.05966354533688456,0.003985490718107831,0.06147934678194078,36.82
ITL1,TLG,West Midlands,5608667.0,0.004183968555709564,0.06275952833564347,0.004192733572068175,0.06477076124567493,36.02
ITL1,TLH,East,5862418.0,0.004820711175064514,0.07231066762596772,0.004832349497329247,0.07498925655350197,39.69
ITL1,TLJ,South East,8652784.0,0.007557111820086308,0.11335667730129462,0.007585738856752844,0.1200313514723994,45.22
ITL1,TLK,South West,5300831.0,0.0038607457856720375,0.05791118678508056,0.003868208064913503,0.059620883193899576,38.75
ITL1,TLL,Wales,3063758.0,0.007419300423055652,0.11128950634583479,0.007446891626037955,0.11771844660194142,35.15
ITL1,TLI,London,8204407.0,-0.0007680961253223373,-0.01152144187983506,-0.0007678012150047486,-0.011455324235481679,53.96
ITL1,TLF,East Midlands,4537448.0,0.0021958372513251946,0.03293755876987792,0.002198249867523261,0.03348600508905886,35.61
ITL1,TLM,Scotland,5299900.0,0.009157804604962412,0.1373670690744362,0.00919986559495145,0.14724919093851074,41.28
ITL1,TLN,Northern Ireland,1814318.0,0.008521311206195866,0.127819668092938,0.008557720924565082,0.13634806440561875,36.88
ITL2,TLC3,Tees Valley,663028.0,0.009769341883981219,0.1465401282597183,0.009817217682411838,0.15782139124375738,35.37
ITL2,TLC4,"Northumberland, Durham and Tyne & Wear",1933413.0,0.008745514299196877,0.13118271448795316,0.008783868035560083,0.14017608897126999,35.97
ITL2,TLD1,Cumbria,499817.0,0.00982776238237939,0.14741643573569085,0.009876213430823677,0.15883644346871573,36.25
ITL2,TLD3,Greater Manchester,2685386.0,0.012095041436865787,0.1814256215529868,0.012168482241729617,0.19892535918701104,39.77
ITL2,TLD4,Lancashire,1461295.0,0.004571154097704048,0.06856731146556072,0.004581617760192502,0.07097271126760529,37.25
ITL2,TLD6,Cheshire,902971.0,0.00020068872095677648,0.003010330814351647,0.00020070886028533685,0.003014866410230299,44.58
ITL2,TLD7,Merseyside,1506492.0,0.0035829120291066847,0.05374368043660027,0.0035893383310769966,0.05521409547223888,37.33
ITL2,TLE1,East Yorkshire and Northern Lincolnshire,918047.0,0.0009573661776622444,0.014360492664933666,0.0009578245989418921,0.014464099895941995,38.56
ITL2,TLE2,North Yorkshire,798989.0,-0.00195708078655444,-0.0293562117983166,-0.001955166952664622,-0.028929503916448995,38.18
ITL2,TLG1,"Herefordshire, Worcestershire and Warwickshire",1296730.0,0.01587282012304101,0.23809230184561514,0.01599946250236095,0.2688263024295907,39.61
ITL2,TLG2,Shropshire and Staffordshire,1572204.0,-0.0024591243869932574,-0.03688686580489886,-0.002456103217602479,-0.03621483375959089,33.44
ITL2,TLG3,West Midlands,2739733.0,0.001645491256022602,0.02468236884033903,0.0016468458196317037,0.024989500209995352,35.72
ITL2,TLH2,Bedfordshire and Hertfordshire,1736949.0,0.00530256650053745,0.07953849750806175,0.00531664998815673,0.08278724333770193,41.01
ITL2,TLH3,Essex,1729141.0,0.0034527459005978755,0.05179118850896813,0.0034587134939427777,0.05315580851712576,39.41
ITL2,TLH4,Cambridgeshire and Peterborough,806769.0,0.0034728282922637634,0.05209242438395645,0.0034788655471977847,0.05347310461668808,40.29
ITL2,TLJ1,"Berkshire, Buckinghamshire and Oxfordshire",2275173.0,0.008001504106985103,0.12002256160477653,0.008033601693514747,0.12752229000469262,47.65
ITL2,TLJ2,"Surrey, East and West Sussex",2744447.0,0.008055284798829792,0.12082927198244686,0.008087815895841954,0.12843224092116934,45.89
ITL2,TLJ3,Hampshire and Isle of Wight,1901813.0,0.01138682898112459,0.17080243471686885,0.011451905689467967,0.1862563627950018,47.17
ITL2,TLJ4,Kent,1731351.0,0.00046742237927658675,0.007011335689148801,0.0004675316381395067,0.007035972648895328,37.86
ITL2,TLK3,Cornwall and Isles of Scilly,535984.0,0.010784612256042199,0.161769183840633,0.010842975807528132,0.1755888650963593,32.74
ITL2,TLK4,Devon,1135491.0,0.004375367560834024,0.06563051341251036,0.004384953456987528,0.0678320946299591,34.5
ITL2,TLK5,West of England,867029.0,0.004428099579625903,0.06642149369438854,0.004437918099681637,0.06867706289373121,42.01
ITL2,TLK6,"North Somerset, Somerset and Dorset",1480010.0,0.002272831059668749,0.03409246589503123,0.0022754158981110884,0.03468027494271997,36.26
ITL2,TLK7,Gloucestershire and Wiltshire,1282317.0,0.0033614619704891878,0.05042192955733782,0.0033671180195342654,0.051714752313554824,44.54
ITL2,TLL3,North Wales,688417.0,0.01079129617322098,0.1618694425983147,0.010849732220838737,0.17570673408411874,35.82
ITL2,TLL4,Mid and South West Wales,893509.0,0.005718991059558812,0.08578486589338219,0.005735375708590729,0.08957189901207463,32.25
ITL2,TLL5,South East Wales,1481832.0,0.007712601657467507,0.1156890248620126,0.007742420380312032,0.12264670263128963,36.5
ITL2,TLH5,Norfolk,859426.0,0.008599150923131068,0.12898726384696602,0.00863622982759038,0.13767563446247677,37.06
ITL2,TLH6,Suffolk,730133.0,0.004877250345759343,0.07315875518639015,0.004889163491150095,0.07590132827324525,38.78
ITL2,TLI3,Inner London - West,1095487.0,0.0009105832620693496,0.013658748931040243,0.0009109979688735059,0.013752455795678076,64.56
ITL2,TLI4,Inner London - East,2145615.0,-0.0039049175581444234,-0.058573763372166354,-0.0038973032818412356,-0.056891329042029315,50.89
ITL2,TLI5,Outer London - East and North East,1768285.0,-0.013376080520673562,-0.20064120781010342,-0.013287018299018127,-0.18179405520169856,40.76
ITL2,TLI6,Outer London - South,1227471.0,0.0015031793165047583,0.022547689747571376,0.0015043096568305714,0.022803810256903034,44.4
ITL2,TLI7,Outer London - West and North West,1967549.0,0.00046462355751935767,0.006969353362790365,0.0004647315117631834,0.0069936958234828595,45.23
ITL2,TLE3,South Yorkshire,1343805.0,0.004875585373264239,0.07313378059896358,0.0048874903797251346,0.07587445841699303,33.77
ITL2,TLE4,West Yorkshire,2227371.0,0.00695326102582623,0.10429891538739344,0.006977491071995523,0.10993218114198222,37.33
ITL2,TLF1,Derbyshire and Nottinghamshire,2110326.0,0.001058274182262764,0.01587411273394146,0.0010588343519721821,0.01600077579518988,35.62
ITL2,TLF2,"Leicestershire, Rutland and Northamptonshire",1712354.0,0.0026644321434552273,0.03996648215182841,0.0026679848974353604,0.04077588903952445,35.85
ITL2,TLF3,Lincolnshire,714768.0,0.004102874352872081,0.06154311529308121,0.004111302664675742,0.06347634763476373,34.98
ITL2,TLM0,Eastern Scotland,917380.0,0.004744155066711168,0.07116232600066752,0.004755426387608619,0.07375551016019766,38.18
ITL2,TLM1,East Central Scotland,992860.0,0.014390159656111005,0.21585239484166507,0.014494196439878149,0.2409191994069686,50.42
ITL2,TLM2,Highlands and Islands,493562.0,0.01332983755314198,0.1999475632971297,0.013419075907819211,0.22133871350581513,39.68
ITL2,TLM3,West Central Scotland,1473120.0,0.014081776895755146,0.21122665343632718,0.014181392153418626,0.23519228391245162,39.67
ITL2,TLM5,North Eastern Scotland,476110.0,-0.0018000123234820956,-0.027000184852231435,-0.001798393272882448,-0.026638938403644064,38.48
ITL2,TLM9,Southern Scotland,946868.0,0.0009154116508764669,0.013731174763147003,0.0009158307680001698,0.013825880319723316,37.01
ITL2,TLN0,Northern Ireland,1814318.0,0.008521311206195866,0.127819668092938,0.008557720924565082,0.13634806440561875,36.88
ITL3,TLC31,Hartlepool and Stockton-on-Tees,283912.0,0.004826645455367876,0.07239968183051815,0.004838312471842077,0.07508495012605487,39.7
ITL3,TLC32,South Teesside,273532.0,0.007194224718001685,0.10791337077002527,0.0072201653228494145,0.11395124046826344,32.92
ITL3,TLC33,Darlington,105584.0,0.026139166429581393,0.3920874964437209,0.026483790617959357,0.48006720635405586,31.11
ITL3,TLC41,Durham,512994.0,-8.016836320313321e-05,-0.0012025254480469982,-8.016514980579981e-05,-0.0012018027040554546,36.02
ITL3,TLC42,Northumberland,316278.0,0.011110467949889902,0.16665701924834853,0.011172418419241215,0.1813490158425346,34.87
ITL3,TLC43,Tyneside,828811.0,0.013570027923728568,0.2035504188559285,0.013662518646351485,0.22574695684249324,35.73
ITL3,TLC44,Sunderland,275330.0,0.0033925122158262747,0.05088768323739412,0.003398273298399035,0.052204706419921365,37.84
ITL3,TLD13,Cumberland,274546.0,0.0016959347601366896,0.025439021402050344,0.0016973736708099096,0.0257653546301575,32.07
ITL3,TLD14,Westmorland and Furness,225271.0,0.016142134038361355,0.24213201057542033,0.016273122144091712,0.27396235822011716,41.41
ITL3,TLD33,Manchester,502902.0,0.013281800312948455,0.19922700469422683,0.013370395221505404,0.22045898437500022,44.77
ITL3,TLD34,Greater Manchester South West,461578.0,0.003607897856211532,0.05411846784317298,0.003614414154037515,0.05560965054635991,41.26
ITL3,TLD35,Greater Manchester South East,502980.0,0.014828149714657771,0.22242224571986657,0.014938632134475327,0.24909869310500166,37.97
ITL3,TLD36,Greater Manchester North West,595418.0,0.014141136090976936,0.21211704136465404,0.01424159493144228,0.23629257398101533,36.36
ITL3,TLD37,Greater Manchester North East,622508.0,0.007798736445389665,0.11698104668084497,0.007829225798401174,0.12409812409812404,33.15
ITL3,TLD41,Blackburn with Darwen,147657.0,0.015271905859006611,0.22907858788509916,0.015389117334017044,0.2574408547443401,33.27
ITL3,TLD42,Blackpool,142080.0,-0.0011392747864195012,-0.017089121796292517,-0.0011386260592829434,-0.016943930991989653,30.25
ITL3,TLD44,Lancaster and Wyre,245515.0,0.014690276615108763,0.22035414922663143,0.014798709045447556,0.24651810584958245,37.07
ITL3,TLD45,Mid Lancashire,382625.0,-0.0002216860896781488,-0.003325291345172232,-0.0002216615191326099,-0.0033197686870853893,40.99
ITL3,TLD46,East Lancashire,325210.0,0.011994596472784735,0.17991894709177103,0.012066820120696375,0.19712032910524457,36.59
ITL3,TLD47,Chorley and West Lancashire,218208.0,0.0018986479282174192,0.028479718923261288,0.0019004515014646728,0.028889143643242132,37.49
ITL3,TLD61,Warrington,202709.0,0.0016297558333234837,0.024446337499852255,0.0016310846071225793,0.024747599113519092,37.73
ITL3,TLD62,Cheshire East,370736.0,-0.0002607386334502119,-0.0039110795017531785,-0.0002607046440868954,-0.0039034411915761513,47.43
ITL3,TLD63,Cheshire West and Chester,329526.0,0.004805360986949067,0.07208041480423599,0.004816925250122894,0.0747417657376721,47.88
ITL3,TLD71,East Merseyside,447030.0,0.005558773929270089,0.08338160893905133,0.005574252580552219,0.08695652173913082,38.53
ITL3,TLD72,Liverpool,465656.0,0.0013006658128428346,0.01950998719264252,0.0013015120454700213,0.019701550765629294,37.48
ITL3,TLD73,Sefton,273969.0,0.0030489317109061885,0.04573397566359283,0.0030535844306016635,0.046795900728485273,36.2
ITL3,TLD74,Wirral,319837.0,0.005168768570017986,0.07753152855026979,0.005182149699002325,0.08061630218687821,36.01
ITL3,TLE11,"Kingston upon Hull, City of",256123.0,-0.008571208639750043,-0.12856812959625064,-0.008534580554668048,-0.12064634963161391,34.02
ITL3,TLE12,East Riding of Yorkshire,334673.0,-0.002747050917575322,-0.04120576376362983,-0.0027432812258385564,-0.040368347788842796,40.77
ITL3,TLE13,North and North East Lincolnshire,327251.0,0.009709760947124835,0.14564641420687252,0.009757053618862033,0.15678709224833431,40.57
ITL3,TLE21,York,197783.0,-0.0015127831399275613,-0.022691747098913417,-0.0015116394602990857,-0.022436225796537812,43.52
ITL3,TLG13,Warwickshire CC,546554.0,0.01128249107979323,0.16923736619689844,0.011346378425673098,0.18440124237892586,42.34
ITL3,TLG21,Telford and Wrekin,166831.0,-0.004988233605669853,-0.07482350408504779,-0.004975813029245102,-0.07209275628515688,34.96
ITL3,TLG22,Shropshire,307108.0,-0.008686266481199745,-0.13029399721799617,-0.008648649863291391,-0.12216268874817304,32.36
ITL3,TLG23,Stoke-on-Trent,248719.0,0.007266801033084688,0.10900201549627031,0.007293268303666167,0.11516459794927081,33.01
ITL3,TLG24,Staffordshire CC,849546.0,-0.0022626299547357696,-0.03393944932103654,-0.00226007213707502,-0.03336996702967354,33.66
ITL3,TLG31,Birmingham,1074283.0,-0.0013741898162720645,-0.020612847244080967,-0.0013732460498007137,-0.020401854714065637,35.14
ITL3,TLG32,Solihull,206856.0,-0.007986220333537552,-0.11979330500306329,-0.007954415199849296,-0.11289622231871488,41.8
ITL3,TLG33,Coventry,316915.0,-0.0018496021541510052,-0.027744032312265077,-0.0018478926941893903,-0.02736270133902552,40.39
ITL3,TLG36,Dudley,313261.0,0.00500413459829178,0.0750620189743767,0.00501667619104329,0.07795100222717077,31.91
ITL3,TLG37,Sandwell,309042.0,0.006656151978229078,0.09984227967343617,0.006678353389127922,0.1049966239027682,32.84
ITL3,TLG38,Walsall,269524.0,0.006874181409552035,0.10311272114328052,0.006897862826931833,0.10861636653749662,31.2
ITL3,TLG39,Wolverhampton,249852.0,0.009499132480532838,0.14248698720799258,0.00954439243606342,0.1531380753138072,35.29
ITL3,TLH21,Luton,203641.0,0.006995385186087155,0.10493077779130733,0.007019910046634159,0.11063372717508058,34.12
ITL3,TLH24,Bedford,157840.0,0.00025496413777622944,0.0038244620666434415,0.0002549966438945006,0.003831784653702597,33.6
ITL3,TLH25,Central Bedfordshire,255644.0,0.007417104836363405,0.11125657254545107,0.007444679691477996,0.11768163649188756,38.98
ITL3,TLH26,North and East Hertfordshire,554325.0,0.0062521974876921975,0.09378296231538297,0.006271783271191156,0.09832134292565886,42.5
ITL3,TLH27,South West Hertfordshire,565499.0,0.00446819221679983,0.06702288325199746,0.004478189471982974,0.06931994741245373,44.63
ITL3,TLH31,Southend-on-Sea,174274.0,0.004346774648448874,0.0652016197267331,0.004356235576578271,0.06737420638680902,31.29
ITL3,TLH32,Thurrock,158268.0,0.0028058143493320032,0.04208721523998005,0.0028097543305036776,0.042985439009504134,40.17
ITL3,TLH34,Essex Haven Gateway,459190.0,0.009020225512450075,0.13530338268675113,0.009061030343912257,0.14488406967354983,39.02
ITL3,TLH35,West Essex,287089.0,-0.002751694842728251,-0.041275422640923765,-0.0027479124006453137,-0.04043519232416681,38.62
ITL3,TLH36,Heart of Essex,304052.0,0.007213681378258189,0.10820522067387284,0.007239762654058124,0.11427639447645999,42.38
ITL3,TLH37,Essex Thames Gateway,346268.0,-0.002133515405744942,-0.03200273108617413,-0.0021312410794759318,-0.03149606299212637,40.89
ITL3,TLH41,Peterborough,184457.0,0.0053701467159312346,0.08055220073896852,0.005384591799637128,0.08388542478565841,38.34
ITL3,TLH42,Cambridgeshire CC,622312.0,0.0027790661984171314,0.04168599297625697,0.0027829313825895596,0.04256705396894356,40.99
ITL3,TLJ14,Oxfordshire CC,654791.0,-0.0011237544230729905,-0.016856316346094857,-0.001123123247522173,-0.01671504353918518,41.49
ITL3,TLJ15,Berkshire East,399507.0,0.011115957270373992,0.16673935905560988,0.011177969083945305,0.1814462918975983,56.81
ITL3,TLJ16,Berkshire West,464430.0,0.027286486879826023,0.4092973031973903,0.02766217232423185,0.5057593210063653,52.96
ITL3,TLJ21,Brighton and Hove,272952.0,0.025400762077947666,0.381011431169215,0.025726110291737214,0.4637643378519294,47.2
ITL3,TLJ22,East Sussex CC,527209.0,0.009550413253604855,0.1432561988040728,0.009596163980389205,0.15402542372881278,33.35
ITL3,TLJ25,West Surrey,752986.0,0.006256764459054942,0.09385146688582413,0.006276378896102441,0.09839658553466424,54.08
ITL3,TLJ26,East Surrey,382381.0,-0.002856905494908446,-0.04285358242362669,-0.0028528284239313084,-0.04194834460045094,53.46
ITL3,TLJ27,West Sussex (South West),430138.0,0.0101499958868299,0.15224993830244848,0.010201681817731956,0.16445124103046704,42.87
ITL3,TLJ28,West Sussex (North East),378781.0,0.010604312975312466,0.15906469462968698,0.01066073797522793,0.17241379310344773,37.94
ITL3,TLJ31,Portsmouth,205433.0,0.0053866995402181315,0.08080049310327198,0.0054012338918625336,0.08415457867345744,41.59
ITL3,TLJ32,Southampton,235870.0,-0.0006215304440852757,-0.009322956661279136,-0.0006213373340487882,-0.009279632641347235,47.18
ITL3,TLJ34,Isle of Wight,138392.0,0.005495970578365572,0.08243955867548358,0.005511101130988738,0.08593303622443083,35.46
ITL3,TLJ35,South Hampshire,441235.0,0.014166934915526083,0.21250402373289123,0.014267761509932475,0.23677108999178653,44.43
ITL3,TLJ36,Central Hampshire,526317.0,0.010625669355543247,0.1593850403331487,0.010682322260712862,0.17278943098852673,42.15
ITL3,TLJ37,North Hampshire,354566.0,0.020966358447393377,0.31449537671090066,0.021187696720035065,0.3695680206318508,64.49
ITL3,TLJ41,Medway,264885.0,0.0017879124746369138,0.026818687119553708,0.0017895117431208085,0.027181544633901877,39.16
ITL3,TLJ43,Kent Thames Gateway,335694.0,-0.012935775922536467,-0.194036638838047,-0.012852468375989412,-0.17637227304714953,35.04
ITL3,TLJ44,East Kent,504919.0,0.004464222549777593,0.0669633382466639,0.004474202035954056,0.06925627664613865,35.32
ITL3,TLJ45,Mid Kent,274169.0,-0.004095267713087066,-0.06142901569630599,-0.004086893539660297,-0.05958030159232364,34.2
ITL3,TLJ46,West Kent,351684.0,0.009806040648270554,0.1470906097240583,0.009854277406477818,0.15845892591806465,46.24
ITL3,TLK30,Cornwall and Isles of Scilly,535984.0,0.010974017582555066,0.164610263738326,0.011034452984240328,0.17893355600620242,32.74
ITL3,TLK41,Plymouth,256589.0,-0.001994644494807633,-0.029919667422114493,-0.0019926565134690266,-0.02947650492870124,33.97
ITL3,TLK42,Torbay,131193.0,-0.008481120346693889,-0.12721680520040834,-0.008445257103967818,-0.11945725434551191,27.68
ITL3,TLK43,Devon CC,747709.0,0.006948947911526678,0.10423421867290017,0.0069731478723458196,0.109860374499404,35.63
ITL3,TLK51,"Bristol, City of",428074.0,-0.0028356350864510676,-0.04253452629676602,-0.0028316184707284364,-0.04164262358145798,36.57
ITL3,TLK52,Bath & North East Somerset and South Gloucestershire,438955.0,0.012588189588504347,0.1888228438275652,0.012667754355335514,0.2078269595272615,48.99
ITL3,TLK61,North Somerset,203091.0,0.012829743154416857,0.19244614731625287,0.012912397408495924,0.21221122112211277,35.88
ITL3,TLK62,Somerset,531581.0,0.003956878763158341,0.059353181447375114,0.0039647175435559845,0.061149953041844896,34.53
ITL3,TLK63,"Bournemouth, Christchurch and Poole",379441.0,0.0007273298435755748,0.010909947653633623,0.0007275944120652689,0.010969678153782025,39.45
ITL3,TLK64,Dorset,365897.0,-0.004249324621839712,-0.06373986932759568,-0.004240309016567356,-0.06175096485882636,35.43
ITL3,TLK71,Swindon,209709.0,0.00399732994288294,0.059959949143244096,0.004005329922186274,0.061794019933555155,62.05
ITL3,TLK72,Wiltshire,474319.0,0.004262116427250717,0.06393174640876076,0.004271212163241334,0.06601963660986421,40.66
ITL3,TLK73,Gloucestershire CC,598289.0,0.003108420920090005,0.04662631380135007,0.003113257070029851,0.04773041352184593,40.77
ITL3,TLL31,Isle of Anglesey,69913.0,0.006569498787627322,0.09854248181440983,0.006591125277248588,0.10356128468429038,34.48
ITL3,TLL32,Gwynedd,121523.0,-0.00365657492851561,-0.05484862392773415,-0.0036498977993653092,-0.05337156599759496,29.27
ITL3,TLL33,Conwy and Denbighshire,209245.0,0.008319593550260447,0.12479390325390671,0.008354297542958244,0.13291493892188777,30.0
ITL3,TLL34,Flintshire and Wrexham,287736.0,0.017563030414755983,0.26344545622133975,0.017718167327383405,0.301406309388065,42.68
ITL3,TLL41,Mid Wales,208364.0,0.008659279618996922,0.12988919428495382,0.008696879632071663,0.13870220162224856,28.27
ITL3,TLL42,South West Wales,306574.0,0.007471872298244679,0.11207808447367018,0.007499856390500437,0.1186002025430406,32.3
ITL3,TLL43,Swansea,238691.0,0.0016835077874101027,0.02525261681115154,0.001684925682212679,0.025574165078728228,34.69
ITL3,TLL44,Neath Port Talbot,139880.0,0.004031545997475069,0.06047318996212603,0.004039683611086087,0.062339115836598014,34.21
ITL3,TLL51,Central Valleys and Bridgend,432634.0,0.0052170431548801115,0.07825564732320167,0.00523067562126478,0.08139908011552066,35.24
ITL3,TLL52,Cardiff and Vale of Glamorgan,472121.0,0.006746978454913943,0.10120467682370915,0.006769790589517655,0.10650309412658787,37.93
ITL3,TLH51,Norwich and East Norfolk,354322.0,0.010739676812004599,0.16109515218006898,0.010797554150086652,0.17479674796747924,37.2
ITL3,TLH52,North and West Norfolk,249600.0,0.0015331024267069893,0.02299653640060484,0.0015342782290306278,0.023262995367987926,33.63
ITL3,TLH53,Breckland and South Norfolk,255504.0,0.0111539977906468,0.167309966859702,0.011216435551615334,0.18212062674393725,40.29
ITL3,TLH61,Babergh and Mid Suffolk,184977.0,0.0049321443611908345,0.07398216541786251,0.0049443274064682186,0.07678760126805129,40.31
ITL3,TLH62,Ipswich,133729.0,0.006040617489445843,0.09060926234168765,0.006058898810892277,0.09484112601184003,42.52
ITL3,TLH63,East Suffolk,239946.0,0.013307358578202866,0.199610378673043,0.013396295541849623,0.22092696629213493,38.33
ITL3,TLH64,West Suffolk,171481.0,-0.0043973501601091885,-0.06596025240163783,-0.004387695972026373,-0.06383192601527976,35.65
ITL3,TLI33,Kensington & Chelsea and Hammersmith & Fulham,340696.0,0.01396118970895562,0.2094178456343343,0.014059102245880473,0.23296007789678597,48.45
ITL3,TLI34,Wandsworth,307710.0,0.0002911064962275963,0.004366597443413944,0.00029114887183556704,0.004376144921636849,35.39
ITL3,TLI35,Westminster and City of London,226994.0,-0.006117841219824704,-0.09176761829737057,-0.006099165334006007,-0.08768286927796176,71.21
ITL3,TLI36,Camden,220087.0,0.015542470874889958,0.23313706312334936,0.01566388327602586,0.2625545171339565,59.44
ITL3,TLI41,Hackney and Newham,557642.0,-0.007171744925060667,-0.10757617387591001,-0.007146089330855254,-0.10199188491331623,37.41
ITL3,TLI42,Tower Hamlets,256012.0,-0.0267437665133075,-0.4011564976996125,-0.026389318774898696,-0.3304547294562137,72.96
ITL3,TLI43,Haringey and Islington,461825.0,0.020072845203838164,0.30109267805757245,0.020275659508202093,0.351334574798261,52.0
ITL3,TLI44,Lewisham and Southwark,565655.0,0.006323818749723919,0.0948572812458588,0.0063438563072060195,0.09950192438306549,41.21
ITL3,TLI45,Lambeth,304481.0,-0.0013568414078243645,-0.020352621117365466,-0.0013559213147085192,-0.020146904512067132,54.12
ITL3,TLI51,Bexley and Greenwich,488257.0,-0.014234204516625463,-0.21351306774938195,-0.014133377193358165,-0.19225839528326072,43.11
ITL3,TLI52,Barking & Dagenham and Havering,424956.0,-0.014571806776796889,-0.21857710165195332,-0.014466151817551953,-0.19633848657445085,39.9
ITL3,TLI53,Redbridge and Waltham Forest,541137.0,-0.020283867456235782,-0.30425801184353674,-0.020079533708414976,-0.26232948583420745,35.92
ITL3,TLI54,Enfield,313935.0,0.001102070238199578,0.01653105357299367,0.001102677740754121,0.016668447483705773,46.53
ITL3,TLI61,Bromley,310554.0,-0.0046751218415269115,-0.07012682762290368,-0.004664210470029961,-0.06772442588726557,42.92
ITL3,TLI62,Croydon,364815.0,0.01014325236503216,0.15214878547548238,0.010194869523639793,0.16433345945264266,51.92
ITL3,TLI63,"Merton, Kingston upon Thames and Sutton",552102.0,-0.0004891366325728915,-0.007337049488593372,-0.0004890170247525694,-0.0073101990487938195,41.1
ITL3,TLI71,Barnet,357538.0,0.008103052592193728,0.1215457888829059,0.00813597117645104,0.1292410714285721,42.73
ITL3,TLI72,Brent,312245.0,0.0019431645757360745,0.02914746863604112,0.0019450537434766435,0.02957641350998319,45.02
ITL3,TLI73,Ealing,339314.0,-0.0059295129319297145,-0.08894269397894572,-0.005911968064758577,-0.08510199876365132,41.76
ITL3,TLI74,Harrow and Hillingdon,515998.0,-0.0010037289925911945,-0.015055934888867917,-0.0010032254251417516,-0.014943160982764603,39.97
ITL3,TLI75,Hounslow and Richmond upon Thames,442454.0,-0.0012043000434644568,-0.018064500651966853,-0.0012035751651866544,-0.017902315625607734,54.68
ITL3,TLJ12,Milton Keynes,249895.0,0.004976880394369706,0.07465320591554558,0.004989285634861007,0.07751041184636698,50.59
ITL3,TLJ13,Buckinghamshire,506550.0,-0.005967268579615788,-0.08950902869423683,-0.005949499793739488,-0.08561999057048586,40.15
ITL3,TLE22,North Yorkshire,601206.0,-0.0008479867123958466,-0.012719800685937699,-0.0008476272732707013,-0.012639245929733756,36.36
ITL3,TLE32,Sheffield,551756.0,0.005146142740814833,0.0771921411122225,0.005159406876653838,0.08024961681629095,36.08
ITL3,TLE33,Barnsley,231865.0,0.0019349237217534565,0.029023855826301848,0.001936796894612014,0.029449152542372792,34.03
ITL3,TLE34,Rotherham,257716.0,0.009455181205279455,0.1418277180791918,0.009500022647652484,0.15237809752198261,33.03
ITL3,TLE35,Doncaster,302468.0,0.0031638435612751556,0.04745765341912733,0.003168853796788884,0.048601795480342824,29.81
ITL3,TLE41,Bradford,523115.0,0.002889849498008227,0.04334774247012341,0.0028940291382761885,0.044300979519144246,33.46
ITL3,TLE42,Leeds,750683.0,0.008154605989602891,0.12231908984404338,0.008187945350526693,0.13011465236141828,41.47
ITL3,TLE44,Calderdale and Kirklees,627140.0,0.006682372301171391,0.10023558451757086,0.006704749166704271,0.10543130990415306,33.33
ITL3,TLE45,Wakefield,326433.0,0.004314350594146354,0.06471525891219532,0.004323670803400681,0.06685520361990904,36.15
ITL3,TLF11,Derby,248943.0,-0.011715578706138057,-0.17573368059207084,-0.011647218534015624,-0.1611586466755638,38.02
ITL3,TLF12,East Derbyshire,278917.0,0.0007133970001896491,0.010700955002844736,0.0007136515283525657,0.010758414997869892,37.75
ITL3,TLF13,South and West Derbyshire,491771.0,0.008847513618930472,0.1327127042839571,0.00888676855166004,0.14192188193519795,37.19
ITL3,TLF14,Nottingham,303899.0,-3.177478095833427e-05,-0.000476621714375014,-3.177427614531325e-05,-0.00047650814828914534,33.88
ITL3,TLF15,North Nottinghamshire,452058.0,0.002408159723715168,0.03612239585572752,0.002411061669324699,0.036782736635605495,31.06
ITL3,TLF16,South Nottinghamshire,334738.0,0.01027671198848387,0.15415067982725805,0.01032969874746792,0.1666666666666663,39.52
ITL3,TLF21,Leicester,329627.0,0.00628238071577177,0.09423571073657655,0.006302156260310721,0.09881871876419845,35.47
ITL3,TLF22,Leicestershire CC and Rutland,688760.0,0.00010505928173110135,0.0015758892259665203,0.00010506480065064494,0.0015771315919175244,36.38
ITL3,TLF24,West Northamptonshire,376008.0,0.005195821439030309,0.07793732158545463,0.005209343127860144,0.0810548977395047,38.21
ITL3,TLF25,North Northamptonshire,317959.0,-0.006538242940457136,-0.09807364410685704,-0.006516915137516843,-0.09341786313630474,31.57
ITL3,TLF30,Lincolnshire CC,714768.0,0.004603958716559357,0.06905938074839035,0.004614573217814888,0.07149983372131663,34.98
ITL3,TLG11,"Herefordshire, County of",183619.0,0.017792081359756236,0.26688122039634354,0.017951303334345692,0.3058853245769124,32.93
ITL3,TLG12,Worcestershire CC,566557.0,0.016857047402621284,0.25285571103931925,0.016999929151916282,0.2876974629009099,38.4
ITL3,TLL53,Gwent Valleys,339784.0,0.006755631296351083,0.10133446944526625,0.006778502046568713,0.10664671938448333,33.7
ITL3,TLL54,Monmouthshire and Newport,237293.0,0.013931378744164983,0.20897068116247475,0.014028872616277388,0.23240886520528026,37.78
ITL3,TLM01,Clackmannanshire and Fife,416800.0,0.005118768269109471,0.07678152403664207,0.005131891545521405,0.07980613893376365,38.51
ITL3,TLM02,"Perth and Kinross, and Stirling",237180.0,0.002684205822240789,0.040263087333611836,0.002687811528119255,0.041084634346754356,39.85
ITL3,TLM03,Angus and Dundee City,263400.0,0.006264855843247356,0.09397283764871034,0.0062845210978286214,0.09852990685669383,36.01
ITL3,TLM11,East Lothian and Midlothian,183370.0,0.010895635423656281,0.1634345313548442,0.010955209026791257,0.17754826017459746,37.05
ITL3,TLM12,Falkirk,156250.0,-0.0068763188704190036,-0.10314478305628505,-0.006852731086489983,-0.09800362976406474,38.69
ITL3,TLM13,City of Edinburgh,477940.0,0.015161846525425264,0.22742769788137895,0.015277370433945059,0.25536667080282904,56.26
ITL3,TLM14,West Lothian,175300.0,0.030525071776479548,0.4578760766471932,0.030995738619454816,0.5807131036557842,46.49
ITL3,TLM20,Highlands and Islands,493562.0,0.01332983755314198,0.1999475632971297,0.013419075907819211,0.22133871350581513,39.68
ITL3,TLM31,East Dunbartonshire and West Dunbartonshire,195610.0,0.013605489262430126,0.2040823389364519,0.013698465113605396,0.2263991296990202,40.06
ITL3,TLM32,Glasgow City,593060.0,0.012079606878798721,0.18119410318198081,0.012152859989078335,0.19864781807006748,38.56
ITL3,TLM33,"Inverclyde, East Renfrewshire, and Renfrewshire",346730.0,0.014191726704097362,0.21287590056146044,0.014292907333534055,0.2372311020310065,37.47
ITL3,TLM34,North Lanarkshire,337720.0,0.020512548929813926,0.3076882339472089,0.020724377161392527,0.3602768346826848,45.28
ITL3,TLM50,Aberdeen City and Aberdeenshire,476110.0,-0.001767526707937428,-0.02651290061906142,-0.0017659655525358309,-0.026164519326065783,38.48
ITL3,TLM91,Scottish Borders,113880.0,0.016013166250779302,0.24019749376168953,0.01614206409926444,0.2715002388915433,36.89
ITL3,TLM92,Dumfries and Galloway,151410.0,-0.0008242161158868555,-0.012363241738302833,-0.0008238765430842454,-0.012287130847165373,36.54
ITL3,TLM93,North Ayrshire and East Ayrshire,254698.0,0.0009381694839268799,0.014072542258903198,0.0009386097025729789,0.014172026599803988,37.85
ITL3,TLM94,South Ayrshire,112980.0,0.002516021865523162,0.03774032798284743,0.0025191897047642797,0.03846153846153899,35.5
ITL3,TLM95,South Lanarkshire,313900.0,-0.0029669556440215556,-0.04450433466032333,-0.0029625585808301658,-0.04352854589422739,37.41
ITL3,TLN06,Belfast,333895.0,0.006293841950658733,0.094407629259881,0.006313689791785038,0.0990076422949695,38.54
ITL3,TLN07,"Armagh City, Banbridge and Craigavon",200298.0,0.015565283387377112,0.23347925081065668,0.015687053385329053,0.2629866216704837,33.75
ITL3,TLN08,"Newry, Mourne and Down",172276.0,0.003355005592501037,0.050325083887515554,0.0033606399230721173,0.05161290322580636,35.95
ITL3,TLN09,Ards and North Down,156943.0,0.015151774332922467,0.227276614993837,0.015267144416325706,0.2551770207080828,39.02
ITL3,TLN0A,Derry City and Strabane,148191.0,0.010856607321060885,0.16284910981591327,0.01091575413310375,0.17685909980430514,37.59
ITL3,TLN0B,Mid Ulster,139011.0,0.004967021646683574,0.07450532470025362,0.004979377747906355,0.07735108007855152,40.78
ITL3,TLN0C,Causeway Coast and Glens,140907.0,0.003135174740219308,0.04702762110328962,0.00314009454067965,0.04815095976575168,35.55
ITL3,TLN0D,Antrim and Newtownabbey,138651.0,0.002747879888082257,0.041218198321233857,0.002751658770534293,0.04207946072924118,41.33
ITL3,TLN0E,Lisburn and Castlereagh,135280.0,0.018706373852878617,0.28059560779317927,0.0188824341674505,0.32391811350090705,38.22
ITL3,TLN0F,Mid and East Antrim,135365.0,-0.016845720922098077,-0.25268581383147115,-0.016704625162968445,-0.22328812437975532,39.12
ITL3,TLN0G,Fermanagh and Omagh,113501.0,0.015744456633609318,0.2361668495041398,0.015869053636141217,0.2663855883480255,38.55
National,TLB,England,53107169.0,0.004396135342659413,0.0659420301398912,0.0044058125211672294,0.06816479400749054,42.39
National,UKX,United Kingdom,63285145.0,0.005145439648435494,0.07718159472653241,0.005158700156983276,0.08023822414726633,41.87
MCA,E47000006,Tees Valley,663028.0,0.009769341883981219,0.1465401282597183,0.009817217682411838,0.15782139124375738,35.37
MCA,E47000014,North East,1933413.0,0.008745514299196877,0.13118271448795316,0.008783868035560083,0.14017608897126999,35.97
MCA,E47000001,Greater Manchester,2685386.0,0.012095041436865787,0.1814256215529868,0.012168482241729617,0.19892535918701104,39.77
MCA,E47000018,Lancashire,1461295.0,0.004571154097704048,0.06856731146556072,0.004581617760192502,0.07097271126760529,37.25
MCA,E47000004,Liverpool City Region,1506492.0,0.0035829120291066847,0.05374368043660027,0.0035893383310769966,0.05521409547223888,37.33
MCA,E47000016,Hull and East Yorkshire,590796.0,-0.005419380378225291,-0.08129070567337937,-0.005404722028062747,-0.07807435653002837,37.45
MCA,E47000017,Greater Lincolnshire,1042019.0,0.0062669542680056384,0.09400431402008458,0.0062866327123971555,0.0985644851362042,36.73
MCA,E47000012,York and North Yorkshire,798989.0,-0.00195708078655444,-0.0293562117983166,-0.001955166952664622,-0.028929503916448995,38.18
MCA,E47000007,West Midlands,2739733.0,0.001645491256022602,0.02468236884033903,0.0016468458196317037,0.024989500209995352,35.72
MCA,E47000008,Cambridgeshire and Peterborough,806769.0,0.0034728282922637634,0.05209242438395645,0.0034788655471977847,0.05347310461668808,40.29
MCA,E47000015,Devon and Torbay,878902.0,0.0045249431144252245,0.06787414671637837,0.004535196128454766,0.0702306079664563,34.4
MCA,E47000009,West of England,867029.0,0.004428099579625903,0.06642149369438854,0.004437918099681637,0.06867706289373121,42.01
MCA,E61000001,Greater London,8204407.0,-0.0016625965564834645,-0.024938948347251966,-0.0016612152084761744,-0.02463054187192104,53.2
MCA,E47000002,South Yorkshire,1343805.0,0.004875585373264239,0.07313378059896358,0.0048874903797251346,0.07587445841699303,33.77
MCA,E47000003,West Yorkshire,2227371.0,0.00695326102582623,0.10429891538739344,0.006977491071995523,0.10993218114198222,37.33
MCA,E47000013,East Midlands,2110326.0,0.001058274182262764,0.01587411273394146,0.0010588343519721821,0.01600077579518988,35.62
ITL1,TLC,North East,2598972.0,0.008636465234553666,0.129546978518305,0.008673867096182342,0.13831258644536648,35.82
ITL1,TLD,North West,7079344.0,0.007211408780660852,0.10817113170991277,0.007237473605994804,0.11423841059602635,39.31
ITL1,TLE,Yorkshire and The Humber,5313486.0,0.003977569689125637,0.05966354533688456,0.003985490718107831,0.06147934678194078,36.82
ITL1,TLG,West Midlands,5640325.0,0.004183968555709564,0.06275952833564347,0.004192733572068175,0.06477076124567493,36.02
ITL1,TLH,East,5915033.0,0.004820711175064514,0.07231066762596772,0.004832349497329247,0.07498925655350197,39.69
ITL1,TLJ,South East,8731840.0,0.007557111820086308,0.11335667730129462,0.007585738856752844,0.1200313514723994,45.22
ITL1,TLK,South West,5336343.0,0.0038607457856720375,0.05791118678508056,0.003868208064913503,0.059620883193899576,38.75
ITL1,TLL,Wales,3070928.0,0.007419300423055652,0.11128950634583479,0.007446891626037955,0.11771844660194142,35.15
ITL1,TLI,London,8320767.0,-0.0007680961253223373,-0.01152144187983506,-0.0007678012150047486,-0.011455324235481679,53.96
ITL1,TLF,East Midlands,4570702.0,0.0021958372513251946,0.03293755876987792,0.002198249867523261,0.03348600508905886,35.61
ITL1,TLM,Scotland,5313600.0,0.009157804604962412,0.1373670690744362,0.00919986559495145,0.14724919093851074,41.28
ITL1,TLN,Northern Ireland,1824603.0,0.008521311206195866,0.127819668092938,0.008557720924565082,0.13634806440561875,36.88
ITL2,TLC3,Tees Valley,664161.0,0.009769341883981219,0.1465401282597183,0.009817217682411838,0.15782139124375738,35.37
ITL2,TLC4,"Northumberland, Durham and Tyne & Wear",1934811.0,0.008745514299196877,0.13118271448795316,0.008783868035560083,0.14017608897126999,35.97
ITL2,TLD1,Cumbria,498835.0,0.00982776238237939,0.14741643573569085,0.009876213430823677,0.15883644346871573,36.25
ITL2,TLD3,Greater Manchester,2700093.0,0.012095041436865787,0.1814256215529868,0.012168482241729617,0.19892535918701104,39.77
ITL2,TLD4,Lancashire,1465418.0,0.004571154097704048,0.06856731146556072,0.004581617760192502,0.07097271126760529,37.25
ITL2,TLD6,Cheshire,907646.0,0.00020068872095677648,0.003010330814351647,0.00020070886028533685,0.003014866410230299,44.58
ITL2,TLD7,Merseyside,1507352.0,0.0035829120291066847,0.05374368043660027,0.0035893383310769966,0.05521409547223888,37.33
ITL2,TLE1,East Yorkshire and Northern Lincolnshire,920439.0,0.0009573661776622444,0.014360492664933666,0.0009578245989418921,0.014464099895941995,38.56
ITL2,TLE2,North Yorkshire,803120.0,-0.00195708078655444,-0.0293562117983166,-0.001955166952664622,-0.028929503916448995,38.18
ITL2,TLG1,"Herefordshire, Worcestershire and Warwickshire",1304603.0,0.01587282012304101,0.23809230184561514,0.01599946250236095,0.2688263024295907,39.61
ITL2,TLG2,Shropshire and Staffordshire,1576889.0,-0.0024591243869932574,-0.03688686580489886,-0.002456103217602479,-0.03621483375959089,33.44
ITL2,TLG3,West Midlands,2758833.0,0.001645491256022602,0.02468236884033903,0.0016468458196317037,0.024989500209995352,35.72
ITL2,TLH2,Bedfordshire and Hertfordshire,1757277.0,0.00530256650053745,0.07953849750806175,0.00531664998815673,0.08278724333770193,41.01
ITL2,TLH3,Essex,1742829.0,0.0034527459005978755,0.05179118850896813,0.0034587134939427777,0.05315580851712576,39.41
ITL2,TLH4,Cambridgeshire and Peterborough,817454.0,0.0034728282922637634,0.05209242438395645,0.0034788655471977847,0.05347310461668808,40.29
ITL2,TLJ1,"Berkshire, Buckinghamshire and Oxfordshire",2304463.0,0.008001504106985103,0.12002256160477653,0.008033601693514747,0.12752229000469262,47.65
ITL2,TLJ2,"Surrey, East and West Sussex",2766941.0,0.008055284798829792,0.12082927198244686,0.008087815895841954,0.12843224092116934,45.89
ITL2,TLJ3,Hampshire and Isle of Wight,1914030.0,0.01138682898112459,0.17080243471686885,0.011451905689467967,0.1862563627950018,47.17
ITL2,TLJ4,Kent,1746406.0,0.00046742237927658675,0.007011335689148801,0.0004675316381395067,0.007035972648895328,37.86
ITL2,TLK3,Cornwall and Isles of Scilly,539660.0,0.010784612256042199,0.161769183840633,0.010842975807528132,0.1755888650963593,32.74
ITL2,TLK4,Devon,1140828.0,0.004375367560834024,0.06563051341251036,0.004384953456987528,0.0678320946299591,34.5
ITL2,TLK5,West of England,875603.0,0.004428099579625903,0.06642149369438854,0.004437918099681637,0.06867706289373121,42.01
ITL2,TLK6,"North Somerset, Somerset and Dorset",1489344.0,0.002272831059668749,0.03409246589503123,0.0022754158981110884,0.03468027494271997,36.26
ITL2,TLK7,Gloucestershire and Wiltshire,1290908.0,0.0033614619704891878,0.05042192955733782,0.0033671180195342654,0.051714752313554824,44.54
ITL2,TLL3,North Wales,689203.0,0.01079129617322098,0.1618694425983147,0.010849732220838737,0.17570673408411874,35.82
ITL2,TLL4,Mid and South West Wales,895079.0,0.005718991059558812,0.08578486589338219,0.005735375708590729,0.08957189901207463,32.25
ITL2,TLL5,South East Wales,1486646.0,0.007712601657467507,0.1156890248620126,0.007742420380312032,0.12264670263128963,36.5
ITL2,TLH5,Norfolk,864776.0,0.008599150923131068,0.12898726384696602,0.00863622982759038,0.13767563446247677,37.06
ITL2,TLH6,Suffolk,732697.0,0.004877250345759343,0.07315875518639015,0.004889163491150095,0.07590132827324525,38.78
ITL2,TLI3,Inner London - West,1100641.0,0.0009105832620693496,0.013658748931040243,0.0009109979688735059,0.013752455795678076,64.56
ITL2,TLI4,Inner London - East,2179491.0,-0.0039049175581444234,-0.058573763372166354,-0.0038973032818412356,-0.056891329042029315,50.89
ITL2,TLI5,Outer London - East and North East,1792986.0,-0.013376080520673562,-0.20064120781010342,-0.013287018299018127,-0.18179405520169856,40.76
ITL2,TLI6,Outer London - South,1245990.0,0.0015031793165047583,0.022547689747571376,0.0015043096568305714,0.022803810256903034,44.4
ITL2,TLI7,Outer London - West and North West,2001659.0,0.00046462355751935767,0.006969353362790365,0.0004647315117631834,0.0069936958234828595,45.23
ITL2,TLE3,South Yorkshire,1348437.0,0.004875585373264239,0.07313378059896358,0.0048874903797251346,0.07587445841699303,33.77
ITL2,TLE4,West Yorkshire,2241490.0,0.00695326102582623,0.10429891538739344,0.006977491071995523,0.10993218114198222,37.33
ITL2,TLF1,Derbyshire and Nottinghamshire,2121441.0,0.001058274182262764,0.01587411273394146,0.0010588343519721821,0.01600077579518988,35.62
ITL2,TLF2,"Leicestershire, Rutland and Northamptonshire",1729454.0,0.0026644321434552273,0.03996648215182841,0.0026679848974353604,0.04077588903952445,35.85
ITL2,TLF3,Lincolnshire,719807.0,0.004102874352872081,0.06154311529308121,0.004111302664675742,0.06347634763476373,34.98
ITL2,TLM0,Eastern Scotland,920240.0,0.004744155066711168,0.07116232600066752,0.004755426387608619,0.07375551016019766,38.18
ITL2,TLM1,East Central Scotland,1000540.0,0.014390159656111005,0.21585239484166507,0.014494196439878149,0.2409191994069686,50.42
ITL2,TLM2,Highlands and Islands,622600.0,0.01332983755314198,0.1999475632971297,0.013419075907819211,0.22133871350581513,39.68
ITL2,TLM3,West Central Scotland,1475210.0,0.014081776895755146,0.21122665343632718,0.014181392153418626,0.23519228391245162,39.67
ITL2,TLM5,North Eastern Scotland,480470.0,-0.0018000123234820956,-0.027000184852231435,-0.001798393272882448,-0.026638938403644064,38.48
ITL2,TLM9,Southern Scotland,952110.0,0.0009154116508764669,0.013731174763147003,0.0009158307680001698,0.013825880319723316,37.01
ITL2,TLN0,Northern Ireland,1824603.0,0.008521311206195866,0.127819668092938,0.008557720924565082,0.13634806440561875,36.88
ITL3,TLC31,Hartlepool and Stockton-on-Tees,285181.0,0.004826645455367876,0.07239968183051815,0.004838312471842077,0.07508495012605487,39.7
ITL3,TLC32,South Teesside,273423.0,0.007194224718001685,0.10791337077002527,0.0072201653228494145,0.11395124046826344,32.92
ITL3,TLC33,Darlington,105557.0,0.026139166429581393,0.3920874964437209,0.026483790617959357,0.48006720635405586,31.11
ITL3,TLC41,Durham,513122.0,-8.016836320313321e-05,-0.0012025254480469982,-8.016514980579981e-05,-0.0012018027040554546,36.02
ITL3,TLC42,Northumberland,315924.0,0.011110467949889902,0.16665701924834853,0.011172418419241215,0.1813490158425346,34.87
ITL3,TLC43,Tyneside,830448.0,0.013570027923728568,0.2035504188559285,0.013662518646351485,0.22574695684249324,35.73
ITL3,TLC44,Sunderland,275317.0,0.0033925122158262747,0.05088768323739412,0.003398273298399035,0.052204706419921365,37.84
ITL3,TLD13,Cumberland,274285.0,0.0016959347601366896,0.025439021402050344,0.0016973736708099096,0.0257653546301575,32.07
ITL3,TLD14,Westmorland and Furness,224550.0,0.016142134038361355,0.24213201057542033,0.016273122144091712,0.27396235822011716,41.41
ITL3,TLD33,Manchester,506869.0,0.013281800312948455,0.19922700469422683,0.013370395221505404,0.22045898437500022,44.77
ITL3,TLD34,Greater Manchester South West,465933.0,0.003607897856211532,0.05411846784317298,0.003614414154037515,0.05560965054635991,41.26
ITL3,TLD35,Greater Manchester South East,504410.0,0.014828149714657771,0.22242224571986657,0.014938632134475327,0.24909869310500166,37.97
ITL3,TLD36,Greater Manchester North West,597847.0,0.014141136090976936,0.21211704136465404,0.01424159493144228,0.23629257398101533,36.36
ITL3,TLD37,Greater Manchester North East,625034.0,0.007798736445389665,0.11698104668084497,0.007829225798401174,0.12409812409812404,33.15
ITL3,TLD41,Blackburn with Darwen,148532.0,0.015271905859006611,0.22907858788509916,0.015389117334017044,0.2574408547443401,33.27
ITL3,TLD42,Blackpool,142565.0,-0.0011392747864195012,-0.017089121796292517,-0.0011386260592829434,-0.016943930991989653,30.25
ITL3,TLD44,Lancaster and Wyre,245918.0,0.014690276615108763,0.22035414922663143,0.014798709045447556,0.24651810584958245,37.07
ITL3,TLD45,Mid Lancashire,382505.0,-0.0002216860896781488,-0.003325291345172232,-0.0002216615191326099,-0.0033197686870853893,40.99
ITL3,TLD46,East Lancashire,325942.0,0.011994596472784735,0.17991894709177103,0.012066820120696375,0.19712032910524457,36.59
ITL3,TLD47,Chorley and West Lancashire,219956.0,0.0018986479282174192,0.028479718923261288,0.0019004515014646728,0.028889143643242132,37.49
ITL3,TLD61,Warrington,203914.0,0.0016297558333234837,0.024446337499852255,0.0016310846071225793,0.024747599113519092,37.73
ITL3,TLD62,Cheshire East,372501.0,-0.0002607386334502119,-0.0039110795017531785,-0.0002607046440868954,-0.0039034411915761513,47.43
ITL3,TLD63,Cheshire West and Chester,331231.0,0.004805360986949067,0.07208041480423599,0.004816925250122894,0.0747417657376721,47.88
ITL3,TLD71,East Merseyside,448037.0,0.005558773929270089,0.08338160893905133,0.005574252580552219,0.08695652173913082,38.53
ITL3,TLD72,Liverpool,465365.0,0.0013006658128428346,0.01950998719264252,0.0013015120454700213,0.019701550765629294,37.48
ITL3,TLD73,Sefton,273979.0,0.0030489317109061885,0.04573397566359283,0.0030535844306016635,0.046795900728485273,36.2
ITL3,TLD74,Wirral,319971.0,0.005168768570017986,0.07753152855026979,0.005182149699002325,0.08061630218687821,36.01
ITL3,TLE11,"Kingston upon Hull, City of",258085.0,-0.008571208639750043,-0.12856812959625064,-0.008534580554668048,-0.12064634963161391,34.02
ITL3,TLE12,East Riding of Yorkshire,334972.0,-0.002747050917575322,-0.04120576376362983,-0.0027432812258385564,-0.040368347788842796,40.77
ITL3,TLE13,North and North East Lincolnshire,327382.0,0.009709760947124835,0.14564641420687252,0.009757053618862033,0.15678709224833431,40.57
ITL3,TLE21,York,199157.0,-0.0015127831399275613,-0.022691747098913417,-0.0015116394602990857,-0.022436225796537812,43.52
ITL3,TLG13,Warwickshire CC,550276.0,0.01128249107979323,0.16923736619689844,0.011346378425673098,0.18440124237892586,42.34
ITL3,TLG21,Telford and Wrekin,167964.0,-0.004988233605669853,-0.07482350408504779,-0.004975813029245102,-0.07209275628515688,34.96
ITL3,TLG22,Shropshire,307921.0,-0.008686266481199745,-0.13029399721799617,-0.008648649863291391,-0.12216268874817304,32.36
ITL3,TLG23,Stoke-on-Trent,250322.0,0.007266801033084688,0.10900201549627031,0.007293268303666167,0.11516459794927081,33.01
ITL3,TLG24,Staffordshire CC,850682.0,-0.0022626299547357696,-0.03393944932103654,-0.00226007213707502,-0.03336996702967354,33.66
ITL3,TLG31,Birmingham,1084661.0,-0.0013741898162720645,-0.020612847244080967,-0.0013732460498007137,-0.020401854714065637,35.14
ITL3,TLG32,Solihull,207729.0,-0.007986220333537552,-0.11979330500306329,-0.007954415199849296,-0.11289622231871488,41.8
ITL3,TLG33,Coventry,318141.0,-0.0018496021541510052,-0.027744032312265077,-0.0018478926941893903,-0.02736270133902552,40.39
ITL3,TLG36,Dudley,313631.0,0.00500413459829178,0.0750620189743767,0.00501667619104329,0.07795100222717077,31.91
ITL3,TLG37,Sandwell,312710.0,0.006656151978229078,0.09984227967343617,0.006678353389127922,0.1049966239027682,32.84
ITL3,TLG38,Walsall,270517.0,0.006874181409552035,0.10311272114328052,0.006897862826931833,0.10861636653749662,31.2
ITL3,TLG39,Wolverhampton,251444.0,0.009499132480532838,0.14248698720799258,0.00954439243606342,0.1531380753138072,35.29
ITL3,TLH21,Luton,205873.0,0.006995385186087155,0.10493077779130733,0.007019910046634159,0.11063372717508058,34.12
ITL3,TLH24,Bedford,160344.0,0.00025496413777622944,0.0038244620666434415,0.0002549966438945006,0.003831784653702597,33.6
ITL3,TLH25,Central Bedfordshire,259524.0,0.007417104836363405,0.11125657254545107,0.007444679691477996,0.11768163649188756,38.98
ITL3,TLH26,North and East Hertfordshire,558524.0,0.0062521974876921975,0.09378296231538297,0.006271783271191156,0.09832134292565886,42.5
ITL3,TLH27,South West Hertfordshire,573012.0,0.00446819221679983,0.06702288325199746,0.004478189471982974,0.06931994741245373,44.63
ITL3,TLH31,Southend-on-Sea,175196.0,0.004346774648448874,0.0652016197267331,0.004356235576578271,0.06737420638680902,31.29
ITL3,TLH32,Thurrock,160026.0,0.0028058143493320032,0.04208721523998005,0.0028097543305036776,0.042985439009504134,40.17
ITL3,TLH34,Essex Haven Gateway,462561.0,0.009020225512450075,0.13530338268675113,0.009061030343912257,0.14488406967354983,39.02
ITL3,TLH35,West Essex,291225.0,-0.002751694842728251,-0.041275422640923765,-0.0027479124006453137,-0.04043519232416681,38.62
ITL3,TLH36,Heart of Essex,305498.0,0.007213681378258189,0.10820522067387284,0.007239762654058124,0.11427639447645999,42.38
ITL3,TLH37,Essex Thames Gateway,348323.0,-0.002133515405744942,-0.03200273108617413,-0.0021312410794759318,-0.03149606299212637,40.89
ITL3,TLH41,Peterborough,188675.0,0.0053701467159312346,0.08055220073896852,0.005384591799637128,0.08388542478565841,38.34
ITL3,TLH42,Cambridgeshire CC,628779.0,0.0027790661984171314,0.04168599297625697,0.0027829313825895596,0.04256705396894356,40.99
ITL3,TLJ14,Oxfordshire CC,662243.0,-0.0011237544230729905,-0.016856316346094857,-0.001123123247522173,-0.01671504353918518,41.49
ITL3,TLJ15,Berkshire East,404837.0,0.011115957270373992,0.16673935905560988,0.011177969083945305,0.1814462918975983,56.81
ITL3,TLJ16,Berkshire West,471275.0,0.027286486879826023,0.4092973031973903,0.02766217232423185,0.5057593210063653,52.96
ITL3,TLJ21,Brighton and Hove,274051.0,0.025400762077947666,0.381011431169215,0.025726110291737214,0.4637643378519294,47.2
ITL3,TLJ22,East Sussex CC,530358.0,0.009550413253604855,0.1432561988040728,0.009596163980389205,0.15402542372881278,33.35
ITL3,TLJ25,West Surrey,758887.0,0.006256764459054942,0.09385146688582413,0.006276378896102441,0.09839658553466424,54.08
ITL3,TLJ26,East Surrey,386124.0,-0.002856905494908446,-0.04285358242362669,-0.0028528284239313084,-0.04194834460045094,53.46
ITL3,TLJ27,West Sussex (South West),435159.0,0.0101499958868299,0.15224993830244848,0.010201681817731956,0.16445124103046704,42.87
ITL3,TLJ28,West Sussex (North East),382362.0,0.010604312975312466,0.15906469462968698,0.01066073797522793,0.17241379310344773,37.94
ITL3,TLJ31,Portsmouth,205729.0,0.0053866995402181315,0.08080049310327198,0.0054012338918625336,0.08415457867345744,41.59
ITL3,TLJ32,Southampton,238097.0,-0.0006215304440852757,-0.009322956661279136,-0.0006213373340487882,-0.009279632641347235,47.18
ITL3,TLJ34,Isle of Wight,138632.0,0.005495970578365572,0.08243955867548358,0.005511101130988738,0.08593303622443083,35.46
ITL3,TLJ35,South Hampshire,443543.0,0.014166934915526083,0.21250402373289123,0.014267761509932475,0.23677108999178653,44.43
ITL3,TLJ36,Central Hampshire,528822.0,0.010625669355543247,0.1593850403331487,0.010682322260712862,0.17278943098852673,42.15
ITL3,TLJ37,North Hampshire,359207.0,0.020966358447393377,0.31449537671090066,0.021187696720035065,0.3695680206318508,64.49
ITL3,TLJ41,Medway,268144.0,0.0017879124746369138,0.026818687119553708,0.0017895117431208085,0.027181544633901877,39.16
ITL3,TLJ43,Kent Thames Gateway,339762.0,-0.012935775922536467,-0.194036638838047,-0.012852468375989412,-0.17637227304714953,35.04
ITL3,TLJ44,East Kent,507154.0,0.004464222549777593,0.0669633382466639,0.004474202035954056,0.06925627664613865,35.32
ITL3,TLJ45,Mid Kent,277648.0,-0.004095267713087066,-0.06142901569630599,-0.004086893539660297,-0.05958030159232364,34.2
ITL3,TLJ46,West Kent,353698.0,0.009806040648270554,0.1470906097240583,0.009854277406477818,0.15845892591806465,46.24
ITL3,TLK30,Cornwall and Isles of Scilly,539660.0,0.010974017582555066,0.164610263738326,0.011034452984240328,0.17893355600620242,32.74
ITL3,TLK41,Plymouth,257886.0,-0.001994644494807633,-0.029919667422114493,-0.0019926565134690266,-0.02947650492870124,33.97
ITL3,TLK42,Torbay,131806.0,-0.008481120346693889,-0.12721680520040834,-0.008445257103967818,-0.11945725434551191,27.68
ITL3,TLK43,Devon CC,751136.0,0.006948947911526678,0.10423421867290017,0.0069731478723458196,0.109860374499404,35.63
ITL3,TLK51,"Bristol, City of",433264.0,-0.0028356350864510676,-0.04253452629676602,-0.0028316184707284364,-0.04164262358145798,36.57
ITL3,TLK52,Bath & North East Somerset and South Gloucestershire,442339.0,0.012588189588504347,0.1888228438275652,0.012667754355335514,0.2078269595272615,48.99
ITL3,TLK61,North Somerset,204465.0,0.012829743154416857,0.19244614731625287,0.012912397408495924,0.21221122112211277,35.88
ITL3,TLK62,Somerset,535842.0,0.003956878763158341,0.059353181447375114,0.0039647175435559845,0.061149953041844896,34.53
ITL3,TLK63,"Bournemouth, Christchurch and Poole",382465.0,0.0007273298435755748,0.010909947653633623,0.0007275944120652689,0.010969678153782025,39.45
ITL3,TLK64,Dorset,366572.0,-0.004249324621839712,-0.06373986932759568,-0.004240309016567356,-0.06175096485882636,35.43
ITL3,TLK71,Swindon,212801.0,0.00399732994288294,0.059959949143244096,0.004005329922186274,0.061794019933555155,62.05
ITL3,TLK72,Wiltshire,476806.0,0.004262116427250717,0.06393174640876076,0.004271212163241334,0.06601963660986421,40.66
ITL3,TLK73,Gloucestershire CC,601301.0,0.003108420920090005,0.04662631380135007,0.003113257070029851,0.04773041352184593,40.77
ITL3,TLL31,Isle of Anglesey,69964.0,0.006569498787627322,0.09854248181440983,0.006591125277248588,0.10356128468429038,34.48
ITL3,TLL32,Gwynedd,121439.0,-0.00365657492851561,-0.05484862392773415,-0.0036498977993653092,-0.05337156599759496,29.27
ITL3,TLL33,Conwy and Denbighshire,209551.0,0.008319593550260447,0.12479390325390671,0.008354297542958244,0.13291493892188777,30.0
ITL3,TLL34,Flintshire and Wrexham,288249.0,0.017563030414755983,0.26344545622133975,0.017718167327383405,0.301406309388065,42.68
ITL3,TLL41,Mid Wales,209361.0,0.008659279618996922,0.12988919428495382,0.008696879632071663,0.13870220162224856,28.27
ITL3,TLL42,South West Wales,306827.0,0.007471872298244679,0.11207808447367018,0.007499856390500437,0.1186002025430406,32.3
ITL3,TLL43,Swansea,239197.0,0.0016835077874101027,0.02525261681115154,0.001684925682212679,0.025574165078728228,34.69
ITL3,TLL44,Neath Port Talbot,139694.0,0.004031545997475069,0.06047318996212603,0.004039683611086087,0.062339115836598014,34.21
ITL3,TLL51,Central Valleys and Bridgend,434125.0,0.0052170431548801115,0.07825564732320167,0.00523067562126478,0.08139908011552066,35.24
ITL3,TLL52,Cardiff and Vale of Glamorgan,474787.0,0.006746978454913943,0.10120467682370915,0.006769790589517655,0.10650309412658787,37.93
ITL3,TLH51,Norwich and East Norfolk,357012.0,0.010739676812004599,0.16109515218006898,0.010797554150086652,0.17479674796747924,37.2
ITL3,TLH52,North and West Norfolk,250383.0,0.0015331024267069893,0.02299653640060484,0.0015342782290306278,0.023262995367987926,33.63
ITL3,TLH53,Breckland and South Norfolk,257381.0,0.0111539977906468,0.167309966859702,0.011216435551615334,0.18212062674393725,40.29
ITL3,TLH61,Babergh and Mid Suffolk,185576.0,0.0049321443611908345,0.07398216541786251,0.0049443274064682186,0.07678760126805129,40.31
ITL3,TLH62,Ipswich,135694.0,0.006040617489445843,0.09060926234168765,0.006058898810892277,0.09484112601184003,42.52
ITL3,TLH63,East Suffolk,239607.0,0.013307358578202866,0.199610378673043,0.013396295541849623,0.22092696629213493,38.33
ITL3,TLH64,West Suffolk,171820.0,-0.0043973501601091885,-0.06596025240163783,-0.004387695972026373,-0.06383192601527976,35.65
ITL3,TLI33,Kensington & Chelsea and Hammersmith & Fulham,341679.0,0.01396118970895562,0.2094178456343343,0.014059102245880473,0.23296007789678597,48.45
ITL3,TLI34,Wandsworth,312262.0,0.0002911064962275963,0.004366597443413944,0.00029114887183556704,0.004376144921636849,35.39
ITL3,TLI35,Westminster and City of London,227053.0,-0.006117841219824704,-0.09176761829737057,-0.006099165334006007,-0.08768286927796176,71.21
ITL3,TLI36,Camden,219647.0,0.015542470874889958,0.23313706312334936,0.01566388327602586,0.2625545171339565,59.44
ITL3,TLI41,Hackney and Newham,564943.0,-0.007171744925060667,-0.10757617387591001,-0.007146089330855254,-0.10199188491331623,37.41
ITL3,TLI42,Tower Hamlets,261936.0,-0.0267437665133075,-0.4011564976996125,-0.026389318774898696,-0.3304547294562137,72.96
ITL3,TLI43,Haringey and Islington,468074.0,0.020072845203838164,0.30109267805757245,0.020275659508202093,0.351334574798261,52.0
ITL3,TLI44,Lewisham and Southwark,574089.0,0.006323818749723919,0.0948572812458588,0.0063438563072060195,0.09950192438306549,41.21
ITL3,TLI45,Lambeth,310449.0,-0.0013568414078243645,-0.020352621117365466,-0.0013559213147085192,-0.020146904512067132,54.12
ITL3,TLI51,Bexley and Greenwich,494795.0,-0.014234204516625463,-0.21351306774938195,-0.014133377193358165,-0.19225839528326072,43.11
ITL3,TLI52,Barking & Dagenham and Havering,431399.0,-0.014571806776796889,-0.21857710165195332,-0.014466151817551953,-0.19633848657445085,39.9
ITL3,TLI53,Redbridge and Waltham Forest,549012.0,-0.020283867456235782,-0.30425801184353674,-0.020079533708414976,-0.26232948583420745,35.92
ITL3,TLI54,Enfield,317780.0,0.001102070238199578,0.01653105357299367,0.001102677740754121,0.016668447483705773,46.53
ITL3,TLI61,Bromley,314663.0,-0.0046751218415269115,-0.07012682762290368,-0.004664210470029961,-0.06772442588726557,42.92
ITL3,TLI62,Croydon,369617.0,0.01014325236503216,0.15214878547548238,0.010194869523639793,0.16433345945264266,51.92
ITL3,TLI63,"Merton, Kingston upon Thames and Sutton",561710.0,-0.0004891366325728915,-0.007337049488593372,-0.0004890170247525694,-0.0073101990487938195,41.1
ITL3,TLI71,Barnet,363260.0,0.008103052592193728,0.1215457888829059,0.00813597117645104,0.1292410714285721,42.73
ITL3,TLI72,Brent,317984.0,0.0019431645757360745,0.02914746863604112,0.0019450537434766435,0.02957641350998319,45.02
ITL3,TLI73,Ealing,344834.0,-0.0059295129319297145,-0.08894269397894572,-0.005911968064758577,-0.08510199876365132,41.76
ITL3,TLI74,Harrow and Hillingdon,525063.0,-0.0010037289925911945,-0.015055934888867917,-0.0010032254251417516,-0.014943160982764603,39.97
ITL3,TLI75,Hounslow and Richmond upon Thames,450518.0,-0.0012043000434644568,-0.018064500651966853,-0.0012035751651866544,-0.017902315625607734,54.68
ITL3,TLJ12,Milton Keynes,254003.0,0.004976880394369706,0.07465320591554558,0.004989285634861007,0.07751041184636698,50.59
ITL3,TLJ13,Buckinghamshire,512105.0,-0.005967268579615788,-0.08950902869423683,-0.005949499793739488,-0.08561999057048586,40.15
ITL3,TLE22,North Yorkshire,603963.0,-0.0008479867123958466,-0.012719800685937699,-0.0008476272732707013,-0.012639245929733756,36.36
ITL3,TLE32,Sheffield,553842.0,0.005146142740814833,0.0771921411122225,0.005159406876653838,0.08024961681629095,36.08
ITL3,TLE33,Barnsley,233259.0,0.0019349237217534565,0.029023855826301848,0.001936796894612014,0.029449152542372792,34.03
ITL3,TLE34,Rotherham,258710.0,0.009455181205279455,0.1418277180791918,0.009500022647652484,0.15237809752198261,33.03
ITL3,TLE35,Doncaster,302626.0,0.0031638435612751556,0.04745765341912733,0.003168853796788884,0.048601795480342824,29.81
ITL3,TLE41,Bradford,525522.0,0.002889849498008227,0.04334774247012341,0.0028940291382761885,0.044300979519144246,33.46
ITL3,TLE42,Leeds,758029.0,0.008154605989602891,0.12231908984404338,0.008187945350526693,0.13011465236141828,41.47
ITL3,TLE44,Calderdale and Kirklees,630038.0,0.006682372301171391,0.10023558451757086,0.006704749166704271,0.10543130990415306,33.33
ITL3,TLE45,Wakefield,327901.0,0.004314350594146354,0.06471525891219532,0.004323670803400681,0.06685520361990904,36.15
ITL3,TLF11,Derby,251804.0,-0.011715578706138057,-0.17573368059207084,-0.011647218534015624,-0.1611586466755638,38.02
ITL3,TLF12,East Derbyshire,279660.0,0.0007133970001896491,0.010700955002844736,0.0007136515283525657,0.010758414997869892,37.75
ITL3,TLF13,South and West Derbyshire,492930.0,0.008847513618930472,0.1327127042839571,0.00888676855166004,0.14192188193519795,37.19
ITL3,TLF14,Nottingham,307436.0,-3.177478095833427e-05,-0.000476621714375014,-3.177427614531325e-05,-0.00047650814828914534,33.88
ITL3,TLF15,North Nottinghamshire,454006.0,0.002408159723715168,0.03612239585572752,0.002411061669324699,0.036782736635605495,31.06
ITL3,TLF16,South Nottinghamshire,335605.0,0.01027671198848387,0.15415067982725805,0.01032969874746792,0.1666666666666663,39.52
ITL3,TLF21,Leicester,334099.0,0.00628238071577177,0.09423571073657655,0.006302156260310721,0.09881871876419845,35.47
ITL3,TLF22,Leicestershire CC and Rutland,692212.0,0.00010505928173110135,0.0015758892259665203,0.00010506480065064494,0.0015771315919175244,36.38
ITL3,TLF24,West Northamptonshire,380827.0,0.005195821439030309,0.07793732158545463,0.005209343127860144,0.0810548977395047,38.21
ITL3,TLF25,North Northamptonshire,322316.0,-0.006538242940457136,-0.09807364410685704,-0.006516915137516843,-0.09341786313630474,31.57
ITL3,TLF30,Lincolnshire CC,719807.0,0.004603958716559357,0.06905938074839035,0.004614573217814888,0.07149983372131663,34.98
ITL3,TLG11,"Herefordshire, County of",184208.0,0.017792081359756236,0.26688122039634354,0.017951303334345692,0.3058853245769124,32.93
ITL3,TLG12,Worcestershire CC,570119.0,0.016857047402621284,0.25285571103931925,0.016999929151916282,0.2876974629009099,38.4
ITL3,TLL53,Gwent Valleys,339351.0,0.006755631296351083,0.10133446944526625,0.006778502046568713,0.10664671938448333,33.7
ITL3,TLL54,Monmouthshire and Newport,238383.0,0.013931378744164983,0.20897068116247475,0.014028872616277388,0.23240886520528026,37.78
ITL3,TLM01,Clackmannanshire and Fife,417490.0,0.005118768269109471,0.07678152403664207,0.005131891545521405,0.07980613893376365,38.51
ITL3,TLM02,"Perth and Kinross, and Stirling",238750.0,0.002684205822240789,0.040263087333611836,0.002687811528119255,0.041084634346754356,39.85
ITL3,TLM03,Angus and Dundee City,264000.0,0.006264855843247356,0.09397283764871034,0.0062845210978286214,0.09852990685669383,36.01
ITL3,TLM11,East Lothian and Midlothian,185100.0,0.010895635423656281,0.1634345313548442,0.010955209026791257,0.17754826017459746,37.05
ITL3,TLM12,Falkirk,156800.0,-0.0068763188704190036,-0.10314478305628505,-0.006852731086489983,-0.09800362976406474,38.69
ITL3,TLM13,City of Edinburgh,482630.0,0.015161846525425264,0.22742769788137895,0.015277370433945059,0.25536667080282904,56.26
ITL3,TLM14,West Lothian,176010.0,0.030525071776479548,0.4578760766471932,0.030995738619454816,0.5807131036557842,46.49
ITL3,TLM20,Highlands and Islands,622600.0,0.01332983755314198,0.1999475632971297,0.013419075907819211,0.22133871350581513,39.68
ITL3,TLM31,East Dunbartonshire and West Dunbartonshire,196220.0,0.013605489262430126,0.2040823389364519,0.013698465113605396,0.2263991296990202,40.06
ITL3,TLM32,Glasgow City,595070.0,0.012079606878798721,0.18119410318198081,0.012152859989078335,0.19864781807006748,38.56
ITL3,TLM33,"Inverclyde, East Renfrewshire, and Renfrewshire",346030.0,0.014191726704097362,0.21287590056146044,0.014292907333534055,0.2372311020310065,37.47
ITL3,TLM34,North Lanarkshire,337890.0,0.020512548929813926,0.3076882339472089,0.020724377161392527,0.3602768346826848,45.28
ITL3,TLM50,Aberdeen City and Aberdeenshire,480470.0,-0.001767526707937428,-0.02651290061906142,-0.0017659655525358309,-0.026164519326065783,38.48
ITL3,TLM91,Scottish Borders,113720.0,0.016013166250779302,0.24019749376168953,0.01614206409926444,0.2715002388915433,36.89
ITL3,TLM92,Dumfries and Galloway,150840.0,-0.0008242161158868555,-0.012363241738302833,-0.0008238765430842454,-0.012287130847165373,36.54
ITL3,TLM93,North Ayrshire and East Ayrshire,260300.0,0.0009381694839268799,0.014072542258903198,0.0009386097025729789,0.014172026599803988,37.85
ITL3,TLM94,South Ayrshire,112920.0,0.002516021865523162,0.03774032798284743,0.0025191897047642797,0.03846153846153899,35.5
ITL3,TLM95,South Lanarkshire,314330.0,-0.0029669556440215556,-0.04450433466032333,-0.0029625585808301658,-0.04352854589422739,37.41
ITL3,TLN06,Belfast,334322.0,0.006293841950658733,0.094407629259881,0.006313689791785038,0.0990076422949695,38.54
ITL3,TLN07,"Armagh City, Banbridge and Craigavon",202560.0,0.015565283387377112,0.23347925081065668,0.015687053385329053,0.2629866216704837,33.75
ITL3,TLN08,"Newry, Mourne and Down",173754.0,0.003355005592501037,0.050325083887515554,0.0033606399230721173,0.05161290322580636,35.95
ITL3,TLN09,Ards and North Down,157794.0,0.015151774332922467,0.227276614993837,0.015267144416325706,0.2551770207080828,39.02
ITL3,TLN0A,Derry City and Strabane,148666.0,0.010856607321060885,0.16284910981591327,0.01091575413310375,0.17685909980430514,37.59
ITL3,TLN0B,Mid Ulster,140466.0,0.004967021646683574,0.07450532470025362,0.004979377747906355,0.07735108007855152,40.78
ITL3,TLN0C,Causeway Coast and Glens,141147.0,0.003135174740219308,0.04702762110328962,0.00314009454067965,0.04815095976575168,35.55
ITL3,TLN0D,Antrim and Newtownabbey,139397.0,0.002747879888082257,0.041218198321233857,0.002751658770534293,0.04207946072924118,41.33
ITL3,TLN0E,Lisburn and Castlereagh,136498.0,0.018706373852878617,0.28059560779317927,0.0188824341674505,0.32391811350090705,38.22
ITL3,TLN0F,Mid and East Antrim,135837.0,-0.016845720922098077,-0.25268581383147115,-0.016704625162968445,-0.22328812437975532,39.12
ITL3,TLN0G,Fermanagh and Omagh,114162.0,0.015744456633609318,0.2361668495041398,0.015869053636141217,0.2663855883480255,38.55
National,TLB,England,53506812.0,0.004396135342659413,0.0659420301398912,0.0044058125211672294,0.06816479400749054,42.39
National,UKX,United Kingdom,63715943.0,0.005145439648435494,0.07718159472653241,0.005158700156983276,0.08023822414726633,41.87
MCA,E47000006,Tees Valley,664161.0,0.009769341883981219,0.1465401282597183,0.009817217682411838,0.15782139124375738,35.37
MCA,E47000014,North East,1934811.0,0.008745514299196877,0.13118271448795316,0.008783868035560083,0.14017608897126999,35.97
MCA,E47000001,Greater Manchester,2700093.0,0.012095041436865787,0.1814256215529868,0.012168482241729617,0.19892535918701104,39.77
MCA,E47000018,Lancashire,1465418.0,0.004571154097704048,0.06856731146556072,0.004581617760192502,0.07097271126760529,37.25
MCA,E47000004,Liverpool City Region,1507352.0,0.0035829120291066847,0.05374368043660027,0.0035893383310769966,0.05521409547223888,37.33
MCA,E47000016,Hull and East Yorkshire,593057.0,-0.005419380378225291,-0.08129070567337937,-0.005404722028062747,-0.07807435653002837,37.45
MCA,E47000017,Greater Lincolnshire,1047189.0,0.0062669542680056384,0.09400431402008458,0.0062866327123971555,0.0985644851362042,36.73
MCA,E47000012,York and North Yorkshire,803120.0,-0.00195708078655444,-0.0293562117983166,-0.001955166952664622,-0.028929503916448995,38.18
MCA,E47000007,West Midlands,2758833.0,0.001645491256022602,0.02468236884033903,0.0016468458196317037,0.024989500209995352,35.72
MCA,E47000008,Cambridgeshire and Peterborough,817454.0,0.0034728282922637634,0.05209242438395645,0.0034788655471977847,0.05347310461668808,40.29
MCA,E47000015,Devon and Torbay,882942.0,0.0045249431144252245,0.06787414671637837,0.004535196128454766,0.0702306079664563,34.4
MCA,E47000009,West of England,875603.0,0.004428099579625903,0.06642149369438854,0.004437918099681637,0.06867706289373121,42.01
MCA,E61000001,Greater London,8320767.0,-0.0016625965564834645,-0.024938948347251966,-0.0016612152084761744,-0.02463054187192104,53.2
MCA,E47000002,South Yorkshire,1348437.0,0.004875585373264239,0.07313378059896358,0.0048874903797251346,0.07587445841699303,33.77
MCA,E47000003,West Yorkshire,2241490.0,0.00695326102582623,0.10429891538739344,0.006977491071995523,0.10993218114198222,37.33
MCA,E47000013,East Midlands,2121441.0,0.001058274182262764,0.01587411273394146,0.0010588343519721821,0.01600077579518988,35.62
ITL1,TLC,North East,2603299.0,0.008636465234553666,0.129546978518305,0.008673867096182342,0.13831258644536648,35.82
ITL1,TLD,North West,7105146.0,0.007211408780660852,0.10817113170991277,0.007237473605994804,0.11423841059602635,39.31
ITL1,TLE,Yorkshire and The Humber,5335092.0,0.003977569689125637,0.05966354533688456,0.003985490718107831,0.06147934678194078,36.82
ITL1,TLG,West Midlands,5676945.0,0.004183968555709564,0.06275952833564347,0.004192733572068175,0.06477076124567493,36.02
ITL1,TLH,East,5970484.0,0.004820711175064514,0.07231066762596772,0.004832349497329247,0.07498925655350197,39.69
ITL1,TLJ,South East,8809382.0,0.007557111820086308,0.11335667730129462,0.007585738856752844,0.1200313514723994,45.22
ITL1,TLK,South West,5374783.0,0.0038607457856720375,0.05791118678508056,0.003868208064913503,0.059620883193899576,38.75
ITL1,TLL,Wales,3071058.0,0.007419300423055652,0.11128950634583479,0.007446891626037955,0.11771844660194142,35.15
ITL1,TLI,London,8438987.0,-0.0007680961253223373,-0.01152144187983506,-0.0007678012150047486,-0.011455324235481679,53.96
ITL1,TLF,East Midlands,4604568.0,0.0021958372513251946,0.03293755876987792,0.002198249867523261,0.03348600508905886,35.61
ITL1,TLM,Scotland,5327700.0,0.009157804604962412,0.1373670690744362,0.00919986559495145,0.14724919093851074,41.28
ITL1,TLN,Northern Ireland,1831677.0,0.008521311206195866,0.127819668092938,0.008557720924565082,0.13634806440561875,36.88
ITL2,TLC3,Tees Valley,665405.0,0.009769341883981219,0.1465401282597183,0.009817217682411838,0.15782139124375738,35.37
ITL2,TLC4,"Northumberland, Durham and Tyne & Wear",1937894.0,0.008745514299196877,0.13118271448795316,0.008783868035560083,0.14017608897126999,35.97
ITL2,TLD1,Cumbria,498080.0,0.00982776238237939,0.14741643573569085,0.009876213430823677,0.15883644346871573,36.25
ITL2,TLD3,Greater Manchester,2714958.0,0.012095041436865787,0.1814256215529868,0.012168482241729617,0.19892535918701104,39.77
ITL2,TLD4,Lancashire,1470467.0,0.004571154097704048,0.06856731146556072,0.004581617760192502,0.07097271126760529,37.25
ITL2,TLD6,Cheshire,913337.0,0.00020068872095677648,0.003010330814351647,0.00020070886028533685,0.003014866410230299,44.58
ITL2,TLD7,Merseyside,1508304.0,0.0035829120291066847,0.05374368043660027,0.0035893383310769966,0.05521409547223888,37.33
ITL2,TLE1,East Yorkshire and Northern Lincolnshire,921431.0,0.0009573661776622444,0.014360492664933666,0.0009578245989418921,0.014464099895941995,38.56
ITL2,TLE2,North Yorkshire,805319.0,-0.00195708078655444,-0.0293562117983166,-0.001955166952664622,-0.028929503916448995,38.18
ITL2,TLG1,"Herefordshire, Worcestershire and Warwickshire",1311796.0,0.01587282012304101,0.23809230184561514,0.01599946250236095,0.2688263024295907,39.61
ITL2,TLG2,Shropshire and Staffordshire,1583336.0,-0.0024591243869932574,-0.03688686580489886,-0.002456103217602479,-0.03621483375959089,33.44
ITL2,TLG3,West Midlands,2781813.0,0.001645491256022602,0.02468236884033903,0.0016468458196317037,0.024989500209995352,35.72
ITL2,TLH2,Bedfordshire and Hertfordshire,1780402.0,0.00530256650053745,0.07953849750806175,0.00531664998815673,0.08278724333770193,41.01
ITL2,TLH3,Essex,1756952.0,0.0034527459005978755,0.05179118850896813,0.0034587134939427777,0.05315580851712576,39.41
ITL2,TLH4,Cambridgeshire and Peterborough,827484.0,0.0034728282922637634,0.05209242438395645,0.0034788655471977847,0.05347310461668808,40.29
ITL2,TLJ1,"Berkshire, Buckinghamshire and Oxfordshire",2334187.0,0.008001504106985103,0.12002256160477653,0.008033601693514747,0.12752229000469262,47.65
ITL2,TLJ2,"Surrey, East and West Sussex",2790609.0,0.008055284798829792,0.12082927198244686,0.008087815895841954,0.12843224092116934,45.89
ITL2,TLJ3,Hampshire and Isle of Wight,1923481.0,0.01138682898112459,0.17080243471686885,0.011451905689467967,0.1862563627950018,47.17
ITL2,TLJ4,Kent,1761105.0,0.00046742237927658675,0.007011335689148801,0.0004675316381395067,0.007035972648895328,37.86
ITL2,TLK3,Cornwall and Isles of Scilly,542275.0,0.010784612256042199,0.161769183840633,0.010842975807528132,0.1755888650963593,32.74
ITL2,TLK4,Devon,1146900.0,0.004375367560834024,0.06563051341251036,0.004384953456987528,0.0678320946299591,34.5
ITL2,TLK5,West of England,885894.0,0.004428099579625903,0.06642149369438854,0.004437918099681637,0.06867706289373121,42.01
ITL2,TLK6,"North Somerset, Somerset and Dorset",1499002.0,0.002272831059668749,0.03409246589503123,0.0022754158981110884,0.03468027494271997,36.26
ITL2,TLK7,Gloucestershire and Wiltshire,1300712.0,0.0033614619704891878,0.05042192955733782,0.0033671180195342654,0.051714752313554824,44.54
ITL2,TLL3,North Wales,688741.0,0.01079129617322098,0.1618694425983147,0.010849732220838737,0.17570673408411874,35.82
ITL2,TLL4,Mid and South West Wales,893690.0,0.005718991059558812,0.08578486589338219,0.005735375708590729,0.08957189901207463,32.25
ITL2,TLL5,South East Wales,1488627.0,0.007712601657467507,0.1156890248620126,0.007742420380312032,0.12264670263128963,36.5
ITL2,TLH5,Norfolk,870771.0,0.008599150923131068,0.12898726384696602,0.00863622982759038,0.13767563446247677,37.06
ITL2,TLH6,Suffolk,734875.0,0.004877250345759343,0.07315875518639015,0.004889163491150095,0.07590132827324525,38.78
ITL2,TLI3,Inner London - West,1104481.0,0.0009105832620693496,0.013658748931040243,0.0009109979688735059,0.013752455795678076,64.56
ITL2,TLI4,Inner London - East,2218849.0,-0.0039049175581444234,-0.058573763372166354,-0.0038973032818412356,-0.056891329042029315,50.89
ITL2,TLI5,Outer London - East and North East,1818652.0,-0.013376080520673562,-0.20064120781010342,-0.013287018299018127,-0.18179405520169856,40.76
ITL2,TLI6,Outer London - South,1262477.0,0.0015031793165047583,0.022547689747571376,0.0015043096568305714,0.022803810256903034,44.4
ITL2,TLI7,Outer London - West and North West,2034528.0,0.00046462355751935767,0.006969353362790365,0.0004647315117631834,0.0069936958234828595,45.23
ITL2,TLE3,South Yorkshire,1352510.0,0.004875585373264239,0.07313378059896358,0.0048874903797251346,0.07587445841699303,33.77
ITL2,TLE4,West Yorkshire,2255832.0,0.00695326102582623,0.10429891538739344,0.006977491071995523,0.10993218114198222,37.33
ITL2,TLF1,Derbyshire and Nottinghamshire,2131614.0,0.001058274182262764,0.01587411273394146,0.0010588343519721821,0.01600077579518988,35.62
ITL2,TLF2,"Leicestershire, Rutland and Northamptonshire",1747053.0,0.0026644321434552273,0.03996648215182841,0.0026679848974353604,0.04077588903952445,35.85
ITL2,TLF3,Lincolnshire,725901.0,0.004102874352872081,0.06154311529308121,0.004111302664675742,0.06347634763476373,34.98
ITL2,TLM0,Eastern Scotland,921570.0,0.004744155066711168,0.07116232600066752,0.004755426387608619,0.07375551016019766,38.18
ITL2,TLM1,East Central Scotland,1006880.0,0.014390159656111005,0.21585239484166507,0.014494196439878149,0.2409191994069686,50.42
ITL2,TLM2,Highlands and Islands,624440.0,0.01332983755314198,0.1999475632971297,0.013419075907819211,0.22133871350581513,39.68
ITL2,TLM3,West Central Scotland,1475700.0,0.014081776895755146,0.21122665343632718,0.014181392153418626,0.23519228391245162,39.67
ITL2,TLM5,North Eastern Scotland,484840.0,-0.0018000123234820956,-0.027000184852231435,-0.001798393272882448,-0.026638938403644064,38.48
ITL2,TLM9,Southern Scotland,951210.0,0.0009154116508764669,0.013731174763147003,0.0009158307680001698,0.013825880319723316,37.01
ITL2,TLN0,Northern Ireland,1831677.0,0.008521311206195866,0.127819668092938,0.008557720924565082,0.13634806440561875,36.88
ITL3,TLC31,Hartlepool and Stockton-on-Tees,286388.0,0.004826645455367876,0.07239968183051815,0.004838312471842077,0.07508495012605487,39.7
ITL3,TLC32,South Teesside,273426.0,0.007194224718001685,0.10791337077002527,0.0072201653228494145,0.11395124046826344,32.92
ITL3,TLC33,Darlington,105591.0,0.026139166429581393,0.3920874964437209,0.026483790617959357,0.48006720635405586,31.11
ITL3,TLC41,Durham,513179.0,-8.016836320313321e-05,-0.0012025254480469982,-8.016514980579981e-05,-0.0012018027040554546,36.02
ITL3,TLC42,Northumberland,315013.0,0.011110467949889902,0.16665701924834853,0.011172418419241215,0.1813490158425346,34.87
ITL3,TLC43,Tyneside,834455.0,0.013570027923728568,0.2035504188559285,0.013662518646351485,0.22574695684249324,35.73
ITL3,TLC44,Sunderland,275247.0,0.0033925122158262747,0.05088768323739412,0.003398273298399035,0.052204706419921365,37.84
ITL3,TLD13,Cumberland,274032.0,0.0016959347601366896,0.025439021402050344,0.0016973736708099096,0.0257653546301575,32.07
ITL3,TLD14,Westmorland and Furness,224048.0,0.016142134038361355,0.24213201057542033,0.016273122144091712,0.27396235822011716,41.41
ITL3,TLD33,Manchester,510783.0,0.013281800312948455,0.19922700469422683,0.013370395221505404,0.22045898437500022,44.77
ITL3,TLD34,Greater Manchester South West,470085.0,0.003607897856211532,0.05411846784317298,0.003614414154037515,0.05560965054635991,41.26
ITL3,TLD35,Greater Manchester South East,506262.0,0.014828149714657771,0.22242224571986657,0.014938632134475327,0.24909869310500166,37.97
ITL3,TLD36,Greater Manchester North West,600366.0,0.014141136090976936,0.21211704136465404,0.01424159493144228,0.23629257398101533,36.36
ITL3,TLD37,Greater Manchester North East,627462.0,0.007798736445389665,0.11698104668084497,0.007829225798401174,0.12409812409812404,33.15
ITL3,TLD41,Blackburn with Darwen,149148.0,0.015271905859006611,0.22907858788509916,0.015389117334017044,0.2574408547443401,33.27
ITL3,TLD42,Blackpool,142733.0,-0.0011392747864195012,-0.017089121796292517,-0.0011386260592829434,-0.016943930991989653,30.25
ITL3,TLD44,Lancaster and Wyre,246192.0,0.014690276615108763,0.22035414922663143,0.014798709045447556,0.24651810584958245,37.07
ITL3,TLD45,Mid Lancashire,383163.0,-0.0002216860896781488,-0.003325291345172232,-0.0002216615191326099,-0.0033197686870853893,40.99
ITL3,TLD46,East Lancashire,327336.0,0.011994596472784735,0.17991894709177103,0.012066820120696375,0.19712032910524457,36.59
ITL3,TLD47,Chorley and West Lancashire,221895.0,0.0018986479282174192,0.028479718923261288,0.0019004515014646728,0.028889143643242132,37.49
ITL3,TLD61,Warrington,205905.0,0.0016297558333234837,0.024446337499852255,0.0016310846071225793,0.024747599113519092,37.73
ITL3,TLD62,Cheshire East,373956.0,-0.0002607386334502119,-0.0039110795017531785,-0.0002607046440868954,-0.0039034411915761513,47.43
ITL3,TLD63,Cheshire West and Chester,333476.0,0.004805360986949067,0.07208041480423599,0.004816925250122894,0.0747417657376721,47.88
ITL3,TLD71,East Merseyside,448710.0,0.005558773929270089,0.08338160893905133,0.005574252580552219,0.08695652173913082,38.53
ITL3,TLD72,Liverpool,465815.0,0.0013006658128428346,0.01950998719264252,0.0013015120454700213,0.019701550765629294,37.48
ITL3,TLD73,Sefton,273814.0,0.0030489317109061885,0.04573397566359283,0.0030535844306016635,0.046795900728485273,36.2
ITL3,TLD74,Wirral,319965.0,0.005168768570017986,0.07753152855026979,0.005182149699002325,0.08061630218687821,36.01
ITL3,TLE11,"Kingston upon Hull, City of",259094.0,-0.008571208639750043,-0.12856812959625064,-0.008534580554668048,-0.12064634963161391,34.02
ITL3,TLE12,East Riding of Yorkshire,334572.0,-0.002747050917575322,-0.04120576376362983,-0.0027432812258385564,-0.040368347788842796,40.77
ITL3,TLE13,North and North East Lincolnshire,327765.0,0.009709760947124835,0.14564641420687252,0.009757053618862033,0.15678709224833431,40.57
ITL3,TLE21,York,201168.0,-0.0015127831399275613,-0.022691747098913417,-0.0015116394602990857,-0.022436225796537812,43.52
ITL3,TLG13,Warwickshire CC,553178.0,0.01128249107979323,0.16923736619689844,0.011346378425673098,0.18440124237892586,42.34
ITL3,TLG21,Telford and Wrekin,169014.0,-0.004988233605669853,-0.07482350408504779,-0.004975813029245102,-0.07209275628515688,34.96
ITL3,TLG22,Shropshire,308181.0,-0.008686266481199745,-0.13029399721799617,-0.008648649863291391,-0.12216268874817304,32.36
ITL3,TLG23,Stoke-on-Trent,251568.0,0.007266801033084688,0.10900201549627031,0.007293268303666167,0.11516459794927081,33.01
ITL3,TLG24,Staffordshire CC,854573.0,-0.0022626299547357696,-0.03393944932103654,-0.00226007213707502,-0.03336996702967354,33.66
ITL3,TLG31,Birmingham,1094531.0,-0.0013741898162720645,-0.020612847244080967,-0.0013732460498007137,-0.020401854714065637,35.14
ITL3,TLG32,Solihull,209115.0,-0.007986220333537552,-0.11979330500306329,-0.007954415199849296,-0.11289622231871488,41.8
ITL3,TLG33,Coventry,322146.0,-0.0018496021541510052,-0.027744032312265077,-0.0018478926941893903,-0.02736270133902552,40.39
ITL3,TLG36,Dudley,314460.0,0.00500413459829178,0.0750620189743767,0.00501667619104329,0.07795100222717077,31.91
ITL3,TLG37,Sandwell,317499.0,0.006656151978229078,0.09984227967343617,0.006678353389127922,0.1049966239027682,32.84
ITL3,TLG38,Walsall,271704.0,0.006874181409552035,0.10311272114328052,0.006897862826931833,0.10861636653749662,31.2
ITL3,TLG39,Wolverhampton,252358.0,0.009499132480532838,0.14248698720799258,0.00954439243606342,0.1531380753138072,35.29
ITL3,TLH21,Luton,209624.0,0.006995385186087155,0.10493077779130733,0.007019910046634159,0.11063372717508058,34.12
ITL3,TLH24,Bedford,163672.0,0.00025496413777622944,0.0038244620666434415,0.0002549966438945006,0.003831784653702597,33.6
ITL3,TLH25,Central Bedfordshire,263425.0,0.007417104836363405,0.11125657254545107,0.007444679691477996,0.11768163649188756,38.98
ITL3,TLH26,North and East Hertfordshire,563655.0,0.0062521974876921975,0.09378296231538297,0.006271783271191156,0.09832134292565886,42.5
ITL3,TLH27,South West Hertfordshire,580026.0,0.00446819221679983,0.06702288325199746,0.004478189471982974,0.06931994741245373,44.63
ITL3,TLH31,Southend-on-Sea,176350.0,0.004346774648448874,0.0652016197267331,0.004356235576578271,0.06737420638680902,31.29
ITL3,TLH32,Thurrock,161702.0,0.0028058143493320032,0.04208721523998005,0.0028097543305036776,0.042985439009504134,40.17
ITL3,TLH34,Essex Haven Gateway,465455.0,0.009020225512450075,0.13530338268675113,0.009061030343912257,0.14488406967354983,39.02
ITL3,TLH35,West Essex,295175.0,-0.002751694842728251,-0.041275422640923765,-0.0027479124006453137,-0.04043519232416681,38.62
ITL3,TLH36,Heart of Essex,307577.0,0.007213681378258189,0.10820522067387284,0.007239762654058124,0.11427639447645999,42.38
ITL3,TLH37,Essex Thames Gateway,350693.0,-0.002133515405744942,-0.03200273108617413,-0.0021312410794759318,-0.03149606299212637,40.89
ITL3,TLH41,Peterborough,192488.0,0.0053701467159312346,0.08055220073896852,0.005384591799637128,0.08388542478565841,38.34
ITL3,TLH42,Cambridgeshire CC,634996.0,0.0027790661984171314,0.04168599297625697,0.0027829313825895596,0.04256705396894356,40.99
ITL3,TLJ14,Oxfordshire CC,669390.0,-0.0011237544230729905,-0.016856316346094857,-0.001123123247522173,-0.01671504353918518,41.49
ITL3,TLJ15,Berkshire East,408957.0,0.011115957270373992,0.16673935905560988,0.011177969083945305,0.1814462918975983,56.81
ITL3,TLJ16,Berkshire West,478250.0,0.027286486879826023,0.4092973031973903,0.02766217232423185,0.5057593210063653,52.96
ITL3,TLJ21,Brighton and Hove,275494.0,0.025400762077947666,0.381011431169215,0.025726110291737214,0.4637643378519294,47.2
ITL3,TLJ22,East Sussex CC,533183.0,0.009550413253604855,0.1432561988040728,0.009596163980389205,0.15402542372881278,33.35
ITL3,TLJ25,West Surrey,766239.0,0.006256764459054942,0.09385146688582413,0.006276378896102441,0.09839658553466424,54.08
ITL3,TLJ26,East Surrey,390392.0,-0.002856905494908446,-0.04285358242362669,-0.0028528284239313084,-0.04194834460045094,53.46
ITL3,TLJ27,West Sussex (South West),439353.0,0.0101499958868299,0.15224993830244848,0.010201681817731956,0.16445124103046704,42.87
ITL3,TLJ28,West Sussex (North East),385948.0,0.010604312975312466,0.15906469462968698,0.01066073797522793,0.17241379310344773,37.94
ITL3,TLJ31,Portsmouth,205905.0,0.0053866995402181315,0.08080049310327198,0.0054012338918625336,0.08415457867345744,41.59
ITL3,TLJ32,Southampton,239484.0,-0.0006215304440852757,-0.009322956661279136,-0.0006213373340487882,-0.009279632641347235,47.18
ITL3,TLJ34,Isle of Wight,138146.0,0.005495970578365572,0.08243955867548358,0.005511101130988738,0.08593303622443083,35.46
ITL3,TLJ35,South Hampshire,444778.0,0.014166934915526083,0.21250402373289123,0.014267761509932475,0.23677108999178653,44.43
ITL3,TLJ36,Central Hampshire,532509.0,0.010625669355543247,0.1593850403331487,0.010682322260712862,0.17278943098852673,42.15
ITL3,TLJ37,North Hampshire,362659.0,0.020966358447393377,0.31449537671090066,0.021187696720035065,0.3695680206318508,64.49
ITL3,TLJ41,Medway,271084.0,0.0017879124746369138,0.026818687119553708,0.0017895117431208085,0.027181544633901877,39.16
ITL3,TLJ43,Kent Thames Gateway,343728.0,-0.012935775922536467,-0.194036638838047,-0.012852468375989412,-0.17637227304714953,35.04
ITL3,TLJ44,East Kent,510269.0,0.004464222549777593,0.0669633382466639,0.004474202035954056,0.06925627664613865,35.32
ITL3,TLJ45,Mid Kent,281158.0,-0.004095267713087066,-0.06142901569630599,-0.004086893539660297,-0.05958030159232364,34.2
ITL3,TLJ46,West Kent,354866.0,0.009806040648270554,0.1470906097240583,0.009854277406477818,0.15845892591806465,46.24
ITL3,TLK30,Cornwall and Isles of Scilly,542275.0,0.010974017582555066,0.164610263738326,0.011034452984240328,0.17893355600620242,32.74
ITL3,TLK41,Plymouth,259549.0,-0.001994644494807633,-0.029919667422114493,-0.0019926565134690266,-0.02947650492870124,33.97
ITL3,TLK42,Torbay,132920.0,-0.008481120346693889,-0.12721680520040834,-0.008445257103967818,-0.11945725434551191,27.68
ITL3,TLK43,Devon CC,754431.0,0.006948947911526678,0.10423421867290017,0.0069731478723458196,0.109860374499404,35.63
ITL3,TLK51,"Bristol, City of",438984.0,-0.0028356350864510676,-0.04253452629676602,-0.0028316184707284364,-0.04164262358145798,36.57
ITL3,TLK52,Bath & North East Somerset and South Gloucestershire,446910.0,0.012588189588504347,0.1888228438275652,0.012667754355335514,0.2078269595272615,48.99
ITL3,TLK61,North Somerset,206403.0,0.012829743154416857,0.19244614731625287,0.012912397408495924,0.21221122112211277,35.88
ITL3,TLK62,Somerset,539465.0,0.003956878763158341,0.059353181447375114,0.0039647175435559845,0.061149953041844896,34.53
ITL3,TLK63,"Bournemouth, Christchurch and Poole",385483.0,0.0007273298435755748,0.010909947653633623,0.0007275944120652689,0.010969678153782025,39.45
ITL3,TLK64,Dorset,367651.0,-0.004249324621839712,-0.06373986932759568,-0.004240309016567356,-0.06175096485882636,35.43
ITL3,TLK71,Swindon,215994.0,0.00399732994288294,0.059959949143244096,0.004005329922186274,0.061794019933555155,62.05
ITL3,TLK72,Wiltshire,479505.0,0.004262116427250717,0.06393174640876076,0.004271212163241334,0.06601963660986421,40.66
ITL3,TLK73,Gloucestershire CC,605213.0,0.003108420920090005,0.04662631380135007,0.003113257070029851,0.04773041352184593,40.77
ITL3,TLL31,Isle of Anglesey,69880.0,0.006569498787627322,0.09854248181440983,0.006591125277248588,0.10356128468429038,34.48
ITL3,TLL32,Gwynedd,120403.0,-0.00365657492851561,-0.05484862392773415,-0.0036498977993653092,-0.05337156599759496,29.27
ITL3,TLL33,Conwy and Denbighshire,209691.0,0.008319593550260447,0.12479390325390671,0.008354297542958244,0.13291493892188777,30.0
ITL3,TLL34,Flintshire and Wrexham,288767.0,0.017563030414755983,0.26344545622133975,0.017718167327383405,0.301406309388065,42.68
ITL3,TLL41,Mid Wales,208806.0,0.008659279618996922,0.12988919428495382,0.008696879632071663,0.13870220162224856,28.27
ITL3,TLL42,South West Wales,306554.0,0.007471872298244679,0.11207808447367018,0.007499856390500437,0.1186002025430406,32.3
ITL3,TLL43,Swansea,239237.0,0.0016835077874101027,0.02525261681115154,0.001684925682212679,0.025574165078728228,34.69
ITL3,TLL44,Neath Port Talbot,139093.0,0.004031545997475069,0.06047318996212603,0.004039683611086087,0.062339115836598014,34.21
ITL3,TLL51,Central Valleys and Bridgend,434515.0,0.0052170431548801115,0.07825564732320167,0.00523067562126478,0.08139908011552066,35.24
ITL3,TLL52,Cardiff and Vale of Glamorgan,476440.0,0.006746978454913943,0.10120467682370915,0.006769790589517655,0.10650309412658787,37.93
ITL3,TLH51,Norwich and East Norfolk,359671.0,0.010739676812004599,0.16109515218006898,0.010797554150086652,0.17479674796747924,37.2
ITL3,TLH52,North and West Norfolk,251132.0,0.0015331024267069893,0.02299653640060484,0.0015342782290306278,0.023262995367987926,33.63
ITL3,TLH53,Breckland and South Norfolk,259968.0,0.0111539977906468,0.167309966859702,0.011216435551615334,0.18212062674393725,40.29
ITL3,TLH61,Babergh and Mid Suffolk,186056.0,0.0049321443611908345,0.07398216541786251,0.0049443274064682186,0.07678760126805129,40.31
ITL3,TLH62,Ipswich,136760.0,0.006040617489445843,0.09060926234168765,0.006058898810892277,0.09484112601184003,42.52
ITL3,TLH63,East Suffolk,239921.0,0.013307358578202866,0.199610378673043,0.013396295541849623,0.22092696629213493,38.33
ITL3,TLH64,West Suffolk,172138.0,-0.0043973501601091885,-0.06596025240163783,-0.004387695972026373,-0.06383192601527976,35.65
ITL3,TLI33,Kensington & Chelsea and Hammersmith & Fulham,342879.0,0.01396118970895562,0.2094178456343343,0.014059102245880473,0.23296007789678597,48.45
ITL3,TLI34,Wandsworth,316810.0,0.0002911064962275963,0.004366597443413944,0.00029114887183556704,0.004376144921636849,35.39
ITL3,TLI35,Westminster and City of London,223444.0,-0.006117841219824704,-0.09176761829737057,-0.006099165334006007,-0.08768286927796176,71.21
ITL3,TLI36,Camden,221348.0,0.015542470874889958,0.23313706312334936,0.01566388327602586,0.2625545171339565,59.44
ITL3,TLI41,Hackney and Newham,572598.0,-0.007171744925060667,-0.10757617387591001,-0.007146089330855254,-0.10199188491331623,37.41
ITL3,TLI42,Tower Hamlets,270294.0,-0.0267437665133075,-0.4011564976996125,-0.026389318774898696,-0.3304547294562137,72.96
ITL3,TLI43,Haringey and Islington,477658.0,0.020072845203838164,0.30109267805757245,0.020275659508202093,0.351334574798261,52.0
ITL3,TLI44,Lewisham and Southwark,583924.0,0.006323818749723919,0.0948572812458588,0.0063438563072060195,0.09950192438306549,41.21
ITL3,TLI45,Lambeth,314375.0,-0.0013568414078243645,-0.020352621117365466,-0.0013559213147085192,-0.020146904512067132,54.12
ITL3,TLI51,Bexley and Greenwich,500205.0,-0.014234204516625463,-0.21351306774938195,-0.014133377193358165,-0.19225839528326072,43.11
ITL3,TLI52,Barking & Dagenham and Havering,438754.0,-0.014571806776796889,-0.21857710165195332,-0.014466151817551953,-0.19633848657445085,39.9
ITL3,TLI53,Redbridge and Waltham Forest,557939.0,-0.020283867456235782,-0.30425801184353674,-0.020079533708414976,-0.26232948583420745,35.92
ITL3,TLI54,Enfield,321754.0,0.001102070238199578,0.01653105357299367,0.001102677740754121,0.016668447483705773,46.53
ITL3,TLI61,Bromley,318582.0,-0.0046751218415269115,-0.07012682762290368,-0.004664210470029961,-0.06772442588726557,42.92
ITL3,TLI62,Croydon,374270.0,0.01014325236503216,0.15214878547548238,0.010194869523639793,0.16433345945264266,51.92
ITL3,TLI63,"Merton, Kingston upon Thames and Sutton",569625.0,-0.0004891366325728915,-0.007337049488593372,-0.0004890170247525694,-0.0073101990487938195,41.1
ITL3,TLI71,Barnet,368611.0,0.008103052592193728,0.1215457888829059,0.00813597117645104,0.1292410714285721,42.73
ITL3,TLI72,Brent,324345.0,0.0019431645757360745,0.02914746863604112,0.0019450537434766435,0.02957641350998319,45.02
ITL3,TLI73,Ealing,350650.0,-0.0059295129319297145,-0.08894269397894572,-0.005911968064758577,-0.08510199876365132,41.76
ITL3,TLI74,Harrow and Hillingdon,533000.0,-0.0010037289925911945,-0.015055934888867917,-0.0010032254251417516,-0.014943160982764603,39.97
ITL3,TLI75,Hounslow and Richmond upon Thames,457922.0,-0.0012043000434644568,-0.018064500651966853,-0.0012035751651866544,-0.017902315625607734,54.68
ITL3,TLJ12,Milton Keynes,259672.0,0.004976880394369706,0.07465320591554558,0.004989285634861007,0.07751041184636698,50.59
ITL3,TLJ13,Buckinghamshire,517918.0,-0.005967268579615788,-0.08950902869423683,-0.005949499793739488,-0.08561999057048586,40.15
ITL3,TLE22,North Yorkshire,604151.0,-0.0008479867123958466,-0.012719800685937699,-0.0008476272732707013,-0.012639245929733756,36.36
ITL3,TLE32,Sheffield,555253.0,0.005146142740814833,0.0771921411122225,0.005159406876653838,0.08024961681629095,36.08
ITL3,TLE33,Barnsley,234875.0,0.0019349237217534565,0.029023855826301848,0.001936796894612014,0.029449152542372792,34.03
ITL3,TLE34,Rotherham,259391.0,0.009455181205279455,0.1418277180791918,0.009500022647652484,0.15237809752198261,33.03
ITL3,TLE35,Doncaster,302991.0,0.0031638435612751556,0.04745765341912733,0.003168853796788884,0.048601795480342824,29.81
ITL3,TLE41,Bradford,528712.0,0.002889849498008227,0.04334774247012341,0.0028940291382761885,0.044300979519144246,33.46
ITL3,TLE42,Leeds,764369.0,0.008154605989602891,0.12231908984404338,0.008187945350526693,0.13011465236141828,41.47
ITL3,TLE44,Calderdale and Kirklees,632863.0,0.006682372301171391,0.10023558451757086,0.006704749166704271,0.10543130990415306,33.33
ITL3,TLE45,Wakefield,329888.0,0.004314350594146354,0.06471525891219532,0.004323670803400681,0.06685520361990904,36.15
ITL3,TLF11,Derby,253812.0,-0.011715578706138057,-0.17573368059207084,-0.011647218534015624,-0.1611586466755638,38.02
ITL3,TLF12,East Derbyshire,280004.0,0.0007133970001896491,0.010700955002844736,0.0007136515283525657,0.010758414997869892,37.75
ITL3,TLF13,South and West Derbyshire,493998.0,0.008847513618930472,0.1327127042839571,0.00888676855166004,0.14192188193519795,37.19
ITL3,TLF14,Nottingham,308681.0,-3.177478095833427e-05,-0.000476621714375014,-3.177427614531325e-05,-0.00047650814828914534,33.88
ITL3,TLF15,North Nottinghamshire,457370.0,0.002408159723715168,0.03612239585572752,0.002411061669324699,0.036782736635605495,31.06
ITL3,TLF16,South Nottinghamshire,337749.0,0.01027671198848387,0.15415067982725805,0.01032969874746792,0.1666666666666663,39.52
ITL3,TLF21,Leicester,338852.0,0.00628238071577177,0.09423571073657655,0.006302156260310721,0.09881871876419845,35.47
ITL3,TLF22,Leicestershire CC and Rutland,696714.0,0.00010505928173110135,0.0015758892259665203,0.00010506480065064494,0.0015771315919175244,36.38
ITL3,TLF24,West Northamptonshire,385699.0,0.005195821439030309,0.07793732158545463,0.005209343127860144,0.0810548977395047,38.21
ITL3,TLF25,North Northamptonshire,325788.0,-0.006538242940457136,-0.09807364410685704,-0.006516915137516843,-0.09341786313630474,31.57
ITL3,TLF30,Lincolnshire CC,725901.0,0.004603958716559357,0.06905938074839035,0.004614573217814888,0.07149983372131663,34.98
ITL3,TLG11,"Herefordshire, County of",184748.0,0.017792081359756236,0.26688122039634354,0.017951303334345692,0.3058853245769124,32.93
ITL3,TLG12,Worcestershire CC,573870.0,0.016857047402621284,0.25285571103931925,0.016999929151916282,0.2876974629009099,38.4
ITL3,TLL53,Gwent Valleys,338264.0,0.006755631296351083,0.10133446944526625,0.006778502046568713,0.10664671938448333,33.7
ITL3,TLL54,Monmouthshire and Newport,239408.0,0.013931378744164983,0.20897068116247475,0.014028872616277388,0.23240886520528026,37.78
ITL3,TLM01,Clackmannanshire and Fife,418180.0,0.005118768269109471,0.07678152403664207,0.005131891545521405,0.07980613893376365,38.51
ITL3,TLM02,"Perth and Kinross, and Stirling",239000.0,0.002684205822240789,0.040263087333611836,0.002687811528119255,0.041084634346754356,39.85
ITL3,TLM03,Angus and Dundee City,264390.0,0.006264855843247356,0.09397283764871034,0.0062845210978286214,0.09852990685669383,36.01
ITL3,TLM11,East Lothian and Midlothian,186100.0,0.010895635423656281,0.1634345313548442,0.010955209026791257,0.17754826017459746,37.05
ITL3,TLM12,Falkirk,157160.0,-0.0068763188704190036,-0.10314478305628505,-0.006852731086489983,-0.09800362976406474,38.69
ITL3,TLM13,City of Edinburgh,487460.0,0.015161846525425264,0.22742769788137895,0.015277370433945059,0.25536667080282904,56.26
ITL3,TLM14,West Lothian,176160.0,0.030525071776479548,0.4578760766471932,0.030995738619454816,0.5807131036557842,46.49
ITL3,TLM20,Highlands and Islands,624440.0,0.01332983755314198,0.1999475632971297,0.013419075907819211,0.22133871350581513,39.68
ITL3,TLM31,East Dunbartonshire and West Dunbartonshire,195640.0,0.013605489262430126,0.2040823389364519,0.013698465113605396,0.2263991296990202,40.06
ITL3,TLM32,Glasgow City,596520.0,0.012079606878798721,0.18119410318198081,0.012152859989078335,0.19864781807006748,38.56
ITL3,TLM33,"Inverclyde, East Renfrewshire, and Renfrewshire",345760.0,0.014191726704097362,0.21287590056146044,0.014292907333534055,0.2372311020310065,37.47
ITL3,TLM34,North Lanarkshire,337780.0,0.020512548929813926,0.3076882339472089,0.020724377161392527,0.3602768346826848,45.28
ITL3,TLM50,Aberdeen City and Aberdeenshire,484840.0,-0.001767526707937428,-0.02651290061906142,-0.0017659655525358309,-0.026164519326065783,38.48
ITL3,TLM91,Scottish Borders,113880.0,0.016013166250779302,0.24019749376168953,0.01614206409926444,0.2715002388915433,36.89
ITL3,TLM92,Dumfries and Galloway,150280.0,-0.0008242161158868555,-0.012363241738302833,-0.0008238765430842454,-0.012287130847165373,36.54
ITL3,TLM93,North Ayrshire and East Ayrshire,259370.0,0.0009381694839268799,0.014072542258903198,0.0009386097025729789,0.014172026599803988,37.85
ITL3,TLM94,South Ayrshire,112870.0,0.002516021865523162,0.03774032798284743,0.0025191897047642797,0.03846153846153899,35.5
ITL3,TLM95,South Lanarkshire,314810.0,-0.0029669556440215556,-0.04450433466032333,-0.0029625585808301658,-0.04352854589422739,37.41
ITL3,TLN06,Belfast,335881.0,0.006293841950658733,0.094407629259881,0.006313689791785038,0.0990076422949695,38.54
ITL3,TLN07,"Armagh City, Banbridge and Craigavon",204072.0,0.015565283387377112,0.23347925081065668,0.015687053385329053,0.2629866216704837,33.75
ITL3,TLN08,"Newry, Mourne and Down",174951.0,0.003355005592501037,0.050325083887515554,0.0033606399230721173,0.05161290322580636,35.95
ITL3,TLN09,Ards and North Down,157956.0,0.015151774332922467,0.227276614993837,0.015267144416325706,0.2551770207080828,39.02
ITL3,TLN0A,Derry City and Strabane,148721.0,0.010856607321060885,0.16284910981591327,0.01091575413310375,0.17685909980430514,37.59
ITL3,TLN0B,Mid Ulster,141551.0,0.004967021646683574,0.07450532470025362,0.004979377747906355,0.07735108007855152,40.78
ITL3,TLN0C,Causeway Coast and Glens,141100.0,0.003135174740219308,0.04702762110328962,0.00314009454067965,0.04815095976575168,35.55
ITL3,TLN0D,Antrim and Newtownabbey,140042.0,0.002747879888082257,0.041218198321233857,0.002751658770534293,0.04207946072924118,41.33
ITL3,TLN0E,Lisburn and Castlereagh,137201.0,0.018706373852878617,0.28059560779317927,0.0188824341674505,0.32391811350090705,38.22
ITL3,TLN0F,Mid and East Antrim,135983.0,-0.016845720922098077,-0.25268581383147115,-0.016704625162968445,-0.22328812437975532,39.12
ITL3,TLN0G,Fermanagh and Omagh,114219.0,0.015744456633609318,0.2361668495041398,0.015869053636141217,0.2663855883480255,38.55
National,TLB,England,53918686.0,0.004396135342659413,0.0659420301398912,0.0044058125211672294,0.06816479400749054,42.39
National,UKX,United Kingdom,64149121.0,0.005145439648435494,0.07718159472653241,0.005158700156983276,0.08023822414726633,41.87
MCA,E47000006,Tees Valley,665405.0,0.009769341883981219,0.1465401282597183,0.009817217682411838,0.15782139124375738,35.37
MCA,E47000014,North East,1937894.0,0.008745514299196877,0.13118271448795316,0.008783868035560083,0.14017608897126999,35.97
MCA,E47000001,Greater Manchester,2714958.0,0.012095041436865787,0.1814256215529868,0.012168482241729617,0.19892535918701104,39.77
MCA,E47000018,Lancashire,1470467.0,0.004571154097704048,0.06856731146556072,0.004581617760192502,0.07097271126760529,37.25
MCA,E47000004,Liverpool City Region,1508304.0,0.0035829120291066847,0.05374368043660027,0.0035893383310769966,0.05521409547223888,37.33
MCA,E47000016,Hull and East Yorkshire,593666.0,-0.005419380378225291,-0.08129070567337937,-0.005404722028062747,-0.07807435653002837,37.45
MCA,E47000017,Greater Lincolnshire,1053666.0,0.0062669542680056384,0.09400431402008458,0.0062866327123971555,0.0985644851362042,36.73
MCA,E47000012,York and North Yorkshire,805319.0,-0.00195708078655444,-0.0293562117983166,-0.001955166952664622,-0.028929503916448995,38.18
MCA,E47000007,West Midlands,2781813.0,0.001645491256022602,0.02468236884033903,0.0016468458196317037,0.024989500209995352,35.72
MCA,E47000008,Cambridgeshire and Peterborough,827484.0,0.0034728282922637634,0.05209242438395645,0.0034788655471977847,0.05347310461668808,40.29
MCA,E47000015,Devon and Torbay,887351.0,0.0045249431144252245,0.06787414671637837,0.004535196128454766,0.0702306079664563,34.4
MCA,E47000009,West of England,885894.0,0.004428099579625903,0.06642149369438854,0.004437918099681637,0.06867706289373121,42.01
MCA,E61000001,Greater London,8438987.0,-0.0016625965564834645,-0.024938948347251966,-0.0016612152084761744,-0.02463054187192104,53.2
MCA,E47000002,South Yorkshire,1352510.0,0.004875585373264239,0.07313378059896358,0.0048874903797251346,0.07587445841699303,33.77
MCA,E47000003,West Yorkshire,2255832.0,0.00695326102582623,0.10429891538739344,0.006977491071995523,0.10993218114198222,37.33
MCA,E47000013,East Midlands,2131614.0,0.001058274182262764,0.01587411273394146,0.0010588343519721821,0.01600077579518988,35.62
ITL1,TLC,North East,2610482.0,0.008636465234553666,0.129546978518305,0.008673867096182342,0.13831258644536648,35.82
ITL1,TLD,North West,7141096.0,0.007211408780660852,0.10817113170991277,0.007237473605994804,0.11423841059602635,39.31
ITL1,TLE,Yorkshire and The Humber,5356428.0,0.003977569689125637,0.05966354533688456,0.003985490718107831,0.06147934678194078,36.82
ITL1,TLG,West Midlands,5716882.0,0.004183968555709564,0.06275952833564347,0.004192733572068175,0.06477076124567493,36.02
ITL1,TLH,East,6039521.0,0.004820711175064514,0.07231066762596772,0.004832349497329247,0.07498925655350197,39.69
ITL1,TLJ,South East,8893930.0,0.007557111820086308,0.11335667730129462,0.007585738856752844,0.1200313514723994,45.22
ITL1,TLK,South West,5422159.0,0.0038607457856720375,0.05791118678508056,0.003868208064913503,0.059620883193899576,38.75
ITL1,TLL,Wales,3073788.0,0.007419300423055652,0.11128950634583479,0.007446891626037955,0.11771844660194142,35.15
ITL1,TLI,London,8547192.0,-0.0007680961253223373,-0.01152144187983506,-0.0007678012150047486,-0.011455324235481679,53.96
ITL1,TLF,East Midlands,4642629.0,0.0021958372513251946,0.03293755876987792,0.002198249867523261,0.03348600508905886,35.61
ITL1,TLM,Scotland,5347600.0,0.009157804604962412,0.1373670690744362,0.00919986559495145,0.14724919093851074,41.28
ITL1,TLN,Northern Ireland,1843186.0,0.008521311206195866,0.127819668092938,0.008557720924565082,0.13634806440561875,36.88
ITL2,TLC3,Tees Valley,667432.0,0.009769341883981219,0.1465401282597183,0.009817217682411838,0.15782139124375738,35.37
ITL2,TLC4,"Northumberland, Durham and Tyne & Wear",1943050.0,0.008745514299196877,0.13118271448795316,0.008783868035560083,0.14017608897126999,35.97
ITL2,TLD1,Cumbria,498303.0,0.00982776238237939,0.14741643573569085,0.009876213430823677,0.15883644346871573,36.25
ITL2,TLD3,Greater Manchester,2733895.0,0.012095041436865787,0.1814256215529868,0.012168482241729617,0.19892535918701104,39.77
ITL2,TLD4,Lancashire,1475344.0,0.004571154097704048,0.06856731146556072,0.004581617760192502,0.07097271126760529,37.25
ITL2,TLD6,Cheshire,921067.0,0.00020068872095677648,0.003010330814351647,0.00020070886028533685,0.003014866410230299,44.58
ITL2,TLD7,Merseyside,1512487.0,0.0035829120291066847,0.05374368043660027,0.0035893383310769966,0.05521409547223888,37.33
ITL2,TLE1,East Yorkshire and Northern Lincolnshire,924757.0,0.0009573661776622444,0.014360492664933666,0.0009578245989418921,0.014464099895941995,38.56
ITL2,TLE2,North Yorkshire,805878.0,-0.00195708078655444,-0.0293562117983166,-0.001955166952664622,-0.028929503916448995,38.18
ITL2,TLG1,"Herefordshire, Worcestershire and Warwickshire",1321709.0,0.01587282012304101,0.23809230184561514,0.01599946250236095,0.2688263024295907,39.61
ITL2,TLG2,Shropshire and Staffordshire,1589753.0,-0.0024591243869932574,-0.03688686580489886,-0.002456103217602479,-0.03621483375959089,33.44
ITL2,TLG3,West Midlands,2805420.0,0.001645491256022602,0.02468236884033903,0.0016468458196317037,0.024989500209995352,35.72
ITL2,TLH2,Bedfordshire and Hertfordshire,1803992.0,0.00530256650053745,0.07953849750806175,0.00531664998815673,0.08278724333770193,41.01
ITL2,TLH3,Essex,1779577.0,0.0034527459005978755,0.05179118850896813,0.0034587134939427777,0.05315580851712576,39.41
ITL2,TLH4,Cambridgeshire and Peterborough,838791.0,0.0034728282922637634,0.05209242438395645,0.0034788655471977847,0.05347310461668808,40.29
ITL2,TLJ1,"Berkshire, Buckinghamshire and Oxfordshire",2362949.0,0.008001504106985103,0.12002256160477653,0.008033601693514747,0.12752229000469262,47.65
ITL2,TLJ2,"Surrey, East and West Sussex",2814540.0,0.008055284798829792,0.12082927198244686,0.008087815895841954,0.12843224092116934,45.89
ITL2,TLJ3,Hampshire and Isle of Wight,1936277.0,0.01138682898112459,0.17080243471686885,0.011451905689467967,0.1862563627950018,47.17
ITL2,TLJ4,Kent,1780164.0,0.00046742237927658675,0.007011335689148801,0.0004675316381395067,0.007035972648895328,37.86
ITL2,TLK3,Cornwall and Isles of Scilly,545966.0,0.010784612256042199,0.161769183840633,0.010842975807528132,0.1755888650963593,32.74
ITL2,TLK4,Devon,1156431.0,0.004375367560834024,0.06563051341251036,0.004384953456987528,0.0678320946299591,34.5
ITL2,TLK5,West of England,893739.0,0.004428099579625903,0.06642149369438854,0.004437918099681637,0.06867706289373121,42.01
ITL2,TLK6,"North Somerset, Somerset and Dorset",1511350.0,0.002272831059668749,0.03409246589503123,0.0022754158981110884,0.03468027494271997,36.26
ITL2,TLK7,Gloucestershire and Wiltshire,1314673.0,0.0033614619704891878,0.05042192955733782,0.0033671180195342654,0.051714752313554824,44.54
ITL2,TLL3,North Wales,689349.0,0.01079129617322098,0.1618694425983147,0.010849732220838737,0.17570673408411874,35.82
ITL2,TLL4,Mid and South West Wales,893170.0,0.005718991059558812,0.08578486589338219,0.005735375708590729,0.08957189901207463,32.25
ITL2,TLL5,South East Wales,1491269.0,0.007712601657467507,0.1156890248620126,0.007742420380312032,0.12264670263128963,36.5
ITL2,TLH5,Norfolk,876986.0,0.008599150923131068,0.12898726384696602,0.00863622982759038,0.13767563446247677,37.06
ITL2,TLH6,Suffolk,740175.0,0.004877250345759343,0.07315875518639015,0.004889163491150095,0.07590132827324525,38.78
ITL2,TLI3,Inner London - West,1105738.0,0.0009105832620693496,0.013658748931040243,0.0009109979688735059,0.013752455795678076,64.56
ITL2,TLI4,Inner London - East,2251633.0,-0.0039049175581444234,-0.058573763372166354,-0.0038973032818412356,-0.056891329042029315,50.89
ITL2,TLI5,Outer London - East and North East,1848215.0,-0.013376080520673562,-0.20064120781010342,-0.013287018299018127,-0.18179405520169856,40.76
ITL2,TLI6,Outer London - South,1276004.0,0.0015031793165047583,0.022547689747571376,0.0015043096568305714,0.022803810256903034,44.4
ITL2,TLI7,Outer London - West and North West,2065602.0,0.00046462355751935767,0.006969353362790365,0.0004647315117631834,0.0069936958234828595,45.23
ITL2,TLE3,South Yorkshire,1356290.0,0.004875585373264239,0.07313378059896358,0.0048874903797251346,0.07587445841699303,33.77
ITL2,TLE4,West Yorkshire,2269503.0,0.00695326102582623,0.10429891538739344,0.006977491071995523,0.10993218114198222,37.33
ITL2,TLF1,Derbyshire and Nottinghamshire,2141352.0,0.001058274182262764,0.01587411273394146,0.0010588343519721821,0.01600077579518988,35.62
ITL2,TLF2,"Leicestershire, Rutland and Northamptonshire",1768296.0,0.0026644321434552273,0.03996648215182841,0.0026679848974353604,0.04077588903952445,35.85
ITL2,TLF3,Lincolnshire,732981.0,0.004102874352872081,0.06154311529308121,0.004111302664675742,0.06347634763476373,34.98
ITL2,TLM0,Eastern Scotland,923760.0,0.004744155066711168,0.07116232600066752,0.004755426387608619,0.07375551016019766,38.18
ITL2,TLM1,East Central Scotland,1015810.0,0.014390159656111005,0.21585239484166507,0.014494196439878149,0.2409191994069686,50.42
ITL2,TLM2,Highlands and Islands,624030.0,0.01332983755314198,0.1999475632971297,0.013419075907819211,0.22133871350581513,39.68
ITL2,TLM3,West Central Scotland,1480590.0,0.014081776895755146,0.21122665343632718,0.014181392153418626,0.23519228391245162,39.67
ITL2,TLM5,North Eastern Scotland,489450.0,-0.0018000123234820956,-0.027000184852231435,-0.001798393272882448,-0.026638938403644064,38.48
ITL2,TLM9,Southern Scotland,950440.0,0.0009154116508764669,0.013731174763147003,0.0009158307680001698,0.013825880319723316,37.01
ITL2,TLN0,Northern Ireland,1843186.0,0.008521311206195866,0.127819668092938,0.008557720924565082,0.13634806440561875,36.88
ITL3,TLC31,Hartlepool and Stockton-on-Tees,287471.0,0.004826645455367876,0.07239968183051815,0.004838312471842077,0.07508495012605487,39.7
ITL3,TLC32,South Teesside,274136.0,0.007194224718001685,0.10791337077002527,0.0072201653228494145,0.11395124046826344,32.92
ITL3,TLC33,Darlington,105825.0,0.026139166429581393,0.3920874964437209,0.026483790617959357,0.48006720635405586,31.11
ITL3,TLC41,Durham,513604.0,-8.016836320313321e-05,-0.0012025254480469982,-8.016514980579981e-05,-0.0012018027040554546,36.02
ITL3,TLC42,Northumberland,315274.0,0.011110467949889902,0.16665701924834853,0.011172418419241215,0.1813490158425346,34.87
ITL3,TLC43,Tyneside,838421.0,0.013570027923728568,0.2035504188559285,0.013662518646351485,0.22574695684249324,35.73
ITL3,TLC44,Sunderland,275751.0,0.0033925122158262747,0.05088768323739412,0.003398273298399035,0.052204706419921365,37.84
ITL3,TLD13,Cumberland,274139.0,0.0016959347601366896,0.025439021402050344,0.0016973736708099096,0.0257653546301575,32.07
ITL3,TLD14,Westmorland and Furness,224164.0,0.016142134038361355,0.24213201057542033,0.016273122144091712,0.27396235822011716,41.41
ITL3,TLD33,Manchester,515360.0,0.013281800312948455,0.19922700469422683,0.013370395221505404,0.22045898437500022,44.77
ITL3,TLD34,Greater Manchester South West,474401.0,0.003607897856211532,0.05411846784317298,0.003614414154037515,0.05560965054635991,41.26
ITL3,TLD35,Greater Manchester South East,508631.0,0.014828149714657771,0.22242224571986657,0.014938632134475327,0.24909869310500166,37.97
ITL3,TLD36,Greater Manchester North West,603287.0,0.014141136090976936,0.21211704136465404,0.01424159493144228,0.23629257398101533,36.36
ITL3,TLD37,Greater Manchester North East,632216.0,0.007798736445389665,0.11698104668084497,0.007829225798401174,0.12409812409812404,33.15
ITL3,TLD41,Blackburn with Darwen,149579.0,0.015271905859006611,0.22907858788509916,0.015389117334017044,0.2574408547443401,33.27
ITL3,TLD42,Blackpool,142253.0,-0.0011392747864195012,-0.017089121796292517,-0.0011386260592829434,-0.016943930991989653,30.25
ITL3,TLD44,Lancaster and Wyre,246234.0,0.014690276615108763,0.22035414922663143,0.014798709045447556,0.24651810584958245,37.07
ITL3,TLD45,Mid Lancashire,384333.0,-0.0002216860896781488,-0.003325291345172232,-0.0002216615191326099,-0.0033197686870853893,40.99
ITL3,TLD46,East Lancashire,329227.0,0.011994596472784735,0.17991894709177103,0.012066820120696375,0.19712032910524457,36.59
ITL3,TLD47,Chorley and West Lancashire,223718.0,0.0018986479282174192,0.028479718923261288,0.0019004515014646728,0.028889143643242132,37.49
ITL3,TLD61,Warrington,208056.0,0.0016297558333234837,0.024446337499852255,0.0016310846071225793,0.024747599113519092,37.73
ITL3,TLD62,Cheshire East,376574.0,-0.0002607386334502119,-0.0039110795017531785,-0.0002607046440868954,-0.0039034411915761513,47.43
ITL3,TLD63,Cheshire West and Chester,336437.0,0.004805360986949067,0.07208041480423599,0.004816925250122894,0.0747417657376721,47.88
ITL3,TLD71,East Merseyside,450682.0,0.005558773929270089,0.08338160893905133,0.005574252580552219,0.08695652173913082,38.53
ITL3,TLD72,Liverpool,465745.0,0.0013006658128428346,0.01950998719264252,0.0013015120454700213,0.019701550765629294,37.48
ITL3,TLD73,Sefton,275143.0,0.0030489317109061885,0.04573397566359283,0.0030535844306016635,0.046795900728485273,36.2
ITL3,TLD74,Wirral,320917.0,0.005168768570017986,0.07753152855026979,0.005182149699002325,0.08061630218687821,36.01
ITL3,TLE11,"Kingston upon Hull, City of",260896.0,-0.008571208639750043,-0.12856812959625064,-0.008534580554668048,-0.12064634963161391,34.02
ITL3,TLE12,East Riding of Yorkshire,335625.0,-0.002747050917575322,-0.04120576376362983,-0.0027432812258385564,-0.040368347788842796,40.77
ITL3,TLE13,North and North East Lincolnshire,328236.0,0.009709760947124835,0.14564641420687252,0.009757053618862033,0.15678709224833431,40.57
ITL3,TLE21,York,202206.0,-0.0015127831399275613,-0.022691747098913417,-0.0015116394602990857,-0.022436225796537812,43.52
ITL3,TLG13,Warwickshire CC,557454.0,0.01128249107979323,0.16923736619689844,0.011346378425673098,0.18440124237892586,42.34
ITL3,TLG21,Telford and Wrekin,170610.0,-0.004988233605669853,-0.07482350408504779,-0.004975813029245102,-0.07209275628515688,34.96
ITL3,TLG22,Shropshire,309436.0,-0.008686266481199745,-0.13029399721799617,-0.008648649863291391,-0.12216268874817304,32.36
ITL3,TLG23,Stoke-on-Trent,253316.0,0.007266801033084688,0.10900201549627031,0.007293268303666167,0.11516459794927081,33.01
ITL3,TLG24,Staffordshire CC,856391.0,-0.0022626299547357696,-0.03393944932103654,-0.00226007213707502,-0.03336996702967354,33.66
ITL3,TLG31,Birmingham,1103724.0,-0.0013741898162720645,-0.020612847244080967,-0.0013732460498007137,-0.020401854714065637,35.14
ITL3,TLG32,Solihull,211205.0,-0.007986220333537552,-0.11979330500306329,-0.007954415199849296,-0.11289622231871488,41.8
ITL3,TLG33,Coventry,325066.0,-0.0018496021541510052,-0.027744032312265077,-0.0018478926941893903,-0.02736270133902552,40.39
ITL3,TLG36,Dudley,315700.0,0.00500413459829178,0.0750620189743767,0.00501667619104329,0.07795100222717077,31.91
ITL3,TLG37,Sandwell,321610.0,0.006656151978229078,0.09984227967343617,0.006678353389127922,0.1049966239027682,32.84
ITL3,TLG38,Walsall,273764.0,0.006874181409552035,0.10311272114328052,0.006897862826931833,0.10861636653749662,31.2
ITL3,TLG39,Wolverhampton,254351.0,0.009499132480532838,0.14248698720799258,0.00954439243606342,0.1531380753138072,35.29
ITL3,TLH21,Luton,213749.0,0.006995385186087155,0.10493077779130733,0.007019910046634159,0.11063372717508058,34.12
ITL3,TLH24,Bedford,166856.0,0.00025496413777622944,0.0038244620666434415,0.0002549966438945006,0.003831784653702597,33.6
ITL3,TLH25,Central Bedfordshire,267066.0,0.007417104836363405,0.11125657254545107,0.007444679691477996,0.11768163649188756,38.98
ITL3,TLH26,North and East Hertfordshire,568638.0,0.0062521974876921975,0.09378296231538297,0.006271783271191156,0.09832134292565886,42.5
ITL3,TLH27,South West Hertfordshire,587683.0,0.00446819221679983,0.06702288325199746,0.004478189471982974,0.06931994741245373,44.63
ITL3,TLH31,Southend-on-Sea,178610.0,0.004346774648448874,0.0652016197267331,0.004356235576578271,0.06737420638680902,31.29
ITL3,TLH32,Thurrock,164451.0,0.0028058143493320032,0.04208721523998005,0.0028097543305036776,0.042985439009504134,40.17
ITL3,TLH34,Essex Haven Gateway,471003.0,0.009020225512450075,0.13530338268675113,0.009061030343912257,0.14488406967354983,39.02
ITL3,TLH35,West Essex,300303.0,-0.002751694842728251,-0.041275422640923765,-0.0027479124006453137,-0.04043519232416681,38.62
ITL3,TLH36,Heart of Essex,311128.0,0.007213681378258189,0.10820522067387284,0.007239762654058124,0.11427639447645999,42.38
ITL3,TLH37,Essex Thames Gateway,354082.0,-0.002133515405744942,-0.03200273108617413,-0.0021312410794759318,-0.03149606299212637,40.89
ITL3,TLH41,Peterborough,195766.0,0.0053701467159312346,0.08055220073896852,0.005384591799637128,0.08388542478565841,38.34
ITL3,TLH42,Cambridgeshire CC,643025.0,0.0027790661984171314,0.04168599297625697,0.0027829313825895596,0.04256705396894356,40.99
ITL3,TLJ14,Oxfordshire CC,676621.0,-0.0011237544230729905,-0.016856316346094857,-0.001123123247522173,-0.01671504353918518,41.49
ITL3,TLJ15,Berkshire East,414228.0,0.011115957270373992,0.16673935905560988,0.011177969083945305,0.1814462918975983,56.81
ITL3,TLJ16,Berkshire West,483539.0,0.027286486879826023,0.4092973031973903,0.02766217232423185,0.5057593210063653,52.96
ITL3,TLJ21,Brighton and Hove,275999.0,0.025400762077947666,0.381011431169215,0.025726110291737214,0.4637643378519294,47.2
ITL3,TLJ22,East Sussex CC,537577.0,0.009550413253604855,0.1432561988040728,0.009596163980389205,0.15402542372881278,33.35
ITL3,TLJ25,West Surrey,772481.0,0.006256764459054942,0.09385146688582413,0.006276378896102441,0.09839658553466424,54.08
ITL3,TLJ26,East Surrey,394514.0,-0.002856905494908446,-0.04285358242362669,-0.0028528284239313084,-0.04194834460045094,53.46
ITL3,TLJ27,West Sussex (South West),443669.0,0.0101499958868299,0.15224993830244848,0.010201681817731956,0.16445124103046704,42.87
ITL3,TLJ28,West Sussex (North East),390300.0,0.010604312975312466,0.15906469462968698,0.01066073797522793,0.17241379310344773,37.94
ITL3,TLJ31,Portsmouth,206200.0,0.0053866995402181315,0.08080049310327198,0.0054012338918625336,0.08415457867345744,41.59
ITL3,TLJ32,Southampton,241230.0,-0.0006215304440852757,-0.009322956661279136,-0.0006213373340487882,-0.009279632641347235,47.18
ITL3,TLJ34,Isle of Wight,138899.0,0.005495970578365572,0.08243955867548358,0.005511101130988738,0.08593303622443083,35.46
ITL3,TLJ35,South Hampshire,447494.0,0.014166934915526083,0.21250402373289123,0.014267761509932475,0.23677108999178653,44.43
ITL3,TLJ36,Central Hampshire,536305.0,0.010625669355543247,0.1593850403331487,0.010682322260712862,0.17278943098852673,42.15
ITL3,TLJ37,North Hampshire,366149.0,0.020966358447393377,0.31449537671090066,0.021187696720035065,0.3695680206318508,64.49
ITL3,TLJ41,Medway,273977.0,0.0017879124746369138,0.026818687119553708,0.0017895117431208085,0.027181544633901877,39.16
ITL3,TLJ43,Kent Thames Gateway,349191.0,-0.012935775922536467,-0.194036638838047,-0.012852468375989412,-0.17637227304714953,35.04
ITL3,TLJ44,East Kent,514540.0,0.004464222549777593,0.0669633382466639,0.004474202035954056,0.06925627664613865,35.32
ITL3,TLJ45,Mid Kent,285249.0,-0.004095267713087066,-0.06142901569630599,-0.004086893539660297,-0.05958030159232364,34.2
ITL3,TLJ46,West Kent,357207.0,0.009806040648270554,0.1470906097240583,0.009854277406477818,0.15845892591806465,46.24
ITL3,TLK30,Cornwall and Isles of Scilly,545966.0,0.010974017582555066,0.164610263738326,0.011034452984240328,0.17893355600620242,32.74
ITL3,TLK41,Plymouth,261980.0,-0.001994644494807633,-0.029919667422114493,-0.0019926565134690266,-0.02947650492870124,33.97
ITL3,TLK42,Torbay,134217.0,-0.008481120346693889,-0.12721680520040834,-0.008445257103967818,-0.11945725434551191,27.68
ITL3,TLK43,Devon CC,760234.0,0.006948947911526678,0.10423421867290017,0.0069731478723458196,0.109860374499404,35.63
ITL3,TLK51,"Bristol, City of",443834.0,-0.0028356350864510676,-0.04253452629676602,-0.0028316184707284364,-0.04164262358145798,36.57
ITL3,TLK52,Bath & North East Somerset and South Gloucestershire,449905.0,0.012588189588504347,0.1888228438275652,0.012667754355335514,0.2078269595272615,48.99
ITL3,TLK61,North Somerset,208617.0,0.012829743154416857,0.19244614731625287,0.012912397408495924,0.21221122112211277,35.88
ITL3,TLK62,Somerset,544312.0,0.003956878763158341,0.059353181447375114,0.0039647175435559845,0.061149953041844896,34.53
ITL3,TLK63,"Bournemouth, Christchurch and Poole",389727.0,0.0007273298435755748,0.010909947653633623,0.0007275944120652689,0.010969678153782025,39.45
ITL3,TLK64,Dorset,368694.0,-0.004249324621839712,-0.06373986932759568,-0.004240309016567356,-0.06175096485882636,35.43
ITL3,TLK71,Swindon,218998.0,0.00399732994288294,0.059959949143244096,0.004005329922186274,0.061794019933555155,62.05
ITL3,TLK72,Wiltshire,484344.0,0.004262116427250717,0.06393174640876076,0.004271212163241334,0.06601963660986421,40.66
ITL3,TLK73,Gloucestershire CC,611331.0,0.003108420920090005,0.04662631380135007,0.003113257070029851,0.04773041352184593,40.77
ITL3,TLL31,Isle of Anglesey,69761.0,0.006569498787627322,0.09854248181440983,0.006591125277248588,0.10356128468429038,34.48
ITL3,TLL32,Gwynedd,119796.0,-0.00365657492851561,-0.05484862392773415,-0.0036498977993653092,-0.05337156599759496,29.27
ITL3,TLL33,Conwy and Denbighshire,210370.0,0.008319593550260447,0.12479390325390671,0.008354297542958244,0.13291493892188777,30.0
ITL3,TLL34,Flintshire and Wrexham,289422.0,0.017563030414755983,0.26344545622133975,0.017718167327383405,0.301406309388065,42.68
ITL3,TLL41,Mid Wales,208006.0,0.008659279618996922,0.12988919428495382,0.008696879632071663,0.13870220162224856,28.27
ITL3,TLL42,South West Wales,306497.0,0.007471872298244679,0.11207808447367018,0.007499856390500437,0.1186002025430406,32.3
ITL3,TLL43,Swansea,239228.0,0.0016835077874101027,0.02525261681115154,0.001684925682212679,0.025574165078728228,34.69
ITL3,TLL44,Neath Port Talbot,139439.0,0.004031545997475069,0.06047318996212603,0.004039683611086087,0.062339115836598014,34.21
ITL3,TLL51,Central Valleys and Bridgend,435476.0,0.0052170431548801115,0.07825564732320167,0.00523067562126478,0.08139908011552066,35.24
ITL3,TLL52,Cardiff and Vale of Glamorgan,477663.0,0.006746978454913943,0.10120467682370915,0.006769790589517655,0.10650309412658787,37.93
ITL3,TLH51,Norwich and East Norfolk,361456.0,0.010739676812004599,0.16109515218006898,0.010797554150086652,0.17479674796747924,37.2
ITL3,TLH52,North and West Norfolk,252754.0,0.0015331024267069893,0.02299653640060484,0.0015342782290306278,0.023262995367987926,33.63
ITL3,TLH53,Breckland and South Norfolk,262776.0,0.0111539977906468,0.167309966859702,0.011216435551615334,0.18212062674393725,40.29
ITL3,TLH61,Babergh and Mid Suffolk,187403.0,0.0049321443611908345,0.07398216541786251,0.0049443274064682186,0.07678760126805129,40.31
ITL3,TLH62,Ipswich,138108.0,0.006040617489445843,0.09060926234168765,0.006058898810892277,0.09484112601184003,42.52
ITL3,TLH63,East Suffolk,239929.0,0.013307358578202866,0.199610378673043,0.013396295541849623,0.22092696629213493,38.33
ITL3,TLH64,West Suffolk,174735.0,-0.0043973501601091885,-0.06596025240163783,-0.004387695972026373,-0.06383192601527976,35.65
ITL3,TLI33,Kensington & Chelsea and Hammersmith & Fulham,342837.0,0.01396118970895562,0.2094178456343343,0.014059102245880473,0.23296007789678597,48.45
ITL3,TLI34,Wandsworth,319898.0,0.0002911064962275963,0.004366597443413944,0.00029114887183556704,0.004376144921636849,35.39
ITL3,TLI35,Westminster and City of London,221908.0,-0.006117841219824704,-0.09176761829737057,-0.006099165334006007,-0.08768286927796176,71.21
ITL3,TLI36,Camden,221095.0,0.015542470874889958,0.23313706312334936,0.01566388327602586,0.2625545171339565,59.44
ITL3,TLI41,Hackney and Newham,581719.0,-0.007171744925060667,-0.10757617387591001,-0.007146089330855254,-0.10199188491331623,37.41
ITL3,TLI42,Tower Hamlets,277060.0,-0.0267437665133075,-0.4011564976996125,-0.026389318774898696,-0.3304547294562137,72.96
ITL3,TLI43,Haringey and Islington,483887.0,0.020072845203838164,0.30109267805757245,0.020275659508202093,0.351334574798261,52.0
ITL3,TLI44,Lewisham and Southwark,590771.0,0.006323818749723919,0.0948572812458588,0.0063438563072060195,0.09950192438306549,41.21
ITL3,TLI45,Lambeth,318196.0,-0.0013568414078243645,-0.020352621117365466,-0.0013559213147085192,-0.020146904512067132,54.12
ITL3,TLI51,Bexley and Greenwich,507417.0,-0.014234204516625463,-0.21351306774938195,-0.014133377193358165,-0.19225839528326072,43.11
ITL3,TLI52,Barking & Dagenham and Havering,448015.0,-0.014571806776796889,-0.21857710165195332,-0.014466151817551953,-0.19633848657445085,39.9
ITL3,TLI53,Redbridge and Waltham Forest,566443.0,-0.020283867456235782,-0.30425801184353674,-0.020079533708414976,-0.26232948583420745,35.92
ITL3,TLI54,Enfield,326340.0,0.001102070238199578,0.01653105357299367,0.001102677740754121,0.016668447483705773,46.53
ITL3,TLI61,Bromley,321800.0,-0.0046751218415269115,-0.07012682762290368,-0.004664210470029961,-0.06772442588726557,42.92
ITL3,TLI62,Croydon,378244.0,0.01014325236503216,0.15214878547548238,0.010194869523639793,0.16433345945264266,51.92
ITL3,TLI63,"Merton, Kingston upon Thames and Sutton",575960.0,-0.0004891366325728915,-0.007337049488593372,-0.0004890170247525694,-0.0073101990487938195,41.1
ITL3,TLI71,Barnet,373853.0,0.008103052592193728,0.1215457888829059,0.00813597117645104,0.1292410714285721,42.73
ITL3,TLI72,Brent,329981.0,0.0019431645757360745,0.02914746863604112,0.0019450537434766435,0.02957641350998319,45.02
ITL3,TLI73,Ealing,354660.0,-0.0059295129319297145,-0.08894269397894572,-0.005911968064758577,-0.08510199876365132,41.76
ITL3,TLI74,Harrow and Hillingdon,541843.0,-0.0010037289925911945,-0.015055934888867917,-0.0010032254251417516,-0.014943160982764603,39.97
ITL3,TLI75,Hounslow and Richmond upon Thames,465265.0,-0.0012043000434644568,-0.018064500651966853,-0.0012035751651866544,-0.017902315625607734,54.68
ITL3,TLJ12,Milton Keynes,264948.0,0.004976880394369706,0.07465320591554558,0.004989285634861007,0.07751041184636698,50.59
ITL3,TLJ13,Buckinghamshire,523613.0,-0.005967268579615788,-0.08950902869423683,-0.005949499793739488,-0.08561999057048586,40.15
ITL3,TLE22,North Yorkshire,603672.0,-0.0008479867123958466,-0.012719800685937699,-0.0008476272732707013,-0.012639245929733756,36.36
ITL3,TLE32,Sheffield,554805.0,0.005146142740814833,0.0771921411122225,0.005159406876653838,0.08024961681629095,36.08
ITL3,TLE33,Barnsley,236421.0,0.0019349237217534565,0.029023855826301848,0.001936796894612014,0.029449152542372792,34.03
ITL3,TLE34,Rotherham,261391.0,0.009455181205279455,0.1418277180791918,0.009500022647652484,0.15237809752198261,33.03
ITL3,TLE35,Doncaster,303673.0,0.0031638435612751556,0.04745765341912733,0.003168853796788884,0.048601795480342824,29.81
ITL3,TLE41,Bradford,531795.0,0.002889849498008227,0.04334774247012341,0.0028940291382761885,0.044300979519144246,33.46
ITL3,TLE42,Leeds,770434.0,0.008154605989602891,0.12231908984404338,0.008187945350526693,0.13011465236141828,41.47
ITL3,TLE44,Calderdale and Kirklees,635650.0,0.006682372301171391,0.10023558451757086,0.006704749166704271,0.10543130990415306,33.33
ITL3,TLE45,Wakefield,331624.0,0.004314350594146354,0.06471525891219532,0.004323670803400681,0.06685520361990904,36.15
ITL3,TLF11,Derby,255320.0,-0.011715578706138057,-0.17573368059207084,-0.011647218534015624,-0.1611586466755638,38.02
ITL3,TLF12,East Derbyshire,280442.0,0.0007133970001896491,0.010700955002844736,0.0007136515283525657,0.010758414997869892,37.75
ITL3,TLF13,South and West Derbyshire,495884.0,0.008847513618930472,0.1327127042839571,0.00888676855166004,0.14192188193519795,37.19
ITL3,TLF14,Nottingham,310339.0,-3.177478095833427e-05,-0.000476621714375014,-3.177427614531325e-05,-0.00047650814828914534,33.88
ITL3,TLF15,North Nottinghamshire,460377.0,0.002408159723715168,0.03612239585572752,0.002411061669324699,0.036782736635605495,31.06
ITL3,TLF16,South Nottinghamshire,338990.0,0.01027671198848387,0.15415067982725805,0.01032969874746792,0.1666666666666663,39.52
ITL3,TLF21,Leicester,342917.0,0.00628238071577177,0.09423571073657655,0.006302156260310721,0.09881871876419845,35.47
ITL3,TLF22,Leicestershire CC and Rutland,703706.0,0.00010505928173110135,0.0015758892259665203,0.00010506480065064494,0.0015771315919175244,36.38
ITL3,TLF24,West Northamptonshire,391024.0,0.005195821439030309,0.07793732158545463,0.005209343127860144,0.0810548977395047,38.21
ITL3,TLF25,North Northamptonshire,330649.0,-0.006538242940457136,-0.09807364410685704,-0.006516915137516843,-0.09341786313630474,31.57
ITL3,TLF30,Lincolnshire CC,732981.0,0.004603958716559357,0.06905938074839035,0.004614573217814888,0.07149983372131663,34.98
ITL3,TLG11,"Herefordshire, County of",185523.0,0.017792081359756236,0.26688122039634354,0.017951303334345692,0.3058853245769124,32.93
ITL3,TLG12,Worcestershire CC,578732.0,0.016857047402621284,0.25285571103931925,0.016999929151916282,0.2876974629009099,38.4
ITL3,TLL53,Gwent Valleys,338116.0,0.006755631296351083,0.10133446944526625,0.006778502046568713,0.10664671938448333,33.7
ITL3,TLL54,Monmouthshire and Newport,240014.0,0.013931378744164983,0.20897068116247475,0.014028872616277388,0.23240886520528026,37.78
ITL3,TLM01,Clackmannanshire and Fife,418440.0,0.005118768269109471,0.07678152403664207,0.005131891545521405,0.07980613893376365,38.51
ITL3,TLM02,"Perth and Kinross, and Stirling",240450.0,0.002684205822240789,0.040263087333611836,0.002687811528119255,0.041084634346754356,39.85
ITL3,TLM03,Angus and Dundee City,264870.0,0.006264855843247356,0.09397283764871034,0.0062845210978286214,0.09852990685669383,36.01
ITL3,TLM11,East Lothian and Midlothian,188310.0,0.010895635423656281,0.1634345313548442,0.010955209026791257,0.17754826017459746,37.05
ITL3,TLM12,Falkirk,157690.0,-0.0068763188704190036,-0.10314478305628505,-0.006852731086489983,-0.09800362976406474,38.69
ITL3,TLM13,City of Edinburgh,492610.0,0.015161846525425264,0.22742769788137895,0.015277370433945059,0.25536667080282904,56.26
ITL3,TLM14,West Lothian,177200.0,0.030525071776479548,0.4578760766471932,0.030995738619454816,0.5807131036557842,46.49
ITL3,TLM20,Highlands and Islands,624030.0,0.01332983755314198,0.1999475632971297,0.013419075907819211,0.22133871350581513,39.68
ITL3,TLM31,East Dunbartonshire and West Dunbartonshire,196420.0,0.013605489262430126,0.2040823389364519,0.013698465113605396,0.2263991296990202,40.06
ITL3,TLM32,Glasgow City,599640.0,0.012079606878798721,0.18119410318198081,0.012152859989078335,0.19864781807006748,38.56
ITL3,TLM33,"Inverclyde, East Renfrewshire, and Renfrewshire",346530.0,0.014191726704097362,0.21287590056146044,0.014292907333534055,0.2372311020310065,37.47
ITL3,TLM34,North Lanarkshire,338000.0,0.020512548929813926,0.3076882339472089,0.020724377161392527,0.3602768346826848,45.28
ITL3,TLM50,Aberdeen City and Aberdeenshire,489450.0,-0.001767526707937428,-0.02651290061906142,-0.0017659655525358309,-0.026164519326065783,38.48
ITL3,TLM91,Scottish Borders,114040.0,0.016013166250779302,0.24019749376168953,0.01614206409926444,0.2715002388915433,36.89
ITL3,TLM92,Dumfries and Galloway,149960.0,-0.0008242161158868555,-0.012363241738302833,-0.0008238765430842454,-0.012287130847165373,36.54
ITL3,TLM93,North Ayrshire and East Ayrshire,258610.0,0.0009381694839268799,0.014072542258903198,0.0009386097025729789,0.014172026599803988,37.85
ITL3,TLM94,South Ayrshire,112530.0,0.002516021865523162,0.03774032798284743,0.0025191897047642797,0.03846153846153899,35.5
ITL3,TLM95,South Lanarkshire,315300.0,-0.0029669556440215556,-0.04450433466032333,-0.0029625585808301658,-0.04352854589422739,37.41
ITL3,TLN06,Belfast,337872.0,0.006293841950658733,0.094407629259881,0.006313689791785038,0.0990076422949695,38.54
ITL3,TLN07,"Armagh City, Banbridge and Craigavon",206141.0,0.015565283387377112,0.23347925081065668,0.015687053385329053,0.2629866216704837,33.75
ITL3,TLN08,"Newry, Mourne and Down",175557.0,0.003355005592501037,0.050325083887515554,0.0033606399230721173,0.05161290322580636,35.95
ITL3,TLN09,Ards and North Down,158376.0,0.015151774332922467,0.227276614993837,0.015267144416325706,0.2551770207080828,39.02
ITL3,TLN0A,Derry City and Strabane,149307.0,0.010856607321060885,0.16284910981591327,0.01091575413310375,0.17685909980430514,37.59
ITL3,TLN0B,Mid Ulster,143217.0,0.004967021646683574,0.07450532470025362,0.004979377747906355,0.07735108007855152,40.78
ITL3,TLN0C,Causeway Coast and Glens,141453.0,0.003135174740219308,0.04702762110328962,0.00314009454067965,0.04815095976575168,35.55
ITL3,TLN0D,Antrim and Newtownabbey,140682.0,0.002747879888082257,0.041218198321233857,0.002751658770534293,0.04207946072924118,41.33
ITL3,TLN0E,Lisburn and Castlereagh,139186.0,0.018706373852878617,0.28059560779317927,0.0188824341674505,0.32391811350090705,38.22
ITL3,TLN0F,Mid and East Antrim,136610.0,-0.016845720922098077,-0.25268581383147115,-0.016704625162968445,-0.22328812437975532,39.12
ITL3,TLN0G,Fermanagh and Omagh,114785.0,0.015744456633609318,0.2361668495041398,0.015869053636141217,0.2663855883480255,38.55
National,TLB,England,54370319.0,0.004396135342659413,0.0659420301398912,0.0044058125211672294,0.06816479400749054,42.39
National,UKX,United Kingdom,64634893.0,0.005145439648435494,0.07718159472653241,0.005158700156983276,0.08023822414726633,41.87
MCA,E47000006,Tees Valley,667432.0,0.009769341883981219,0.1465401282597183,0.009817217682411838,0.15782139124375738,35.37
MCA,E47000014,North East,1943050.0,0.008745514299196877,0.13118271448795316,0.008783868035560083,0.14017608897126999,35.97
MCA,E47000001,Greater Manchester,2733895.0,0.012095041436865787,0.1814256215529868,0.012168482241729617,0.19892535918701104,39.77
MCA,E47000018,Lancashire,1475344.0,0.004571154097704048,0.06856731146556072,0.004581617760192502,0.07097271126760529,37.25
MCA,E47000004,Liverpool City Region,1512487.0,0.0035829120291066847,0.05374368043660027,0.0035893383310769966,0.05521409547223888,37.33
MCA,E47000016,Hull and East Yorkshire,596521.0,-0.005419380378225291,-0.08129070567337937,-0.005404722028062747,-0.07807435653002837,37.45
MCA,E47000017,Greater Lincolnshire,1061217.0,0.0062669542680056384,0.09400431402008458,0.0062866327123971555,0.0985644851362042,36.73
MCA,E47000012,York and North Yorkshire,805878.0,-0.00195708078655444,-0.0293562117983166,-0.001955166952664622,-0.028929503916448995,38.18
MCA,E47000007,West Midlands,2805420.0,0.001645491256022602,0.02468236884033903,0.0016468458196317037,0.024989500209995352,35.72
MCA,E47000008,Cambridgeshire and Peterborough,838791.0,0.0034728282922637634,0.05209242438395645,0.0034788655471977847,0.05347310461668808,40.29
MCA,E47000015,Devon and Torbay,894451.0,0.0045249431144252245,0.06787414671637837,0.004535196128454766,0.0702306079664563,34.4
MCA,E47000009,West of England,893739.0,0.004428099579625903,0.06642149369438854,0.004437918099681637,0.06867706289373121,42.01
MCA,E61000001,Greater London,8547192.0,-0.0016625965564834645,-0.024938948347251966,-0.0016612152084761744,-0.02463054187192104,53.2
MCA,E47000002,South Yorkshire,1356290.0,0.004875585373264239,0.07313378059896358,0.0048874903797251346,0.07587445841699303,33.77
MCA,E47000003,West Yorkshire,2269503.0,0.00695326102582623,0.10429891538739344,0.006977491071995523,0.10993218114198222,37.33
MCA,E47000013,East Midlands,2141352.0,0.001058274182262764,0.01587411273394146,0.0010588343519721821,0.01600077579518988,35.62
ITL1,TLC,North East,2611804.0,0.008636465234553666,0.129546978518305,0.008673867096182342,0.13831258644536648,35.82
ITL1,TLD,North West,7182651.0,0.007211408780660852,0.10817113170991277,0.007237473605994804,0.11423841059602635,39.31
ITL1,TLE,Yorkshire and The Humber,5377362.0,0.003977569689125637,0.05966354533688456,0.003985490718107831,0.06147934678194078,36.82
ITL1,TLG,West Midlands,5756287.0,0.004183968555709564,0.06275952833564347,0.004192733572068175,0.06477076124567493,36.02
ITL1,TLH,East,6098262.0,0.004820711175064514,0.07231066762596772,0.004832349497329247,0.07498925655350197,39.69
ITL1,TLJ,South East,8969638.0,0.007557111820086308,0.11335667730129462,0.007585738856752844,0.1200313514723994,45.22
ITL1,TLK,South West,5471487.0,0.0038607457856720375,0.05791118678508056,0.003868208064913503,0.059620883193899576,38.75
ITL1,TLL,Wales,3072739.0,0.007419300423055652,0.11128950634583479,0.007446891626037955,0.11771844660194142,35.15
ITL1,TLI,London,8659545.0,-0.0007680961253223373,-0.01152144187983506,-0.0007678012150047486,-0.011455324235481679,53.96
ITL1,TLF,East Midlands,4681640.0,0.0021958372513251946,0.03293755876987792,0.002198249867523261,0.03348600508905886,35.61
ITL1,TLM,Scotland,5373000.0,0.009157804604962412,0.1373670690744362,0.00919986559495145,0.14724919093851074,41.28
ITL1,TLN,Northern Ireland,1854943.0,0.008521311206195866,0.127819668092938,0.008557720924565082,0.13634806440561875,36.88
ITL2,TLC3,Tees Valley,668875.0,0.009769341883981219,0.1465401282597183,0.009817217682411838,0.15782139124375738,35.37
ITL2,TLC4,"Northumberland, Durham and Tyne & Wear",1942929.0,0.008745514299196877,0.13118271448795316,0.008783868035560083,0.14017608897126999,35.97
ITL2,TLD1,Cumbria,498718.0,0.00982776238237939,0.14741643573569085,0.009876213430823677,0.15883644346871573,36.25
ITL2,TLD3,Greater Manchester,2756962.0,0.012095041436865787,0.1814256215529868,0.012168482241729617,0.19892535918701104,39.77
ITL2,TLD4,Lancashire,1481431.0,0.004571154097704048,0.06856731146556072,0.004581617760192502,0.07097271126760529,37.25
ITL2,TLD6,Cheshire,927267.0,0.00020068872095677648,0.003010330814351647,0.00020070886028533685,0.003014866410230299,44.58
ITL2,TLD7,Merseyside,1518273.0,0.0035829120291066847,0.05374368043660027,0.0035893383310769966,0.05521409547223888,37.33
ITL2,TLE1,East Yorkshire and Northern Lincolnshire,925798.0,0.0009573661776622444,0.014360492664933666,0.0009578245989418921,0.014464099895941995,38.56
ITL2,TLE2,North Yorkshire,806923.0,-0.00195708078655444,-0.0293562117983166,-0.001955166952664622,-0.028929503916448995,38.18
ITL2,TLG1,"Herefordshire, Worcestershire and Warwickshire",1329714.0,0.01587282012304101,0.23809230184561514,0.01599946250236095,0.2688263024295907,39.61
ITL2,TLG2,Shropshire and Staffordshire,1594911.0,-0.0024591243869932574,-0.03688686580489886,-0.002456103217602479,-0.03621483375959089,33.44
ITL2,TLG3,West Midlands,2831662.0,0.001645491256022602,0.02468236884033903,0.0016468458196317037,0.024989500209995352,35.72
ITL2,TLH2,Bedfordshire and Hertfordshire,1826031.0,0.00530256650053745,0.07953849750806175,0.00531664998815673,0.08278724333770193,41.01
ITL2,TLH3,Essex,1793535.0,0.0034527459005978755,0.05179118850896813,0.0034587134939427777,0.05315580851712576,39.41
ITL2,TLH4,Cambridgeshire and Peterborough,851257.0,0.0034728282922637634,0.05209242438395645,0.0034788655471977847,0.05347310461668808,40.29
ITL2,TLJ1,"Berkshire, Buckinghamshire and Oxfordshire",2391466.0,0.008001504106985103,0.12002256160477653,0.008033601693514747,0.12752229000469262,47.65
ITL2,TLJ2,"Surrey, East and West Sussex",2834923.0,0.008055284798829792,0.12082927198244686,0.008087815895841954,0.12843224092116934,45.89
ITL2,TLJ3,Hampshire and Isle of Wight,1950196.0,0.01138682898112459,0.17080243471686885,0.011451905689467967,0.1862563627950018,47.17
ITL2,TLJ4,Kent,1793053.0,0.00046742237927658675,0.007011335689148801,0.0004675316381395067,0.007035972648895328,37.86
ITL2,TLK3,Cornwall and Isles of Scilly,549572.0,0.010784612256042199,0.161769183840633,0.010842975807528132,0.1755888650963593,32.74
ITL2,TLK4,Devon,1164950.0,0.004375367560834024,0.06563051341251036,0.004384953456987528,0.0678320946299591,34.5
ITL2,TLK5,West of England,906540.0,0.004428099579625903,0.06642149369438854,0.004437918099681637,0.06867706289373121,42.01
ITL2,TLK6,"North Somerset, Somerset and Dorset",1522572.0,0.002272831059668749,0.03409246589503123,0.0022754158981110884,0.03468027494271997,36.26
ITL2,TLK7,Gloucestershire and Wiltshire,1327853.0,0.0033614619704891878,0.05042192955733782,0.0033671180195342654,0.051714752313554824,44.54
ITL2,TLL3,North Wales,688371.0,0.01079129617322098,0.1618694425983147,0.010849732220838737,0.17570673408411874,35.82
ITL2,TLL4,Mid and South West Wales,891852.0,0.005718991059558812,0.08578486589338219,0.005735375708590729,0.08957189901207463,32.25
ITL2,TLL5,South East Wales,1492516.0,0.007712601657467507,0.1156890248620126,0.007742420380312032,0.12264670263128963,36.5
ITL2,TLH5,Norfolk,882938.0,0.008599150923131068,0.12898726384696602,0.00863622982759038,0.13767563446247677,37.06
ITL2,TLH6,Suffolk,744501.0,0.004877250345759343,0.07315875518639015,0.004889163491150095,0.07590132827324525,38.78
ITL2,TLI3,Inner London - West,1110629.0,0.0009105832620693496,0.013658748931040243,0.0009109979688735059,0.013752455795678076,64.56
ITL2,TLI4,Inner London - East,2288411.0,-0.0039049175581444234,-0.058573763372166354,-0.0038973032818412356,-0.056891329042029315,50.89
ITL2,TLI5,Outer London - East and North East,1879025.0,-0.013376080520673562,-0.20064120781010342,-0.013287018299018127,-0.18179405520169856,40.76
ITL2,TLI6,Outer London - South,1289523.0,0.0015031793165047583,0.022547689747571376,0.0015043096568305714,0.022803810256903034,44.4
ITL2,TLI7,Outer London - West and North West,2091957.0,0.00046462355751935767,0.006969353362790365,0.0004647315117631834,0.0069936958234828595,45.23
ITL2,TLE3,South Yorkshire,1359690.0,0.004875585373264239,0.07313378059896358,0.0048874903797251346,0.07587445841699303,33.77
ITL2,TLE4,West Yorkshire,2284951.0,0.00695326102582623,0.10429891538739344,0.006977491071995523,0.10993218114198222,37.33
ITL2,TLF1,Derbyshire and Nottinghamshire,2150694.0,0.001058274182262764,0.01587411273394146,0.0010588343519721821,0.01600077579518988,35.62
ITL2,TLF2,"Leicestershire, Rutland and Northamptonshire",1792595.0,0.0026644321434552273,0.03996648215182841,0.0026679848974353604,0.04077588903952445,35.85
ITL2,TLF3,Lincolnshire,738351.0,0.004102874352872081,0.06154311529308121,0.004111302664675742,0.06347634763476373,34.98
ITL2,TLM0,Eastern Scotland,927310.0,0.004744155066711168,0.07116232600066752,0.004755426387608619,0.07375551016019766,38.18
ITL2,TLM1,East Central Scotland,1026260.0,0.014390159656111005,0.21585239484166507,0.014494196439878149,0.2409191994069686,50.42
ITL2,TLM2,Highlands and Islands,624580.0,0.01332983755314198,0.1999475632971297,0.013419075907819211,0.22133871350581513,39.68
ITL2,TLM3,West Central Scotland,1488150.0,0.014081776895755146,0.21122665343632718,0.014181392153418626,0.23519228391245162,39.67
ITL2,TLM5,North Eastern Scotland,492310.0,-0.0018000123234820956,-0.027000184852231435,-0.001798393272882448,-0.026638938403644064,38.48
ITL2,TLM9,Southern Scotland,950520.0,0.0009154116508764669,0.013731174763147003,0.0009158307680001698,0.013825880319723316,37.01
ITL2,TLN0,Northern Ireland,1854943.0,0.008521311206195866,0.127819668092938,0.008557720924565082,0.13634806440561875,36.88
ITL3,TLC31,Hartlepool and Stockton-on-Tees,287915.0,0.004826645455367876,0.07239968183051815,0.004838312471842077,0.07508495012605487,39.7
ITL3,TLC32,South Teesside,274972.0,0.007194224718001685,0.10791337077002527,0.0072201653228494145,0.11395124046826344,32.92
ITL3,TLC33,Darlington,105988.0,0.026139166429581393,0.3920874964437209,0.026483790617959357,0.48006720635405586,31.11
ITL3,TLC41,Durham,513924.0,-8.016836320313321e-05,-0.0012025254480469982,-8.016514980579981e-05,-0.0012018027040554546,36.02
ITL3,TLC42,Northumberland,314188.0,0.011110467949889902,0.16665701924834853,0.011172418419241215,0.1813490158425346,34.87
ITL3,TLC43,Tyneside,839409.0,0.013570027923728568,0.2035504188559285,0.013662518646351485,0.22574695684249324,35.73
ITL3,TLC44,Sunderland,275408.0,0.0033925122158262747,0.05088768323739412,0.003398273298399035,0.052204706419921365,37.84
ITL3,TLD13,Cumberland,274195.0,0.0016959347601366896,0.025439021402050344,0.0016973736708099096,0.0257653546301575,32.07
ITL3,TLD14,Westmorland and Furness,224523.0,0.016142134038361355,0.24213201057542033,0.016273122144091712,0.27396235822011716,41.41
ITL3,TLD33,Manchester,523321.0,0.013281800312948455,0.19922700469422683,0.013370395221505404,0.22045898437500022,44.77
ITL3,TLD34,Greater Manchester South West,479446.0,0.003607897856211532,0.05411846784317298,0.003614414154037515,0.05560965054635991,41.26
ITL3,TLD35,Greater Manchester South East,511852.0,0.014828149714657771,0.22242224571986657,0.014938632134475327,0.24909869310500166,37.97
ITL3,TLD36,Greater Manchester North West,605836.0,0.014141136090976936,0.21211704136465404,0.01424159493144228,0.23629257398101533,36.36
ITL3,TLD37,Greater Manchester North East,636507.0,0.007798736445389665,0.11698104668084497,0.007829225798401174,0.12409812409812404,33.15
ITL3,TLD41,Blackburn with Darwen,150490.0,0.015271905859006611,0.22907858788509916,0.015389117334017044,0.2574408547443401,33.27
ITL3,TLD42,Blackpool,141788.0,-0.0011392747864195012,-0.017089121796292517,-0.0011386260592829434,-0.016943930991989653,30.25
ITL3,TLD44,Lancaster and Wyre,246563.0,0.014690276615108763,0.22035414922663143,0.014798709045447556,0.24651810584958245,37.07
ITL3,TLD45,Mid Lancashire,385898.0,-0.0002216860896781488,-0.003325291345172232,-0.0002216615191326099,-0.0033197686870853893,40.99
ITL3,TLD46,East Lancashire,330738.0,0.011994596472784735,0.17991894709177103,0.012066820120696375,0.19712032910524457,36.59
ITL3,TLD47,Chorley and West Lancashire,225954.0,0.0018986479282174192,0.028479718923261288,0.0019004515014646728,0.028889143643242132,37.49
ITL3,TLD61,Warrington,209575.0,0.0016297558333234837,0.024446337499852255,0.0016310846071225793,0.024747599113519092,37.73
ITL3,TLD62,Cheshire East,378511.0,-0.0002607386334502119,-0.0039110795017531785,-0.0002607046440868954,-0.0039034411915761513,47.43
ITL3,TLD63,Cheshire West and Chester,339181.0,0.004805360986949067,0.07208041480423599,0.004816925250122894,0.0747417657376721,47.88
ITL3,TLD71,East Merseyside,452060.0,0.005558773929270089,0.08338160893905133,0.005574252580552219,0.08695652173913082,38.53
ITL3,TLD72,Liverpool,469953.0,0.0013006658128428346,0.01950998719264252,0.0013015120454700213,0.019701550765629294,37.48
ITL3,TLD73,Sefton,275546.0,0.0030489317109061885,0.04573397566359283,0.0030535844306016635,0.046795900728485273,36.2
ITL3,TLD74,Wirral,320714.0,0.005168768570017986,0.07753152855026979,0.005182149699002325,0.08061630218687821,36.01
ITL3,TLE11,"Kingston upon Hull, City of",262711.0,-0.008571208639750043,-0.12856812959625064,-0.008534580554668048,-0.12064634963161391,34.02
ITL3,TLE12,East Riding of Yorkshire,334735.0,-0.002747050917575322,-0.04120576376362983,-0.0027432812258385564,-0.040368347788842796,40.77
ITL3,TLE13,North and North East Lincolnshire,328352.0,0.009709760947124835,0.14564641420687252,0.009757053618862033,0.15678709224833431,40.57
ITL3,TLE21,York,203212.0,-0.0015127831399275613,-0.022691747098913417,-0.0015116394602990857,-0.022436225796537812,43.52
ITL3,TLG13,Warwickshire CC,561471.0,0.01128249107979323,0.16923736619689844,0.011346378425673098,0.18440124237892586,42.34
ITL3,TLG21,Telford and Wrekin,172898.0,-0.004988233605669853,-0.07482350408504779,-0.004975813029245102,-0.07209275628515688,34.96
ITL3,TLG22,Shropshire,310751.0,-0.008686266481199745,-0.13029399721799617,-0.008648649863291391,-0.12216268874817304,32.36
ITL3,TLG23,Stoke-on-Trent,254095.0,0.007266801033084688,0.10900201549627031,0.007293268303666167,0.11516459794927081,33.01
ITL3,TLG24,Staffordshire CC,857167.0,-0.0022626299547357696,-0.03393944932103654,-0.00226007213707502,-0.03336996702967354,33.66
ITL3,TLG31,Birmingham,1114932.0,-0.0013741898162720645,-0.020612847244080967,-0.0013732460498007137,-0.020401854714065637,35.14
ITL3,TLG32,Solihull,211697.0,-0.007986220333537552,-0.11979330500306329,-0.007954415199849296,-0.11289622231871488,41.8
ITL3,TLG33,Coventry,331112.0,-0.0018496021541510052,-0.027744032312265077,-0.0018478926941893903,-0.02736270133902552,40.39
ITL3,TLG36,Dudley,316393.0,0.00500413459829178,0.0750620189743767,0.00501667619104329,0.07795100222717077,31.91
ITL3,TLG37,Sandwell,325911.0,0.006656151978229078,0.09984227967343617,0.006678353389127922,0.1049966239027682,32.84
ITL3,TLG38,Walsall,275490.0,0.006874181409552035,0.10311272114328052,0.006897862826931833,0.10861636653749662,31.2
ITL3,TLG39,Wolverhampton,256127.0,0.009499132480532838,0.14248698720799258,0.00954439243606342,0.1531380753138072,35.29
ITL3,TLH21,Luton,217612.0,0.006995385186087155,0.10493077779130733,0.007019910046634159,0.11063372717508058,34.12
ITL3,TLH24,Bedford,170149.0,0.00025496413777622944,0.0038244620666434415,0.0002549966438945006,0.003831784653702597,33.6
ITL3,TLH25,Central Bedfordshire,270962.0,0.007417104836363405,0.11125657254545107,0.007444679691477996,0.11768163649188756,38.98
ITL3,TLH26,North and East Hertfordshire,573684.0,0.0062521974876921975,0.09378296231538297,0.006271783271191156,0.09832134292565886,42.5
ITL3,TLH27,South West Hertfordshire,593624.0,0.00446819221679983,0.06702288325199746,0.004478189471982974,0.06931994741245373,44.63
ITL3,TLH31,Southend-on-Sea,179203.0,0.004346774648448874,0.0652016197267331,0.004356235576578271,0.06737420638680902,31.29
ITL3,TLH32,Thurrock,166622.0,0.0028058143493320032,0.04208721523998005,0.0028097543305036776,0.042985439009504134,40.17
ITL3,TLH34,Essex Haven Gateway,475681.0,0.009020225512450075,0.13530338268675113,0.009061030343912257,0.14488406967354983,39.02
ITL3,TLH35,West Essex,303267.0,-0.002751694842728251,-0.041275422640923765,-0.0027479124006453137,-0.04043519232416681,38.62
ITL3,TLH36,Heart of Essex,312883.0,0.007213681378258189,0.10820522067387284,0.007239762654058124,0.11427639447645999,42.38
ITL3,TLH37,Essex Thames Gateway,355879.0,-0.002133515405744942,-0.03200273108617413,-0.0021312410794759318,-0.03149606299212637,40.89
ITL3,TLH41,Peterborough,200246.0,0.0053701467159312346,0.08055220073896852,0.005384591799637128,0.08388542478565841,38.34
ITL3,TLH42,Cambridgeshire CC,651011.0,0.0027790661984171314,0.04168599297625697,0.0027829313825895596,0.04256705396894356,40.99
ITL3,TLJ14,Oxfordshire CC,682571.0,-0.0011237544230729905,-0.016856316346094857,-0.001123123247522173,-0.01671504353918518,41.49
ITL3,TLJ15,Berkshire East,419225.0,0.011115957270373992,0.16673935905560988,0.011177969083945305,0.1814462918975983,56.81
ITL3,TLJ16,Berkshire West,489888.0,0.027286486879826023,0.4092973031973903,0.02766217232423185,0.5057593210063653,52.96
ITL3,TLJ21,Brighton and Hove,277351.0,0.025400762077947666,0.381011431169215,0.025726110291737214,0.4637643378519294,47.2
ITL3,TLJ22,East Sussex CC,540620.0,0.009550413253604855,0.1432561988040728,0.009596163980389205,0.15402542372881278,33.35
ITL3,TLJ25,West Surrey,778109.0,0.006256764459054942,0.09385146688582413,0.006276378896102441,0.09839658553466424,54.08
ITL3,TLJ26,East Surrey,396309.0,-0.002856905494908446,-0.04285358242362669,-0.0028528284239313084,-0.04194834460045094,53.46
ITL3,TLJ27,West Sussex (South West),448066.0,0.0101499958868299,0.15224993830244848,0.010201681817731956,0.16445124103046704,42.87
ITL3,TLJ28,West Sussex (North East),394468.0,0.010604312975312466,0.15906469462968698,0.01066073797522793,0.17241379310344773,37.94
ITL3,TLJ31,Portsmouth,207873.0,0.0053866995402181315,0.08080049310327198,0.0054012338918625336,0.08415457867345744,41.59
ITL3,TLJ32,Southampton,244666.0,-0.0006215304440852757,-0.009322956661279136,-0.0006213373340487882,-0.009279632641347235,47.18
ITL3,TLJ34,Isle of Wight,139316.0,0.005495970578365572,0.08243955867548358,0.005511101130988738,0.08593303622443083,35.46
ITL3,TLJ35,South Hampshire,448786.0,0.014166934915526083,0.21250402373289123,0.014267761509932475,0.23677108999178653,44.43
ITL3,TLJ36,Central Hampshire,540269.0,0.010625669355543247,0.1593850403331487,0.010682322260712862,0.17278943098852673,42.15
ITL3,TLJ37,North Hampshire,369286.0,0.020966358447393377,0.31449537671090066,0.021187696720035065,0.3695680206318508,64.49
ITL3,TLJ41,Medway,276037.0,0.0017879124746369138,0.026818687119553708,0.0017895117431208085,0.027181544633901877,39.16
ITL3,TLJ43,Kent Thames Gateway,353506.0,-0.012935775922536467,-0.194036638838047,-0.012852468375989412,-0.17637227304714953,35.04
ITL3,TLJ44,East Kent,516602.0,0.004464222549777593,0.0669633382466639,0.004474202035954056,0.06925627664613865,35.32
ITL3,TLJ45,Mid Kent,288692.0,-0.004095267713087066,-0.06142901569630599,-0.004086893539660297,-0.05958030159232364,34.2
ITL3,TLJ46,West Kent,358216.0,0.009806040648270554,0.1470906097240583,0.009854277406477818,0.15845892591806465,46.24
ITL3,TLK30,Cornwall and Isles of Scilly,549572.0,0.010974017582555066,0.164610263738326,0.011034452984240328,0.17893355600620242,32.74
ITL3,TLK41,Plymouth,263088.0,-0.001994644494807633,-0.029919667422114493,-0.0019926565134690266,-0.02947650492870124,33.97
ITL3,TLK42,Torbay,135052.0,-0.008481120346693889,-0.12721680520040834,-0.008445257103967818,-0.11945725434551191,27.68
ITL3,TLK43,Devon CC,766810.0,0.006948947911526678,0.10423421867290017,0.0069731478723458196,0.109860374499404,35.63
ITL3,TLK51,"Bristol, City of",451790.0,-0.0028356350864510676,-0.04253452629676602,-0.0028316184707284364,-0.04164262358145798,36.57
ITL3,TLK52,Bath & North East Somerset and South Gloucestershire,454750.0,0.012588189588504347,0.1888228438275652,0.012667754355335514,0.2078269595272615,48.99
ITL3,TLK61,North Somerset,210553.0,0.012829743154416857,0.19244614731625287,0.012912397408495924,0.21221122112211277,35.88
ITL3,TLK62,Somerset,548792.0,0.003956878763158341,0.059353181447375114,0.0039647175435559845,0.061149953041844896,34.53
ITL3,TLK63,"Bournemouth, Christchurch and Poole",392499.0,0.0007273298435755748,0.010909947653633623,0.0007275944120652689,0.010969678153782025,39.45
ITL3,TLK64,Dorset,370728.0,-0.004249324621839712,-0.06373986932759568,-0.004240309016567356,-0.06175096485882636,35.43
ITL3,TLK71,Swindon,221805.0,0.00399732994288294,0.059959949143244096,0.004005329922186274,0.061794019933555155,62.05
ITL3,TLK72,Wiltshire,488377.0,0.004262116427250717,0.06393174640876076,0.004271212163241334,0.06601963660986421,40.66
ITL3,TLK73,Gloucestershire CC,617671.0,0.003108420920090005,0.04662631380135007,0.003113257070029851,0.04773041352184593,40.77
ITL3,TLL31,Isle of Anglesey,69415.0,0.006569498787627322,0.09854248181440983,0.006591125277248588,0.10356128468429038,34.48
ITL3,TLL32,Gwynedd,119632.0,-0.00365657492851561,-0.05484862392773415,-0.0036498977993653092,-0.05337156599759496,29.27
ITL3,TLL33,Conwy and Denbighshire,210071.0,0.008319593550260447,0.12479390325390671,0.008354297542958244,0.13291493892188777,30.0
ITL3,TLL34,Flintshire and Wrexham,289253.0,0.017563030414755983,0.26344545622133975,0.017718167327383405,0.301406309388065,42.68
ITL3,TLL41,Mid Wales,206669.0,0.008659279618996922,0.12988919428495382,0.008696879632071663,0.13870220162224856,28.27
ITL3,TLL42,South West Wales,306125.0,0.007471872298244679,0.11207808447367018,0.007499856390500437,0.1186002025430406,32.3
ITL3,TLL43,Swansea,239354.0,0.0016835077874101027,0.02525261681115154,0.001684925682212679,0.025574165078728228,34.69
ITL3,TLL44,Neath Port Talbot,139704.0,0.004031545997475069,0.06047318996212603,0.004039683611086087,0.062339115836598014,34.21
ITL3,TLL51,Central Valleys and Bridgend,436332.0,0.0052170431548801115,0.07825564732320167,0.00523067562126478,0.08139908011552066,35.24
ITL3,TLL52,Cardiff and Vale of Glamorgan,477861.0,0.006746978454913943,0.10120467682370915,0.006769790589517655,0.10650309412658787,37.93
ITL3,TLH51,Norwich and East Norfolk,363493.0,0.010739676812004599,0.16109515218006898,0.010797554150086652,0.17479674796747924,37.2
ITL3,TLH52,North and West Norfolk,253836.0,0.0015331024267069893,0.02299653640060484,0.0015342782290306278,0.023262995367987926,33.63
ITL3,TLH53,Breckland and South Norfolk,265609.0,0.0111539977906468,0.167309966859702,0.011216435551615334,0.18212062674393725,40.29
ITL3,TLH61,Babergh and Mid Suffolk,188151.0,0.0049321443611908345,0.07398216541786251,0.0049443274064682186,0.07678760126805129,40.31
ITL3,TLH62,Ipswich,139694.0,0.006040617489445843,0.09060926234168765,0.006058898810892277,0.09484112601184003,42.52
ITL3,TLH63,East Suffolk,240479.0,0.013307358578202866,0.199610378673043,0.013396295541849623,0.22092696629213493,38.33
ITL3,TLH64,West Suffolk,176177.0,-0.0043973501601091885,-0.06596025240163783,-0.004387695972026373,-0.06383192601527976,35.65
ITL3,TLI33,Kensington & Chelsea and Hammersmith & Fulham,343395.0,0.01396118970895562,0.2094178456343343,0.014059102245880473,0.23296007789678597,48.45
ITL3,TLI34,Wandsworth,322658.0,0.0002911064962275963,0.004366597443413944,0.00029114887183556704,0.004376144921636849,35.39
ITL3,TLI35,Westminster and City of London,223544.0,-0.006117841219824704,-0.09176761829737057,-0.006099165334006007,-0.08768286927796176,71.21
ITL3,TLI36,Camden,221032.0,0.015542470874889958,0.23313706312334936,0.01566388327602586,0.2625545171339565,59.44
ITL3,TLI41,Hackney and Newham,592251.0,-0.007171744925060667,-0.10757617387591001,-0.007146089330855254,-0.10199188491331623,37.41
ITL3,TLI42,Tower Hamlets,282674.0,-0.0267437665133075,-0.4011564976996125,-0.026389318774898696,-0.3304547294562137,72.96
ITL3,TLI43,Haringey and Islington,491193.0,0.020072845203838164,0.30109267805757245,0.020275659508202093,0.351334574798261,52.0
ITL3,TLI44,Lewisham and Southwark,599412.0,0.006323818749723919,0.0948572812458588,0.0063438563072060195,0.09950192438306549,41.21
ITL3,TLI45,Lambeth,322881.0,-0.0013568414078243645,-0.020352621117365466,-0.0013559213147085192,-0.020146904512067132,54.12
ITL3,TLI51,Bexley and Greenwich,515657.0,-0.014234204516625463,-0.21351306774938195,-0.014133377193358165,-0.19225839528326072,43.11
ITL3,TLI52,Barking & Dagenham and Havering,456899.0,-0.014571806776796889,-0.21857710165195332,-0.014466151817551953,-0.19633848657445085,39.9
ITL3,TLI53,Redbridge and Waltham Forest,575601.0,-0.020283867456235782,-0.30425801184353674,-0.020079533708414976,-0.26232948583420745,35.92
ITL3,TLI54,Enfield,330868.0,0.001102070238199578,0.01653105357299367,0.001102677740754121,0.016668447483705773,46.53
ITL3,TLI61,Bromley,325653.0,-0.0046751218415269115,-0.07012682762290368,-0.004664210470029961,-0.06772442588726557,42.92
ITL3,TLI62,Croydon,381277.0,0.01014325236503216,0.15214878547548238,0.010194869523639793,0.16433345945264266,51.92
ITL3,TLI63,"Merton, Kingston upon Thames and Sutton",582593.0,-0.0004891366325728915,-0.007337049488593372,-0.0004890170247525694,-0.0073101990487938195,41.1
ITL3,TLI71,Barnet,377826.0,0.008103052592193728,0.1215457888829059,0.00813597117645104,0.1292410714285721,42.73
ITL3,TLI72,Brent,335605.0,0.0019431645757360745,0.02914746863604112,0.0019450537434766435,0.02957641350998319,45.02
ITL3,TLI73,Ealing,359144.0,-0.0059295129319297145,-0.08894269397894572,-0.005911968064758577,-0.08510199876365132,41.76
ITL3,TLI74,Harrow and Hillingdon,549319.0,-0.0010037289925911945,-0.015055934888867917,-0.0010032254251417516,-0.014943160982764603,39.97
ITL3,TLI75,Hounslow and Richmond upon Thames,470063.0,-0.0012043000434644568,-0.018064500651966853,-0.0012035751651866544,-0.017902315625607734,54.68
ITL3,TLJ12,Milton Keynes,269783.0,0.004976880394369706,0.07465320591554558,0.004989285634861007,0.07751041184636698,50.59
ITL3,TLJ13,Buckinghamshire,529999.0,-0.005967268579615788,-0.08950902869423683,-0.005949499793739488,-0.08561999057048586,40.15
ITL3,TLE22,North Yorkshire,603711.0,-0.0008479867123958466,-0.012719800685937699,-0.0008476272732707013,-0.012639245929733756,36.36
ITL3,TLE32,Sheffield,555074.0,0.005146142740814833,0.0771921411122225,0.005159406876653838,0.08024961681629095,36.08
ITL3,TLE33,Barnsley,238242.0,0.0019349237217534565,0.029023855826301848,0.001936796894612014,0.029449152542372792,34.03
ITL3,TLE34,Rotherham,262063.0,0.009455181205279455,0.1418277180791918,0.009500022647652484,0.15237809752198261,33.03
ITL3,TLE35,Doncaster,304311.0,0.0031638435612751556,0.04745765341912733,0.003168853796788884,0.048601795480342824,29.81
ITL3,TLE41,Bradford,534919.0,0.002889849498008227,0.04334774247012341,0.0028940291382761885,0.044300979519144246,33.46
ITL3,TLE42,Leeds,777987.0,0.008154605989602891,0.12231908984404338,0.008187945350526693,0.13011465236141828,41.47
ITL3,TLE44,Calderdale and Kirklees,638137.0,0.006682372301171391,0.10023558451757086,0.006704749166704271,0.10543130990415306,33.33
ITL3,TLE45,Wakefield,333908.0,0.004314350594146354,0.06471525891219532,0.004323670803400681,0.06685520361990904,36.15
ITL3,TLF11,Derby,257406.0,-0.011715578706138057,-0.17573368059207084,-0.011647218534015624,-0.1611586466755638,38.02
ITL3,TLF12,East Derbyshire,281213.0,0.0007133970001896491,0.010700955002844736,0.0007136515283525657,0.010758414997869892,37.75
ITL3,TLF13,South and West Derbyshire,496160.0,0.008847513618930472,0.1327127042839571,0.00888676855166004,0.14192188193519795,37.19
ITL3,TLF14,Nottingham,313265.0,-3.177478095833427e-05,-0.000476621714375014,-3.177427614531325e-05,-0.00047650814828914534,33.88
ITL3,TLF15,North Nottinghamshire,463266.0,0.002408159723715168,0.03612239585572752,0.002411061669324699,0.036782736635605495,31.06
ITL3,TLF16,South Nottinghamshire,339384.0,0.01027671198848387,0.15415067982725805,0.01032969874746792,0.1666666666666663,39.52
ITL3,TLF21,Leicester,349853.0,0.00628238071577177,0.09423571073657655,0.006302156260310721,0.09881871876419845,35.47
ITL3,TLF22,Leicestershire CC and Rutland,709553.0,0.00010505928173110135,0.0015758892259665203,0.00010506480065064494,0.0015771315919175244,36.38
ITL3,TLF24,West Northamptonshire,397939.0,0.005195821439030309,0.07793732158545463,0.005209343127860144,0.0810548977395047,38.21
ITL3,TLF25,North Northamptonshire,335250.0,-0.006538242940457136,-0.09807364410685704,-0.006516915137516843,-0.09341786313630474,31.57
ITL3,TLF30,Lincolnshire CC,738351.0,0.004603958716559357,0.06905938074839035,0.004614573217814888,0.07149983372131663,34.98
ITL3,TLG11,"Herefordshire, County of",185778.0,0.017792081359756236,0.26688122039634354,0.017951303334345692,0.3058853245769124,32.93
ITL3,TLG12,Worcestershire CC,582465.0,0.016857047402621284,0.25285571103931925,0.016999929151916282,0.2876974629009099,38.4
ITL3,TLL53,Gwent Valleys,337508.0,0.006755631296351083,0.10133446944526625,0.006778502046568713,0.10664671938448333,33.7
ITL3,TLL54,Monmouthshire and Newport,240815.0,0.013931378744164983,0.20897068116247475,0.014028872616277388,0.23240886520528026,37.78
ITL3,TLM01,Clackmannanshire and Fife,419440.0,0.005118768269109471,0.07678152403664207,0.005131891545521405,0.07980613893376365,38.51
ITL3,TLM02,"Perth and Kinross, and Stirling",242760.0,0.002684205822240789,0.040263087333611836,0.002687811528119255,0.041084634346754356,39.85
ITL3,TLM03,Angus and Dundee City,265110.0,0.006264855843247356,0.09397283764871034,0.0062845210978286214,0.09852990685669383,36.01
ITL3,TLM11,East Lothian and Midlothian,190440.0,0.010895635423656281,0.1634345313548442,0.010955209026791257,0.17754826017459746,37.05
ITL3,TLM12,Falkirk,158460.0,-0.0068763188704190036,-0.10314478305628505,-0.006852731086489983,-0.09800362976406474,38.69
ITL3,TLM13,City of Edinburgh,498810.0,0.015161846525425264,0.22742769788137895,0.015277370433945059,0.25536667080282904,56.26
ITL3,TLM14,West Lothian,178550.0,0.030525071776479548,0.4578760766471932,0.030995738619454816,0.5807131036557842,46.49
ITL3,TLM20,Highlands and Islands,624580.0,0.01332983755314198,0.1999475632971297,0.013419075907819211,0.22133871350581513,39.68
ITL3,TLM31,East Dunbartonshire and West Dunbartonshire,196550.0,0.013605489262430126,0.2040823389364519,0.013698465113605396,0.2263991296990202,40.06
ITL3,TLM32,Glasgow City,606340.0,0.012079606878798721,0.18119410318198081,0.012152859989078335,0.19864781807006748,38.56
ITL3,TLM33,"Inverclyde, East Renfrewshire, and Renfrewshire",347000.0,0.014191726704097362,0.21287590056146044,0.014292907333534055,0.2372311020310065,37.47
ITL3,TLM34,North Lanarkshire,338260.0,0.020512548929813926,0.3076882339472089,0.020724377161392527,0.3602768346826848,45.28
ITL3,TLM50,Aberdeen City and Aberdeenshire,492310.0,-0.001767526707937428,-0.02651290061906142,-0.0017659655525358309,-0.026164519326065783,38.48
ITL3,TLM91,Scottish Borders,114030.0,0.016013166250779302,0.24019749376168953,0.01614206409926444,0.2715002388915433,36.89
ITL3,TLM92,Dumfries and Galloway,149670.0,-0.0008242161158868555,-0.012363241738302833,-0.0008238765430842454,-0.012287130847165373,36.54
ITL3,TLM93,North Ayrshire and East Ayrshire,258190.0,0.0009381694839268799,0.014072542258903198,0.0009386097025729789,0.014172026599803988,37.85
ITL3,TLM94,South Ayrshire,112400.0,0.002516021865523162,0.03774032798284743,0.0025191897047642797,0.03846153846153899,35.5
ITL3,TLM95,South Lanarkshire,316230.0,-0.0029669556440215556,-0.04450433466032333,-0.0029625585808301658,-0.04352854589422739,37.41
ITL3,TLN06,Belfast,340194.0,0.006293841950658733,0.094407629259881,0.006313689791785038,0.0990076422949695,38.54
ITL3,TLN07,"Armagh City, Banbridge and Craigavon",208339.0,0.015565283387377112,0.23347925081065668,0.015687053385329053,0.2629866216704837,33.75
ITL3,TLN08,"Newry, Mourne and Down",176559.0,0.003355005592501037,0.050325083887515554,0.0033606399230721173,0.05161290322580636,35.95
ITL3,TLN09,Ards and North Down,159362.0,0.015151774332922467,0.227276614993837,0.015267144416325706,0.2551770207080828,39.02
ITL3,TLN0A,Derry City and Strabane,149589.0,0.010856607321060885,0.16284910981591327,0.01091575413310375,0.17685909980430514,37.59
ITL3,TLN0B,Mid Ulster,144404.0,0.004967021646683574,0.07450532470025362,0.004979377747906355,0.07735108007855152,40.78
ITL3,TLN0C,Causeway Coast and Glens,142052.0,0.003135174740219308,0.04702762110328962,0.00314009454067965,0.04815095976575168,35.55
ITL3,TLN0D,Antrim and Newtownabbey,141364.0,0.002747879888082257,0.041218198321233857,0.002751658770534293,0.04207946072924118,41.33
ITL3,TLN0E,Lisburn and Castlereagh,140938.0,0.018706373852878617,0.28059560779317927,0.0188824341674505,0.32391811350090705,38.22
ITL3,TLN0F,Mid and East Antrim,137085.0,-0.016845720922098077,-0.25268581383147115,-0.016704625162968445,-0.22328812437975532,39.12
ITL3,TLN0G,Fermanagh and Omagh,115057.0,0.015744456633609318,0.2361668495041398,0.015869053636141217,0.2663855883480255,38.55
National,TLB,England,54808676.0,0.004396135342659413,0.0659420301398912,0.0044058125211672294,0.06816479400749054,42.39
National,UKX,United Kingdom,65109358.0,0.005145439648435494,0.07718159472653241,0.005158700156983276,0.08023822414726633,41.87
MCA,E47000006,Tees Valley,668875.0,0.009769341883981219,0.1465401282597183,0.009817217682411838,0.15782139124375738,35.37
MCA,E47000014,North East,1942929.0,0.008745514299196877,0.13118271448795316,0.008783868035560083,0.14017608897126999,35.97
MCA,E47000001,Greater Manchester,2756962.0,0.012095041436865787,0.1814256215529868,0.012168482241729617,0.19892535918701104,39.77
MCA,E47000018,Lancashire,1481431.0,0.004571154097704048,0.06856731146556072,0.004581617760192502,0.07097271126760529,37.25
MCA,E47000004,Liverpool City Region,1518273.0,0.0035829120291066847,0.05374368043660027,0.0035893383310769966,0.05521409547223888,37.33
MCA,E47000016,Hull and East Yorkshire,597446.0,-0.005419380378225291,-0.08129070567337937,-0.005404722028062747,-0.07807435653002837,37.45
MCA,E47000017,Greater Lincolnshire,1066703.0,0.0062669542680056384,0.09400431402008458,0.0062866327123971555,0.0985644851362042,36.73
MCA,E47000012,York and North Yorkshire,806923.0,-0.00195708078655444,-0.0293562117983166,-0.001955166952664622,-0.028929503916448995,38.18
MCA,E47000007,West Midlands,2831662.0,0.001645491256022602,0.02468236884033903,0.0016468458196317037,0.024989500209995352,35.72
MCA,E47000008,Cambridgeshire and Peterborough,851257.0,0.0034728282922637634,0.05209242438395645,0.0034788655471977847,0.05347310461668808,40.29
MCA,E47000015,Devon and Torbay,901862.0,0.0045249431144252245,0.06787414671637837,0.004535196128454766,0.0702306079664563,34.4
MCA,E47000009,West of England,906540.0,0.004428099579625903,0.06642149369438854,0.004437918099681637,0.06867706289373121,42.01
MCA,E61000001,Greater London,8659545.0,-0.0016625965564834645,-0.024938948347251966,-0.0016612152084761744,-0.02463054187192104,53.2
MCA,E47000002,South Yorkshire,1359690.0,0.004875585373264239,0.07313378059896358,0.0048874903797251346,0.07587445841699303,33.77
MCA,E47000003,West Yorkshire,2284951.0,0.00695326102582623,0.10429891538739344,0.006977491071995523,0.10993218114198222,37.33
MCA,E47000013,East Midlands,2150694.0,0.001058274182262764,0.01587411273394146,0.0010588343519721821,0.01600077579518988,35.62
ITL1,TLC,North East,2618253.0,0.008636465234553666,0.129546978518305,0.008673867096182342,0.13831258644536648,35.82
ITL1,TLD,North West,7234141.0,0.007211408780660852,0.10817113170991277,0.007237473605994804,0.11423841059602635,39.31
ITL1,TLE,Yorkshire and The Humber,5408058.0,0.003977569689125637,0.05966354533688456,0.003985490718107831,0.06147934678194078,36.82
ITL1,TLG,West Midlands,5812248.0,0.004183968555709564,0.06275952833564347,0.004192733572068175,0.06477076124567493,36.02
ITL1,TLH,East,6161075.0,0.004820711175064514,0.07231066762596772,0.004832349497329247,0.07498925655350197,39.69
ITL1,TLJ,South East,9053011.0,0.007557111820086308,0.11335667730129462,0.007585738856752844,0.1200313514723994,45.22
ITL1,TLK,South West,5526982.0,0.0038607457856720375,0.05791118678508056,0.003868208064913503,0.059620883193899576,38.75
ITL1,TLL,Wales,3077165.0,0.007419300423055652,0.11128950634583479,0.007446891626037955,0.11771844660194142,35.15
ITL1,TLI,London,8743651.0,-0.0007680961253223373,-0.01152144187983506,-0.0007678012150047486,-0.011455324235481679,53.96
ITL1,TLF,East Midlands,4731615.0,0.0021958372513251946,0.03293755876987792,0.002198249867523261,0.03348600508905886,35.61
ITL1,TLM,Scotland,5404700.0,0.009157804604962412,0.1373670690744362,0.00919986559495145,0.14724919093851074,41.28
ITL1,TLN,Northern Ireland,1866042.0,0.008521311206195866,0.127819668092938,0.008557720924565082,0.13634806440561875,36.88
ITL2,TLC3,Tees Valley,670923.0,0.009769341883981219,0.1465401282597183,0.009817217682411838,0.15782139124375738,35.37
ITL2,TLC4,"Northumberland, Durham and Tyne & Wear",1947330.0,0.008745514299196877,0.13118271448795316,0.008783868035560083,0.14017608897126999,35.97
ITL2,TLD1,Cumbria,498946.0,0.00982776238237939,0.14741643573569085,0.009876213430823677,0.15883644346871573,36.25
ITL2,TLD3,Greater Manchester,2784566.0,0.012095041436865787,0.1814256215529868,0.012168482241729617,0.19892535918701104,39.77
ITL2,TLD4,Lancashire,1488803.0,0.004571154097704048,0.06856731146556072,0.004581617760192502,0.07097271126760529,37.25
ITL2,TLD6,Cheshire,934711.0,0.00020068872095677648,0.003010330814351647,0.00020070886028533685,0.003014866410230299,44.58
ITL2,TLD7,Merseyside,1527115.0,0.0035829120291066847,0.05374368043660027,0.0035893383310769966,0.05521409547223888,37.33
ITL2,TLE1,East Yorkshire and Northern Lincolnshire,930712.0,0.0009573661776622444,0.014360492664933666,0.0009578245989418921,0.014464099895941995,38.56
ITL2,TLE2,North Yorkshire,808662.0,-0.00195708078655444,-0.0293562117983166,-0.001955166952664622,-0.028929503916448995,38.18
ITL2,TLG1,"Herefordshire, Worcestershire and Warwickshire",1340812.0,0.01587282012304101,0.23809230184561514,0.01599946250236095,0.2688263024295907,39.61
ITL2,TLG2,Shropshire and Staffordshire,1605586.0,-0.0024591243869932574,-0.03688686580489886,-0.002456103217602479,-0.03621483375959089,33.44
ITL2,TLG3,West Midlands,2865850.0,0.001645491256022602,0.02468236884033903,0.0016468458196317037,0.024989500209995352,35.72
ITL2,TLH2,Bedfordshire and Hertfordshire,1849798.0,0.00530256650053745,0.07953849750806175,0.00531664998815673,0.08278724333770193,41.01
ITL2,TLH3,Essex,1809967.0,0.0034527459005978755,0.05179118850896813,0.0034587134939427777,0.05315580851712576,39.41
ITL2,TLH4,Cambridgeshire and Peterborough,862377.0,0.0034728282922637634,0.05209242438395645,0.0034788655471977847,0.05347310461668808,40.29
ITL2,TLJ1,"Berkshire, Buckinghamshire and Oxfordshire",2420592.0,0.008001504106985103,0.12002256160477653,0.008033601693514747,0.12752229000469262,47.65
ITL2,TLJ2,"Surrey, East and West Sussex",2857233.0,0.008055284798829792,0.12082927198244686,0.008087815895841954,0.12843224092116934,45.89
ITL2,TLJ3,Hampshire and Isle of Wight,1966660.0,0.01138682898112459,0.17080243471686885,0.011451905689467967,0.1862563627950018,47.17
ITL2,TLJ4,Kent,1808526.0,0.00046742237927658675,0.007011335689148801,0.0004675316381395067,0.007035972648895328,37.86
ITL2,TLK3,Cornwall and Isles of Scilly,553439.0,0.010784612256042199,0.161769183840633,0.010842975807528132,0.1755888650963593,32.74
ITL2,TLK4,Devon,1174412.0,0.004375367560834024,0.06563051341251036,0.004384953456987528,0.0678320946299591,34.5
ITL2,TLK5,West of England,920903.0,0.004428099579625903,0.06642149369438854,0.004437918099681637,0.06867706289373121,42.01
ITL2,TLK6,"North Somerset, Somerset and Dorset",1536948.0,0.002272831059668749,0.03409246589503123,0.0022754158981110884,0.03468027494271997,36.26
ITL2,TLK7,Gloucestershire and Wiltshire,1341280.0,0.0033614619704891878,0.05042192955733782,0.0033671180195342654,0.051714752313554824,44.54
ITL2,TLL3,North Wales,687418.0,0.01079129617322098,0.1618694425983147,0.010849732220838737,0.17570673408411874,35.82
ITL2,TLL4,Mid and South West Wales,892154.0,0.005718991059558812,0.08578486589338219,0.005735375708590729,0.08957189901207463,32.25
ITL2,TLL5,South East Wales,1497593.0,0.007712601657467507,0.1156890248620126,0.007742420380312032,0.12264670263128963,36.5
ITL2,TLH5,Norfolk,891150.0,0.008599150923131068,0.12898726384696602,0.00863622982759038,0.13767563446247677,37.06
ITL2,TLH6,Suffolk,747783.0,0.004877250345759343,0.07315875518639015,0.004889163491150095,0.07590132827324525,38.78
ITL2,TLI3,Inner London - West,1108547.0,0.0009105832620693496,0.013658748931040243,0.0009109979688735059,0.013752455795678076,64.56
ITL2,TLI4,Inner London - East,2318264.0,-0.0039049175581444234,-0.058573763372166354,-0.0038973032818412356,-0.056891329042029315,50.89
ITL2,TLI5,Outer London - East and North East,1903053.0,-0.013376080520673562,-0.20064120781010342,-0.013287018299018127,-0.18179405520169856,40.76
ITL2,TLI6,Outer London - South,1299513.0,0.0015031793165047583,0.022547689747571376,0.0015043096568305714,0.022803810256903034,44.4
ITL2,TLI7,Outer London - West and North West,2114274.0,0.00046462355751935767,0.006969353362790365,0.0004647315117631834,0.0069936958234828595,45.23
ITL2,TLE3,South Yorkshire,1366070.0,0.004875585373264239,0.07313378059896358,0.0048874903797251346,0.07587445841699303,33.77
ITL2,TLE4,West Yorkshire,2302614.0,0.00695326102582623,0.10429891538739344,0.006977491071995523,0.10993218114198222,37.33
ITL2,TLF1,Derbyshire and Nottinghamshire,2164887.0,0.001058274182262764,0.01587411273394146,0.0010588343519721821,0.01600077579518988,35.62
ITL2,TLF2,"Leicestershire, Rutland and Northamptonshire",1820587.0,0.0026644321434552273,0.03996648215182841,0.0026679848974353604,0.04077588903952445,35.85
ITL2,TLF3,Lincolnshire,746141.0,0.004102874352872081,0.06154311529308121,0.004111302664675742,0.06347634763476373,34.98
ITL2,TLM0,Eastern Scotland,930900.0,0.004744155066711168,0.07116232600066752,0.004755426387608619,0.07375551016019766,38.18
ITL2,TLM1,East Central Scotland,1039380.0,0.014390159656111005,0.21585239484166507,0.014494196439878149,0.2409191994069686,50.42
ITL2,TLM2,Highlands and Islands,625810.0,0.01332983755314198,0.1999475632971297,0.013419075907819211,0.22133871350581513,39.68
ITL2,TLM3,West Central Scotland,1500760.0,0.014081776895755146,0.21122665343632718,0.014181392153418626,0.23519228391245162,39.67
ITL2,TLM5,North Eastern Scotland,492030.0,-0.0018000123234820956,-0.027000184852231435,-0.001798393272882448,-0.026638938403644064,38.48
ITL2,TLM9,Southern Scotland,951710.0,0.0009154116508764669,0.013731174763147003,0.0009158307680001698,0.013825880319723316,37.01
ITL2,TLN0,Northern Ireland,1866042.0,0.008521311206195866,0.127819668092938,0.008557720924565082,0.13634806440561875,36.88
ITL3,TLC31,Hartlepool and Stockton-on-Tees,288672.0,0.004826645455367876,0.07239968183051815,0.004838312471842077,0.07508495012605487,39.7
ITL3,TLC32,South Teesside,275993.0,0.007194224718001685,0.10791337077002527,0.0072201653228494145,0.11395124046826344,32.92
ITL3,TLC33,Darlington,106258.0,0.026139166429581393,0.3920874964437209,0.026483790617959357,0.48006720635405586,31.11
ITL3,TLC41,Durham,514431.0,-8.016836320313321e-05,-0.0012025254480469982,-8.016514980579981e-05,-0.0012018027040554546,36.02
ITL3,TLC42,Northumberland,314327.0,0.011110467949889902,0.16665701924834853,0.011172418419241215,0.1813490158425346,34.87
ITL3,TLC43,Tyneside,843082.0,0.013570027923728568,0.2035504188559285,0.013662518646351485,0.22574695684249324,35.73
ITL3,TLC44,Sunderland,275490.0,0.0033925122158262747,0.05088768323739412,0.003398273298399035,0.052204706419921365,37.84
ITL3,TLD13,Cumberland,274192.0,0.0016959347601366896,0.025439021402050344,0.0016973736708099096,0.0257653546301575,32.07
ITL3,TLD14,Westmorland and Furness,224754.0,0.016142134038361355,0.24213201057542033,0.016273122144091712,0.27396235822011716,41.41
ITL3,TLD33,Manchester,533446.0,0.013281800312948455,0.19922700469422683,0.013370395221505404,0.22045898437500022,44.77
ITL3,TLD34,Greater Manchester South West,485272.0,0.003607897856211532,0.05411846784317298,0.003614414154037515,0.05560965054635991,41.26
ITL3,TLD35,Greater Manchester South East,515359.0,0.014828149714657771,0.22242224571986657,0.014938632134475327,0.24909869310500166,37.97
ITL3,TLD36,Greater Manchester North West,608747.0,0.014141136090976936,0.21211704136465404,0.01424159493144228,0.23629257398101533,36.36
ITL3,TLD37,Greater Manchester North East,641742.0,0.007798736445389665,0.11698104668084497,0.007829225798401174,0.12409812409812404,33.15
ITL3,TLD41,Blackburn with Darwen,151497.0,0.015271905859006611,0.22907858788509916,0.015389117334017044,0.2574408547443401,33.27
ITL3,TLD42,Blackpool,141996.0,-0.0011392747864195012,-0.017089121796292517,-0.0011386260592829434,-0.016943930991989653,30.25
ITL3,TLD44,Lancaster and Wyre,247146.0,0.014690276615108763,0.22035414922663143,0.014798709045447556,0.24651810584958245,37.07
ITL3,TLD45,Mid Lancashire,387218.0,-0.0002216860896781488,-0.003325291345172232,-0.0002216615191326099,-0.0033197686870853893,40.99
ITL3,TLD46,East Lancashire,333110.0,0.011994596472784735,0.17991894709177103,0.012066820120696375,0.19712032910524457,36.59
ITL3,TLD47,Chorley and West Lancashire,227836.0,0.0018986479282174192,0.028479718923261288,0.0019004515014646728,0.028889143643242132,37.49
ITL3,TLD61,Warrington,210873.0,0.0016297558333234837,0.024446337499852255,0.0016310846071225793,0.024747599113519092,37.73
ITL3,TLD62,Cheshire East,381414.0,-0.0002607386334502119,-0.0039110795017531785,-0.0002607046440868954,-0.0039034411915761513,47.43
ITL3,TLD63,Cheshire West and Chester,342424.0,0.004805360986949067,0.07208041480423599,0.004816925250122894,0.0747417657376721,47.88
ITL3,TLD71,East Merseyside,454008.0,0.005558773929270089,0.08338160893905133,0.005574252580552219,0.08695652173913082,38.53
ITL3,TLD72,Liverpool,475486.0,0.0013006658128428346,0.01950998719264252,0.0013015120454700213,0.019701550765629294,37.48
ITL3,TLD73,Sefton,276707.0,0.0030489317109061885,0.04573397566359283,0.0030535844306016635,0.046795900728485273,36.2
ITL3,TLD74,Wirral,320914.0,0.005168768570017986,0.07753152855026979,0.005182149699002325,0.08061630218687821,36.01
ITL3,TLE11,"Kingston upon Hull, City of",265338.0,-0.008571208639750043,-0.12856812959625064,-0.008534580554668048,-0.12064634963161391,34.02
ITL3,TLE12,East Riding of Yorkshire,336323.0,-0.002747050917575322,-0.04120576376362983,-0.0027432812258385564,-0.040368347788842796,40.77
ITL3,TLE13,North and North East Lincolnshire,329051.0,0.009709760947124835,0.14564641420687252,0.009757053618862033,0.15678709224833431,40.57
ITL3,TLE21,York,202892.0,-0.0015127831399275613,-0.022691747098913417,-0.0015116394602990857,-0.022436225796537812,43.52
ITL3,TLG13,Warwickshire CC,566625.0,0.01128249107979323,0.16923736619689844,0.011346378425673098,0.18440124237892586,42.34
ITL3,TLG21,Telford and Wrekin,175352.0,-0.004988233605669853,-0.07482350408504779,-0.004975813029245102,-0.07209275628515688,34.96
ITL3,TLG22,Shropshire,312836.0,-0.008686266481199745,-0.13029399721799617,-0.008648649863291391,-0.12216268874817304,32.36
ITL3,TLG23,Stoke-on-Trent,256168.0,0.007266801033084688,0.10900201549627031,0.007293268303666167,0.11516459794927081,33.01
ITL3,TLG24,Staffordshire CC,861230.0,-0.0022626299547357696,-0.03393944932103654,-0.00226007213707502,-0.03336996702967354,33.66
ITL3,TLG31,Birmingham,1131271.0,-0.0013741898162720645,-0.020612847244080967,-0.0013732460498007137,-0.020401854714065637,35.14
ITL3,TLG32,Solihull,213061.0,-0.007986220333537552,-0.11979330500306329,-0.007954415199849296,-0.11289622231871488,41.8
ITL3,TLG33,Coventry,337064.0,-0.0018496021541510052,-0.027744032312265077,-0.0018478926941893903,-0.02736270133902552,40.39
ITL3,TLG36,Dudley,317669.0,0.00500413459829178,0.0750620189743767,0.00501667619104329,0.07795100222717077,31.91
ITL3,TLG37,Sandwell,330051.0,0.006656151978229078,0.09984227967343617,0.006678353389127922,0.1049966239027682,32.84
ITL3,TLG38,Walsall,278429.0,0.006874181409552035,0.10311272114328052,0.006897862826931833,0.10861636653749662,31.2
ITL3,TLG39,Wolverhampton,258305.0,0.009499132480532838,0.14248698720799258,0.00954439243606342,0.1531380753138072,35.29
ITL3,TLH21,Luton,220952.0,0.006995385186087155,0.10493077779130733,0.007019910046634159,0.11063372717508058,34.12
ITL3,TLH24,Bedford,173703.0,0.00025496413777622944,0.0038244620666434415,0.0002549966438945006,0.003831784653702597,33.6
ITL3,TLH25,Central Bedfordshire,274909.0,0.007417104836363405,0.11125657254545107,0.007444679691477996,0.11768163649188756,38.98
ITL3,TLH26,North and East Hertfordshire,581160.0,0.0062521974876921975,0.09378296231538297,0.006271783271191156,0.09832134292565886,42.5
ITL3,TLH27,South West Hertfordshire,599074.0,0.00446819221679983,0.06702288325199746,0.004478189471982974,0.06931994741245373,44.63
ITL3,TLH31,Southend-on-Sea,180465.0,0.004346774648448874,0.0652016197267331,0.004356235576578271,0.06737420638680902,31.29
ITL3,TLH32,Thurrock,168977.0,0.0028058143493320032,0.04208721523998005,0.0028097543305036776,0.042985439009504134,40.17
ITL3,TLH34,Essex Haven Gateway,480232.0,0.009020225512450075,0.13530338268675113,0.009061030343912257,0.14488406967354983,39.02
ITL3,TLH35,West Essex,306065.0,-0.002751694842728251,-0.041275422640923765,-0.0027479124006453137,-0.04043519232416681,38.62
ITL3,TLH36,Heart of Essex,315619.0,0.007213681378258189,0.10820522067387284,0.007239762654058124,0.11427639447645999,42.38
ITL3,TLH37,Essex Thames Gateway,358609.0,-0.002133515405744942,-0.03200273108617413,-0.0021312410794759318,-0.03149606299212637,40.89
ITL3,TLH41,Peterborough,205091.0,0.0053701467159312346,0.08055220073896852,0.005384591799637128,0.08388542478565841,38.34
ITL3,TLH42,Cambridgeshire CC,657286.0,0.0027790661984171314,0.04168599297625697,0.0027829313825895596,0.04256705396894356,40.99
ITL3,TLJ14,Oxfordshire CC,690541.0,-0.0011237544230729905,-0.016856316346094857,-0.001123123247522173,-0.01671504353918518,41.49
ITL3,TLJ15,Berkshire East,424203.0,0.011115957270373992,0.16673935905560988,0.011177969083945305,0.1814462918975983,56.81
ITL3,TLJ16,Berkshire West,496098.0,0.027286486879826023,0.4092973031973903,0.02766217232423185,0.5057593210063653,52.96
ITL3,TLJ21,Brighton and Hove,279796.0,0.025400762077947666,0.381011431169215,0.025726110291737214,0.4637643378519294,47.2
ITL3,TLJ22,East Sussex CC,543389.0,0.009550413253604855,0.1432561988040728,0.009596163980389205,0.15402542372881278,33.35
ITL3,TLJ25,West Surrey,783630.0,0.006256764459054942,0.09385146688582413,0.006276378896102441,0.09839658553466424,54.08
ITL3,TLJ26,East Surrey,398550.0,-0.002856905494908446,-0.04285358242362669,-0.0028528284239313084,-0.04194834460045094,53.46
ITL3,TLJ27,West Sussex (South West),452367.0,0.0101499958868299,0.15224993830244848,0.010201681817731956,0.16445124103046704,42.87
ITL3,TLJ28,West Sussex (North East),399501.0,0.010604312975312466,0.15906469462968698,0.01066073797522793,0.17241379310344773,37.94
ITL3,TLJ31,Portsmouth,209951.0,0.0053866995402181315,0.08080049310327198,0.0054012338918625336,0.08415457867345744,41.59
ITL3,TLJ32,Southampton,248662.0,-0.0006215304440852757,-0.009322956661279136,-0.0006213373340487882,-0.009279632641347235,47.18
ITL3,TLJ34,Isle of Wight,139650.0,0.005495970578365572,0.08243955867548358,0.005511101130988738,0.08593303622443083,35.46
ITL3,TLJ35,South Hampshire,451429.0,0.014166934915526083,0.21250402373289123,0.014267761509932475,0.23677108999178653,44.43
ITL3,TLJ36,Central Hampshire,543671.0,0.010625669355543247,0.1593850403331487,0.010682322260712862,0.17278943098852673,42.15
ITL3,TLJ37,North Hampshire,373297.0,0.020966358447393377,0.31449537671090066,0.021187696720035065,0.3695680206318508,64.49
ITL3,TLJ41,Medway,277504.0,0.0017879124746369138,0.026818687119553708,0.0017895117431208085,0.027181544633901877,39.16
ITL3,TLJ43,Kent Thames Gateway,357912.0,-0.012935775922536467,-0.194036638838047,-0.012852468375989412,-0.17637227304714953,35.04
ITL3,TLJ44,East Kent,520253.0,0.004464222549777593,0.0669633382466639,0.004474202035954056,0.06925627664613865,35.32
ITL3,TLJ45,Mid Kent,292280.0,-0.004095267713087066,-0.06142901569630599,-0.004086893539660297,-0.05958030159232364,34.2
ITL3,TLJ46,West Kent,360577.0,0.009806040648270554,0.1470906097240583,0.009854277406477818,0.15845892591806465,46.24
ITL3,TLK30,Cornwall and Isles of Scilly,553439.0,0.010974017582555066,0.164610263738326,0.011034452984240328,0.17893355600620242,32.74
ITL3,TLK41,Plymouth,264440.0,-0.001994644494807633,-0.029919667422114493,-0.0019926565134690266,-0.02947650492870124,33.97
ITL3,TLK42,Torbay,136172.0,-0.008481120346693889,-0.12721680520040834,-0.008445257103967818,-0.11945725434551191,27.68
ITL3,TLK43,Devon CC,773800.0,0.006948947911526678,0.10423421867290017,0.0069731478723458196,0.109860374499404,35.63
ITL3,TLK51,"Bristol, City of",459588.0,-0.0028356350864510676,-0.04253452629676602,-0.0028316184707284364,-0.04164262358145798,36.57
ITL3,TLK52,Bath & North East Somerset and South Gloucestershire,461315.0,0.012588189588504347,0.1888228438275652,0.012667754355335514,0.2078269595272615,48.99
ITL3,TLK61,North Somerset,212660.0,0.012829743154416857,0.19244614731625287,0.012912397408495924,0.21221122112211277,35.88
ITL3,TLK62,Somerset,554806.0,0.003956878763158341,0.059353181447375114,0.0039647175435559845,0.061149953041844896,34.53
ITL3,TLK63,"Bournemouth, Christchurch and Poole",397066.0,0.0007273298435755748,0.010909947653633623,0.0007275944120652689,0.010969678153782025,39.45
ITL3,TLK64,Dorset,372416.0,-0.004249324621839712,-0.06373986932759568,-0.004240309016567356,-0.06175096485882636,35.43
ITL3,TLK71,Swindon,224498.0,0.00399732994288294,0.059959949143244096,0.004005329922186274,0.061794019933555155,62.05
ITL3,TLK72,Wiltshire,492706.0,0.004262116427250717,0.06393174640876076,0.004271212163241334,0.06601963660986421,40.66
ITL3,TLK73,Gloucestershire CC,624076.0,0.003108420920090005,0.04662631380135007,0.003113257070029851,0.04773041352184593,40.77
ITL3,TLL31,Isle of Anglesey,68826.0,0.006569498787627322,0.09854248181440983,0.006591125277248588,0.10356128468429038,34.48
ITL3,TLL32,Gwynedd,118958.0,-0.00365657492851561,-0.05484862392773415,-0.0036498977993653092,-0.05337156599759496,29.27
ITL3,TLL33,Conwy and Denbighshire,210114.0,0.008319593550260447,0.12479390325390671,0.008354297542958244,0.13291493892188777,30.0
ITL3,TLL34,Flintshire and Wrexham,289520.0,0.017563030414755983,0.26344545622133975,0.017718167327383405,0.301406309388065,42.68
ITL3,TLL41,Mid Wales,205431.0,0.008659279618996922,0.12988919428495382,0.008696879632071663,0.13870220162224856,28.27
ITL3,TLL42,South West Wales,306423.0,0.007471872298244679,0.11207808447367018,0.007499856390500437,0.1186002025430406,32.3
ITL3,TLL43,Swansea,239300.0,0.0016835077874101027,0.02525261681115154,0.001684925682212679,0.025574165078728228,34.69
ITL3,TLL44,Neath Port Talbot,141000.0,0.004031545997475069,0.06047318996212603,0.004039683611086087,0.062339115836598014,34.21
ITL3,TLL51,Central Valleys and Bridgend,437701.0,0.0052170431548801115,0.07825564732320167,0.00523067562126478,0.08139908011552066,35.24
ITL3,TLL52,Cardiff and Vale of Glamorgan,480064.0,0.006746978454913943,0.10120467682370915,0.006769790589517655,0.10650309412658787,37.93
ITL3,TLH51,Norwich and East Norfolk,367445.0,0.010739676812004599,0.16109515218006898,0.010797554150086652,0.17479674796747924,37.2
ITL3,TLH52,North and West Norfolk,255043.0,0.0015331024267069893,0.02299653640060484,0.0015342782290306278,0.023262995367987926,33.63
ITL3,TLH53,Breckland and South Norfolk,268662.0,0.0111539977906468,0.167309966859702,0.011216435551615334,0.18212062674393725,40.29
ITL3,TLH61,Babergh and Mid Suffolk,188315.0,0.0049321443611908345,0.07398216541786251,0.0049443274064682186,0.07678760126805129,40.31
ITL3,TLH62,Ipswich,141245.0,0.006040617489445843,0.09060926234168765,0.006058898810892277,0.09484112601184003,42.52
ITL3,TLH63,East Suffolk,241807.0,0.013307358578202866,0.199610378673043,0.013396295541849623,0.22092696629213493,38.33
ITL3,TLH64,West Suffolk,176416.0,-0.0043973501601091885,-0.06596025240163783,-0.004387695972026373,-0.06383192601527976,35.65
ITL3,TLI33,Kensington & Chelsea and Hammersmith & Fulham,340180.0,0.01396118970895562,0.2094178456343343,0.014059102245880473,0.23296007789678597,48.45
ITL3,TLI34,Wandsworth,326413.0,0.0002911064962275963,0.004366597443413944,0.00029114887183556704,0.004376144921636849,35.39
ITL3,TLI35,Westminster and City of London,220930.0,-0.006117841219824704,-0.09176761829737057,-0.006099165334006007,-0.08768286927796176,71.21
ITL3,TLI36,Camden,221024.0,0.015542470874889958,0.23313706312334936,0.01566388327602586,0.2625545171339565,59.44
ITL3,TLI41,Hackney and Newham,600229.0,-0.007171744925060667,-0.10757617387591001,-0.007146089330855254,-0.10199188491331623,37.41
ITL3,TLI42,Tower Hamlets,289011.0,-0.0267437665133075,-0.4011564976996125,-0.026389318774898696,-0.3304547294562137,72.96
ITL3,TLI43,Haringey and Islington,496882.0,0.020072845203838164,0.30109267805757245,0.020275659508202093,0.351334574798261,52.0
ITL3,TLI44,Lewisham and Southwark,605529.0,0.006323818749723919,0.0948572812458588,0.0063438563072060195,0.09950192438306549,41.21
ITL3,TLI45,Lambeth,326613.0,-0.0013568414078243645,-0.020352621117365466,-0.0013559213147085192,-0.020146904512067132,54.12
ITL3,TLI51,Bexley and Greenwich,522774.0,-0.014234204516625463,-0.21351306774938195,-0.014133377193358165,-0.19225839528326072,43.11
ITL3,TLI52,Barking & Dagenham and Havering,465534.0,-0.014571806776796889,-0.21857710165195332,-0.014466151817551953,-0.19633848657445085,39.9
ITL3,TLI53,Redbridge and Waltham Forest,581450.0,-0.020283867456235782,-0.30425801184353674,-0.020079533708414976,-0.26232948583420745,35.92
ITL3,TLI54,Enfield,333295.0,0.001102070238199578,0.01653105357299367,0.001102677740754121,0.016668447483705773,46.53
ITL3,TLI61,Bromley,327701.0,-0.0046751218415269115,-0.07012682762290368,-0.004664210470029961,-0.06772442588726557,42.92
ITL3,TLI62,Croydon,384382.0,0.01014325236503216,0.15214878547548238,0.010194869523639793,0.16433345945264266,51.92
ITL3,TLI63,"Merton, Kingston upon Thames and Sutton",587430.0,-0.0004891366325728915,-0.007337049488593372,-0.0004890170247525694,-0.0073101990487938195,41.1
ITL3,TLI71,Barnet,382925.0,0.008103052592193728,0.1215457888829059,0.00813597117645104,0.1292410714285721,42.73
ITL3,TLI72,Brent,339524.0,0.0019431645757360745,0.02914746863604112,0.0019450537434766435,0.02957641350998319,45.02
ITL3,TLI73,Ealing,362163.0,-0.0059295129319297145,-0.08894269397894572,-0.005911968064758577,-0.08510199876365132,41.76
ITL3,TLI74,Harrow and Hillingdon,554768.0,-0.0010037289925911945,-0.015055934888867917,-0.0010032254251417516,-0.014943160982764603,39.97
ITL3,TLI75,Hounslow and Richmond upon Thames,474894.0,-0.0012043000434644568,-0.018064500651966853,-0.0012035751651866544,-0.017902315625607734,54.68
ITL3,TLJ12,Milton Keynes,274231.0,0.004976880394369706,0.07465320591554558,0.004989285634861007,0.07751041184636698,50.59
ITL3,TLJ13,Buckinghamshire,535519.0,-0.005967268579615788,-0.08950902869423683,-0.005949499793739488,-0.08561999057048586,40.15
ITL3,TLE22,North Yorkshire,605770.0,-0.0008479867123958466,-0.012719800685937699,-0.0008476272732707013,-0.012639245929733756,36.36
ITL3,TLE32,Sheffield,556599.0,0.005146142740814833,0.0771921411122225,0.005159406876653838,0.08024961681629095,36.08
ITL3,TLE33,Barnsley,240061.0,0.0019349237217534565,0.029023855826301848,0.001936796894612014,0.029449152542372792,34.03
ITL3,TLE34,Rotherham,263273.0,0.009455181205279455,0.1418277180791918,0.009500022647652484,0.15237809752198261,33.03
ITL3,TLE35,Doncaster,306137.0,0.0031638435612751556,0.04745765341912733,0.003168853796788884,0.048601795480342824,29.81
ITL3,TLE41,Bradford,538178.0,0.002889849498008227,0.04334774247012341,0.0028940291382761885,0.044300979519144246,33.46
ITL3,TLE42,Leeds,786739.0,0.008154605989602891,0.12231908984404338,0.008187945350526693,0.13011465236141828,41.47
ITL3,TLE44,Calderdale and Kirklees,640332.0,0.006682372301171391,0.10023558451757086,0.006704749166704271,0.10543130990415306,33.33
ITL3,TLE45,Wakefield,337365.0,0.004314350594146354,0.06471525891219532,0.004323670803400681,0.06685520361990904,36.15
ITL3,TLF11,Derby,259883.0,-0.011715578706138057,-0.17573368059207084,-0.011647218534015624,-0.1611586466755638,38.02
ITL3,TLF12,East Derbyshire,281972.0,0.0007133970001896491,0.010700955002844736,0.0007136515283525657,0.010758414997869892,37.75
ITL3,TLF13,South and West Derbyshire,497985.0,0.008847513618930472,0.1327127042839571,0.00888676855166004,0.14192188193519795,37.19
ITL3,TLF14,Nottingham,317625.0,-3.177478095833427e-05,-0.000476621714375014,-3.177427614531325e-05,-0.00047650814828914534,33.88
ITL3,TLF15,North Nottinghamshire,467208.0,0.002408159723715168,0.03612239585572752,0.002411061669324699,0.036782736635605495,31.06
ITL3,TLF16,South Nottinghamshire,340214.0,0.01027671198848387,0.15415067982725805,0.01032969874746792,0.1666666666666663,39.52
ITL3,TLF21,Leicester,356789.0,0.00628238071577177,0.09423571073657655,0.006302156260310721,0.09881871876419845,35.47
ITL3,TLF22,Leicestershire CC and Rutland,717132.0,0.00010505928173110135,0.0015758892259665203,0.00010506480065064494,0.0015771315919175244,36.38
ITL3,TLF24,West Northamptonshire,405019.0,0.005195821439030309,0.07793732158545463,0.005209343127860144,0.0810548977395047,38.21
ITL3,TLF25,North Northamptonshire,341647.0,-0.006538242940457136,-0.09807364410685704,-0.006516915137516843,-0.09341786313630474,31.57
ITL3,TLF30,Lincolnshire CC,746141.0,0.004603958716559357,0.06905938074839035,0.004614573217814888,0.07149983372131663,34.98
ITL3,TLG11,"Herefordshire, County of",186225.0,0.017792081359756236,0.26688122039634354,0.017951303334345692,0.3058853245769124,32.93
ITL3,TLG12,Worcestershire CC,587962.0,0.016857047402621284,0.25285571103931925,0.016999929151916282,0.2876974629009099,38.4
ITL3,TLL53,Gwent Valleys,336878.0,0.006755631296351083,0.10133446944526625,0.006778502046568713,0.10664671938448333,33.7
ITL3,TLL54,Monmouthshire and Newport,242950.0,0.013931378744164983,0.20897068116247475,0.014028872616277388,0.23240886520528026,37.78
ITL3,TLM01,Clackmannanshire and Fife,421680.0,0.005118768269109471,0.07678152403664207,0.005131891545521405,0.07980613893376365,38.51
ITL3,TLM02,"Perth and Kinross, and Stirling",244430.0,0.002684205822240789,0.040263087333611836,0.002687811528119255,0.041084634346754356,39.85
ITL3,TLM03,Angus and Dundee City,264790.0,0.006264855843247356,0.09397283764871034,0.0062845210978286214,0.09852990685669383,36.01
ITL3,TLM11,East Lothian and Midlothian,192700.0,0.010895635423656281,0.1634345313548442,0.010955209026791257,0.17754826017459746,37.05
ITL3,TLM12,Falkirk,159380.0,-0.0068763188704190036,-0.10314478305628505,-0.006852731086489983,-0.09800362976406474,38.69
ITL3,TLM13,City of Edinburgh,507170.0,0.015161846525425264,0.22742769788137895,0.015277370433945059,0.25536667080282904,56.26
ITL3,TLM14,West Lothian,180130.0,0.030525071776479548,0.4578760766471932,0.030995738619454816,0.5807131036557842,46.49
ITL3,TLM20,Highlands and Islands,625810.0,0.01332983755314198,0.1999475632971297,0.013419075907819211,0.22133871350581513,39.68
ITL3,TLM31,East Dunbartonshire and West Dunbartonshire,197400.0,0.013605489262430126,0.2040823389364519,0.013698465113605396,0.2263991296990202,40.06
ITL3,TLM32,Glasgow City,615070.0,0.012079606878798721,0.18119410318198081,0.012152859989078335,0.19864781807006748,38.56
ITL3,TLM33,"Inverclyde, East Renfrewshire, and Renfrewshire",348900.0,0.014191726704097362,0.21287590056146044,0.014292907333534055,0.2372311020310065,37.47
ITL3,TLM34,North Lanarkshire,339390.0,0.020512548929813926,0.3076882339472089,0.020724377161392527,0.3602768346826848,45.28
ITL3,TLM50,Aberdeen City and Aberdeenshire,492030.0,-0.001767526707937428,-0.02651290061906142,-0.0017659655525358309,-0.026164519326065783,38.48
ITL3,TLM91,Scottish Borders,114530.0,0.016013166250779302,0.24019749376168953,0.01614206409926444,0.2715002388915433,36.89
ITL3,TLM92,Dumfries and Galloway,149520.0,-0.0008242161158868555,-0.012363241738302833,-0.0008238765430842454,-0.012287130847165373,36.54
ITL3,TLM93,North Ayrshire and East Ayrshire,258090.0,0.0009381694839268799,0.014072542258903198,0.0009386097025729789,0.014172026599803988,37.85
ITL3,TLM94,South Ayrshire,112470.0,0.002516021865523162,0.03774032798284743,0.0025191897047642797,0.03846153846153899,35.5
ITL3,TLM95,South Lanarkshire,317100.0,-0.0029669556440215556,-0.04450433466032333,-0.0029625585808301658,-0.04352854589422739,37.41
ITL3,TLN06,Belfast,341111.0,0.006293841950658733,0.094407629259881,0.006313689791785038,0.0990076422949695,38.54
ITL3,TLN07,"Armagh City, Banbridge and Craigavon",210924.0,0.015565283387377112,0.23347925081065668,0.015687053385329053,0.2629866216704837,33.75
ITL3,TLN08,"Newry, Mourne and Down",178017.0,0.003355005592501037,0.050325083887515554,0.0033606399230721173,0.05161290322580636,35.95
ITL3,TLN09,Ards and North Down,160299.0,0.015151774332922467,0.227276614993837,0.015267144416325706,0.2551770207080828,39.02
ITL3,TLN0A,Derry City and Strabane,150259.0,0.010856607321060885,0.16284910981591327,0.01091575413310375,0.17685909980430514,37.59
ITL3,TLN0B,Mid Ulster,145874.0,0.004967021646683574,0.07450532470025362,0.004979377747906355,0.07735108007855152,40.78
ITL3,TLN0C,Causeway Coast and Glens,142158.0,0.003135174740219308,0.04702762110328962,0.00314009454067965,0.04815095976575168,35.55
ITL3,TLN0D,Antrim and Newtownabbey,142138.0,0.002747879888082257,0.041218198321233857,0.002751658770534293,0.04207946072924118,41.33
ITL3,TLN0E,Lisburn and Castlereagh,142088.0,0.018706373852878617,0.28059560779317927,0.0188824341674505,0.32391811350090705,38.22
ITL3,TLN0F,Mid and East Antrim,137718.0,-0.016845720922098077,-0.25268581383147115,-0.016704625162968445,-0.22328812437975532,39.12
ITL3,TLN0G,Fermanagh and Omagh,115456.0,0.015744456633609318,0.2361668495041398,0.015869053636141217,0.2663855883480255,38.55
National,TLB,England,55289034.0,0.004396135342659413,0.0659420301398912,0.0044058125211672294,0.06816479400749054,42.39
National,UKX,United Kingdom,65636941.0,0.005145439648435494,0.07718159472653241,0.005158700156983276,0.08023822414726633,41.87
MCA,E47000006,Tees Valley,670923.0,0.009769341883981219,0.1465401282597183,0.009817217682411838,0.15782139124375738,35.37
MCA,E47000014,North East,1947330.0,0.008745514299196877,0.13118271448795316,0.008783868035560083,0.14017608897126999,35.97
MCA,E47000001,Greater Manchester,2784566.0,0.012095041436865787,0.1814256215529868,0.012168482241729617,0.19892535918701104,39.77
MCA,E47000018,Lancashire,1488803.0,0.004571154097704048,0.06856731146556072,0.004581617760192502,0.07097271126760529,37.25
MCA,E47000004,Liverpool City Region,1527115.0,0.0035829120291066847,0.05374368043660027,0.0035893383310769966,0.05521409547223888,37.33
MCA,E47000016,Hull and East Yorkshire,601661.0,-0.005419380378225291,-0.08129070567337937,-0.005404722028062747,-0.07807435653002837,37.45
MCA,E47000017,Greater Lincolnshire,1075192.0,0.0062669542680056384,0.09400431402008458,0.0062866327123971555,0.0985644851362042,36.73
MCA,E47000012,York and North Yorkshire,808662.0,-0.00195708078655444,-0.0293562117983166,-0.001955166952664622,-0.028929503916448995,38.18
MCA,E47000007,West Midlands,2865850.0,0.001645491256022602,0.02468236884033903,0.0016468458196317037,0.024989500209995352,35.72
MCA,E47000008,Cambridgeshire and Peterborough,862377.0,0.0034728282922637634,0.05209242438395645,0.0034788655471977847,0.05347310461668808,40.29
MCA,E47000015,Devon and Torbay,909972.0,0.0045249431144252245,0.06787414671637837,0.004535196128454766,0.0702306079664563,34.4
MCA,E47000009,West of England,920903.0,0.004428099579625903,0.06642149369438854,0.004437918099681637,0.06867706289373121,42.01
MCA,E61000001,Greater London,8743651.0,-0.0016625965564834645,-0.024938948347251966,-0.0016612152084761744,-0.02463054187192104,53.2
MCA,E47000002,South Yorkshire,1366070.0,0.004875585373264239,0.07313378059896358,0.0048874903797251346,0.07587445841699303,33.77
MCA,E47000003,West Yorkshire,2302614.0,0.00695326102582623,0.10429891538739344,0.006977491071995523,0.10993218114198222,37.33
MCA,E47000013,East Midlands,2164887.0,0.001058274182262764,0.01587411273394146,0.0010588343519721821,0.01600077579518988,35.62
ITL1,TLC,North East,2623787.0,0.008636465234553666,0.129546978518305,0.008673867096182342,0.13831258644536648,35.82
ITL1,TLD,North West,7275765.0,0.007211408780660852,0.10817113170991277,0.007237473605994804,0.11423841059602635,39.31
ITL1,TLE,Yorkshire and The Humber,5427784.0,0.003977569689125637,0.05966354533688456,0.003985490718107831,0.06147934678194078,36.82
ITL1,TLG,West Midlands,5855052.0,0.004183968555709564,0.06275952833564347,0.004192733572068175,0.06477076124567493,36.02
ITL1,TLH,East,6202843.0,0.004820711175064514,0.07231066762596772,0.004832349497329247,0.07498925655350197,39.69
ITL1,TLJ,South East,9105076.0,0.007557111820086308,0.11335667730129462,0.007585738856752844,0.1200313514723994,45.22
ITL1,TLK,South West,5574666.0,0.0038607457856720375,0.05791118678508056,0.003868208064913503,0.059620883193899576,38.75
ITL1,TLL,Wales,3081366.0,0.007419300423055652,0.11128950634583479,0.007446891626037955,0.11771844660194142,35.15
ITL1,TLI,London,8776229.0,-0.0007680961253223373,-0.01152144187983506,-0.0007678012150047486,-0.011455324235481679,53.96
ITL1,TLF,East Midlands,4778346.0,0.0021958372513251946,0.03293755876987792,0.002198249867523261,0.03348600508905886,35.61
ITL1,TLM,Scotland,5424800.0,0.009157804604962412,0.1373670690744362,0.00919986559495145,0.14724919093851074,41.28
ITL1,TLN,Northern Ireland,1875178.0,0.008521311206195866,0.127819668092938,0.008557720924565082,0.13634806440561875,36.88
ITL2,TLC3,Tees Valley,672690.0,0.009769341883981219,0.1465401282597183,0.009817217682411838,0.15782139124375738,35.37
ITL2,TLC4,"Northumberland, Durham and Tyne & Wear",1951097.0,0.008745514299196877,0.13118271448795316,0.008783868035560083,0.14017608897126999,35.97
ITL2,TLD1,Cumbria,498693.0,0.00982776238237939,0.14741643573569085,0.009876213430823677,0.15883644346871573,36.25
ITL2,TLD3,Greater Manchester,2804283.0,0.012095041436865787,0.1814256215529868,0.012168482241729617,0.19892535918701104,39.77
ITL2,TLD4,Lancashire,1496853.0,0.004571154097704048,0.06856731146556072,0.004581617760192502,0.07097271126760529,37.25
ITL2,TLD6,Cheshire,942398.0,0.00020068872095677648,0.003010330814351647,0.00020070886028533685,0.003014866410230299,44.58
ITL2,TLD7,Merseyside,1533538.0,0.0035829120291066847,0.05374368043660027,0.0035893383310769966,0.05521409547223888,37.33
ITL2,TLE1,East Yorkshire and Northern Lincolnshire,933578.0,0.0009573661776622444,0.014360492664933666,0.0009578245989418921,0.014464099895941995,38.56
ITL2,TLE2,North Yorkshire,810837.0,-0.00195708078655444,-0.0293562117983166,-0.001955166952664622,-0.028929503916448995,38.18
ITL2,TLG1,"Herefordshire, Worcestershire and Warwickshire",1351030.0,0.01587282012304101,0.23809230184561514,0.01599946250236095,0.2688263024295907,39.61
ITL2,TLG2,Shropshire and Staffordshire,1614523.0,-0.0024591243869932574,-0.03688686580489886,-0.002456103217602479,-0.03621483375959089,33.44
ITL2,TLG3,West Midlands,2889499.0,0.001645491256022602,0.02468236884033903,0.0016468458196317037,0.024989500209995352,35.72
ITL2,TLH2,Bedfordshire and Hertfordshire,1858958.0,0.00530256650053745,0.07953849750806175,0.00531664998815673,0.08278724333770193,41.01
ITL2,TLH3,Essex,1822045.0,0.0034527459005978755,0.05179118850896813,0.0034587134939427777,0.05315580851712576,39.41
ITL2,TLH4,Cambridgeshire and Peterborough,869702.0,0.0034728282922637634,0.05209242438395645,0.0034788655471977847,0.05347310461668808,40.29
ITL2,TLJ1,"Berkshire, Buckinghamshire and Oxfordshire",2438363.0,0.008001504106985103,0.12002256160477653,0.008033601693514747,0.12752229000469262,47.65
ITL2,TLJ2,"Surrey, East and West Sussex",2868837.0,0.008055284798829792,0.12082927198244686,0.008087815895841954,0.12843224092116934,45.89
ITL2,TLJ3,Hampshire and Isle of Wight,1976517.0,0.01138682898112459,0.17080243471686885,0.011451905689467967,0.1862563627950018,47.17
ITL2,TLJ4,Kent,1821359.0,0.00046742237927658675,0.007011335689148801,0.0004675316381395067,0.007035972648895328,37.86
ITL2,TLK3,Cornwall and Isles of Scilly,559091.0,0.010784612256042199,0.161769183840633,0.010842975807528132,0.1755888650963593,32.74
ITL2,TLK4,Devon,1185975.0,0.004375367560834024,0.06563051341251036,0.004384953456987528,0.0678320946299591,34.5
ITL2,TLK5,West of England,928386.0,0.004428099579625903,0.06642149369438854,0.004437918099681637,0.06867706289373121,42.01
ITL2,TLK6,"North Somerset, Somerset and Dorset",1546645.0,0.002272831059668749,0.03409246589503123,0.0022754158981110884,0.03468027494271997,36.26
ITL2,TLK7,Gloucestershire and Wiltshire,1354569.0,0.0033614619704891878,0.05042192955733782,0.0033671180195342654,0.051714752313554824,44.54
ITL2,TLL3,North Wales,687156.0,0.01079129617322098,0.1618694425983147,0.010849732220838737,0.17570673408411874,35.82
ITL2,TLL4,Mid and South West Wales,891334.0,0.005718991059558812,0.08578486589338219,0.005735375708590729,0.08957189901207463,32.25
ITL2,TLL5,South East Wales,1502876.0,0.007712601657467507,0.1156890248620126,0.007742420380312032,0.12264670263128963,36.5
ITL2,TLH5,Norfolk,898548.0,0.008599150923131068,0.12898726384696602,0.00863622982759038,0.13767563446247677,37.06
ITL2,TLH6,Suffolk,753590.0,0.004877250345759343,0.07315875518639015,0.004889163491150095,0.07590132827324525,38.78
ITL2,TLI3,Inner London - West,1104033.0,0.0009105832620693496,0.013658748931040243,0.0009109979688735059,0.013752455795678076,64.56
ITL2,TLI4,Inner London - East,2328482.0,-0.0039049175581444234,-0.058573763372166354,-0.0038973032818412356,-0.056891329042029315,50.89
ITL2,TLI5,Outer London - East and North East,1915435.0,-0.013376080520673562,-0.20064120781010342,-0.013287018299018127,-0.18179405520169856,40.76
ITL2,TLI6,Outer London - South,1303737.0,0.0015031793165047583,0.022547689747571376,0.0015043096568305714,0.022803810256903034,44.4
ITL2,TLI7,Outer London - West and North West,2124542.0,0.00046462355751935767,0.006969353362790365,0.0004647315117631834,0.0069936958234828595,45.23
ITL2,TLE3,South Yorkshire,1368187.0,0.004875585373264239,0.07313378059896358,0.0048874903797251346,0.07587445841699303,33.77
ITL2,TLE4,West Yorkshire,2315182.0,0.00695326102582623,0.10429891538739344,0.006977491071995523,0.10993218114198222,37.33
ITL2,TLF1,Derbyshire and Nottinghamshire,2176697.0,0.001058274182262764,0.01587411273394146,0.0010588343519721821,0.01600077579518988,35.62
ITL2,TLF2,"Leicestershire, Rutland and Northamptonshire",1848618.0,0.0026644321434552273,0.03996648215182841,0.0026679848974353604,0.04077588903952445,35.85
ITL2,TLF3,Lincolnshire,753031.0,0.004102874352872081,0.06154311529308121,0.004111302664675742,0.06347634763476373,34.98
ITL2,TLM0,Eastern Scotland,932950.0,0.004744155066711168,0.07116232600066752,0.004755426387608619,0.07375551016019766,38.18
ITL2,TLM1,East Central Scotland,1049580.0,0.014390159656111005,0.21585239484166507,0.014494196439878149,0.2409191994069686,50.42
ITL2,TLM2,Highlands and Islands,625590.0,0.01332983755314198,0.1999475632971297,0.013419075907819211,0.22133871350581513,39.68
ITL2,TLM3,West Central Scotland,1509070.0,0.014081776895755146,0.21122665343632718,0.014181392153418626,0.23519228391245162,39.67
ITL2,TLM5,North Eastern Scotland,490600.0,-0.0018000123234820956,-0.027000184852231435,-0.001798393272882448,-0.026638938403644064,38.48
ITL2,TLM9,Southern Scotland,952800.0,0.0009154116508764669,0.013731174763147003,0.0009158307680001698,0.013825880319723316,37.01
ITL2,TLN0,Northern Ireland,1875178.0,0.008521311206195866,0.127819668092938,0.008557720924565082,0.13634806440561875,36.88
ITL3,TLC31,Hartlepool and Stockton-on-Tees,289352.0,0.004826645455367876,0.07239968183051815,0.004838312471842077,0.07508495012605487,39.7
ITL3,TLC32,South Teesside,276797.0,0.007194224718001685,0.10791337077002527,0.0072201653228494145,0.11395124046826344,32.92
ITL3,TLC33,Darlington,106541.0,0.026139166429581393,0.3920874964437209,0.026483790617959357,0.48006720635405586,31.11
ITL3,TLC41,Durham,515911.0,-8.016836320313321e-05,-0.0012025254480469982,-8.016514980579981e-05,-0.0012018027040554546,36.02
ITL3,TLC42,Northumberland,315663.0,0.011110467949889902,0.16665701924834853,0.011172418419241215,0.1813490158425346,34.87
ITL3,TLC43,Tyneside,844707.0,0.013570027923728568,0.2035504188559285,0.013662518646351485,0.22574695684249324,35.73
ITL3,TLC44,Sunderland,274816.0,0.0033925122158262747,0.05088768323739412,0.003398273298399035,0.052204706419921365,37.84
ITL3,TLD13,Cumberland,273458.0,0.0016959347601366896,0.025439021402050344,0.0016973736708099096,0.0257653546301575,32.07
ITL3,TLD14,Westmorland and Furness,225235.0,0.016142134038361355,0.24213201057542033,0.016273122144091712,0.27396235822011716,41.41
ITL3,TLD33,Manchester,536961.0,0.013281800312948455,0.19922700469422683,0.013370395221505404,0.22045898437500022,44.77
ITL3,TLD34,Greater Manchester South West,490007.0,0.003607897856211532,0.05411846784317298,0.003614414154037515,0.05560965054635991,41.26
ITL3,TLD35,Greater Manchester South East,517597.0,0.014828149714657771,0.22242224571986657,0.014938632134475327,0.24909869310500166,37.97
ITL3,TLD36,Greater Manchester North West,612169.0,0.014141136090976936,0.21211704136465404,0.01424159493144228,0.23629257398101533,36.36
ITL3,TLD37,Greater Manchester North East,647549.0,0.007798736445389665,0.11698104668084497,0.007829225798401174,0.12409812409812404,33.15
ITL3,TLD41,Blackburn with Darwen,152312.0,0.015271905859006611,0.22907858788509916,0.015389117334017044,0.2574408547443401,33.27
ITL3,TLD42,Blackpool,142121.0,-0.0011392747864195012,-0.017089121796292517,-0.0011386260592829434,-0.016943930991989653,30.25
ITL3,TLD44,Lancaster and Wyre,247385.0,0.014690276615108763,0.22035414922663143,0.014798709045447556,0.24651810584958245,37.07
ITL3,TLD45,Mid Lancashire,389571.0,-0.0002216860896781488,-0.003325291345172232,-0.0002216615191326099,-0.0033197686870853893,40.99
ITL3,TLD46,East Lancashire,335444.0,0.011994596472784735,0.17991894709177103,0.012066820120696375,0.19712032910524457,36.59
ITL3,TLD47,Chorley and West Lancashire,230020.0,0.0018986479282174192,0.028479718923261288,0.0019004515014646728,0.028889143643242132,37.49
ITL3,TLD61,Warrington,212137.0,0.0016297558333234837,0.024446337499852255,0.0016310846071225793,0.024747599113519092,37.73
ITL3,TLD62,Cheshire East,384221.0,-0.0002607386334502119,-0.0039110795017531785,-0.0002607046440868954,-0.0039034411915761513,47.43
ITL3,TLD63,Cheshire West and Chester,346040.0,0.004805360986949067,0.07208041480423599,0.004816925250122894,0.0747417657376721,47.88
ITL3,TLD71,East Merseyside,455755.0,0.005558773929270089,0.08338160893905133,0.005574252580552219,0.08695652173913082,38.53
ITL3,TLD72,Liverpool,479801.0,0.0013006658128428346,0.01950998719264252,0.0013015120454700213,0.019701550765629294,37.48
ITL3,TLD73,Sefton,276962.0,0.0030489317109061885,0.04573397566359283,0.0030535844306016635,0.046795900728485273,36.2
ITL3,TLD74,Wirral,321020.0,0.005168768570017986,0.07753152855026979,0.005182149699002325,0.08061630218687821,36.01
ITL3,TLE11,"Kingston upon Hull, City of",267566.0,-0.008571208639750043,-0.12856812959625064,-0.008534580554668048,-0.12064634963161391,34.02
ITL3,TLE12,East Riding of Yorkshire,336697.0,-0.002747050917575322,-0.04120576376362983,-0.0027432812258385564,-0.040368347788842796,40.77
ITL3,TLE13,North and North East Lincolnshire,329315.0,0.009709760947124835,0.14564641420687252,0.009757053618862033,0.15678709224833431,40.57
ITL3,TLE21,York,203546.0,-0.0015127831399275613,-0.022691747098913417,-0.0015116394602990857,-0.022436225796537812,43.52
ITL3,TLG13,Warwickshire CC,572303.0,0.01128249107979323,0.16923736619689844,0.011346378425673098,0.18440124237892586,42.34
ITL3,TLG21,Telford and Wrekin,177528.0,-0.004988233605669853,-0.07482350408504779,-0.004975813029245102,-0.07209275628515688,34.96
ITL3,TLG22,Shropshire,315232.0,-0.008686266481199745,-0.13029399721799617,-0.008648649863291391,-0.12216268874817304,32.36
ITL3,TLG23,Stoke-on-Trent,258235.0,0.007266801033084688,0.10900201549627031,0.007293268303666167,0.11516459794927081,33.01
ITL3,TLG24,Staffordshire CC,863528.0,-0.0022626299547357696,-0.03393944932103654,-0.00226007213707502,-0.03336996702967354,33.66
ITL3,TLG31,Birmingham,1139893.0,-0.0013741898162720645,-0.020612847244080967,-0.0013732460498007137,-0.020401854714065637,35.14
ITL3,TLG32,Solihull,214330.0,-0.007986220333537552,-0.11979330500306329,-0.007954415199849296,-0.11289622231871488,41.8
ITL3,TLG33,Coventry,340034.0,-0.0018496021541510052,-0.027744032312265077,-0.0018478926941893903,-0.02736270133902552,40.39
ITL3,TLG36,Dudley,319539.0,0.00500413459829178,0.0750620189743767,0.00501667619104329,0.07795100222717077,31.91
ITL3,TLG37,Sandwell,333826.0,0.006656151978229078,0.09984227967343617,0.006678353389127922,0.1049966239027682,32.84
ITL3,TLG38,Walsall,281229.0,0.006874181409552035,0.10311272114328052,0.006897862826931833,0.10861636653749662,31.2
ITL3,TLG39,Wolverhampton,260648.0,0.009499132480532838,0.14248698720799258,0.00954439243606342,0.1531380753138072,35.29
ITL3,TLH21,Luton,220752.0,0.006995385186087155,0.10493077779130733,0.007019910046634159,0.11063372717508058,34.12
ITL3,TLH24,Bedford,175537.0,0.00025496413777622944,0.0038244620666434415,0.0002549966438945006,0.003831784653702597,33.6
ITL3,TLH25,Central Bedfordshire,277655.0,0.007417104836363405,0.11125657254545107,0.007444679691477996,0.11768163649188756,38.98
ITL3,TLH26,North and East Hertfordshire,584184.0,0.0062521974876921975,0.09378296231538297,0.006271783271191156,0.09832134292565886,42.5
ITL3,TLH27,South West Hertfordshire,600830.0,0.00446819221679983,0.06702288325199746,0.004478189471982974,0.06931994741245373,44.63
ITL3,TLH31,Southend-on-Sea,181405.0,0.004346774648448874,0.0652016197267331,0.004356235576578271,0.06737420638680902,31.29
ITL3,TLH32,Thurrock,170966.0,0.0028058143493320032,0.04208721523998005,0.0028097543305036776,0.042985439009504134,40.17
ITL3,TLH34,Essex Haven Gateway,483922.0,0.009020225512450075,0.13530338268675113,0.009061030343912257,0.14488406967354983,39.02
ITL3,TLH35,West Essex,308711.0,-0.002751694842728251,-0.041275422640923765,-0.0027479124006453137,-0.04043519232416681,38.62
ITL3,TLH36,Heart of Essex,317795.0,0.007213681378258189,0.10820522067387284,0.007239762654058124,0.11427639447645999,42.38
ITL3,TLH37,Essex Thames Gateway,359246.0,-0.002133515405744942,-0.03200273108617413,-0.0021312410794759318,-0.03149606299212637,40.89
ITL3,TLH41,Peterborough,208237.0,0.0053701467159312346,0.08055220073896852,0.005384591799637128,0.08388542478565841,38.34
ITL3,TLH42,Cambridgeshire CC,661465.0,0.0027790661984171314,0.04168599297625697,0.0027829313825895596,0.04256705396894356,40.99
ITL3,TLJ14,Oxfordshire CC,696188.0,-0.0011237544230729905,-0.016856316346094857,-0.001123123247522173,-0.01671504353918518,41.49
ITL3,TLJ15,Berkshire East,427385.0,0.011115957270373992,0.16673935905560988,0.011177969083945305,0.1814462918975983,56.81
ITL3,TLJ16,Berkshire West,499440.0,0.027286486879826023,0.4092973031973903,0.02766217232423185,0.5057593210063653,52.96
ITL3,TLJ21,Brighton and Hove,279500.0,0.025400762077947666,0.381011431169215,0.025726110291737214,0.4637643378519294,47.2
ITL3,TLJ22,East Sussex CC,544697.0,0.009550413253604855,0.1432561988040728,0.009596163980389205,0.15402542372881278,33.35
ITL3,TLJ25,West Surrey,784943.0,0.006256764459054942,0.09385146688582413,0.006276378896102441,0.09839658553466424,54.08
ITL3,TLJ26,East Surrey,400160.0,-0.002856905494908446,-0.04285358242362669,-0.0028528284239313084,-0.04194834460045094,53.46
ITL3,TLJ27,West Sussex (South West),456913.0,0.0101499958868299,0.15224993830244848,0.010201681817731956,0.16445124103046704,42.87
ITL3,TLJ28,West Sussex (North East),402624.0,0.010604312975312466,0.15906469462968698,0.01066073797522793,0.17241379310344773,37.94
ITL3,TLJ31,Portsmouth,210965.0,0.0053866995402181315,0.08080049310327198,0.0054012338918625336,0.08415457867345744,41.59
ITL3,TLJ32,Southampton,250492.0,-0.0006215304440852757,-0.009322956661279136,-0.0006213373340487882,-0.009279632641347235,47.18
ITL3,TLJ34,Isle of Wight,141277.0,0.005495970578365572,0.08243955867548358,0.005511101130988738,0.08593303622443083,35.46
ITL3,TLJ35,South Hampshire,452700.0,0.014166934915526083,0.21250402373289123,0.014267761509932475,0.23677108999178653,44.43
ITL3,TLJ36,Central Hampshire,546088.0,0.010625669355543247,0.1593850403331487,0.010682322260712862,0.17278943098852673,42.15
ITL3,TLJ37,North Hampshire,374995.0,0.020966358447393377,0.31449537671090066,0.021187696720035065,0.3695680206318508,64.49
ITL3,TLJ41,Medway,278652.0,0.0017879124746369138,0.026818687119553708,0.0017895117431208085,0.027181544633901877,39.16
ITL3,TLJ43,Kent Thames Gateway,361761.0,-0.012935775922536467,-0.194036638838047,-0.012852468375989412,-0.17637227304714953,35.04
ITL3,TLJ44,East Kent,522054.0,0.004464222549777593,0.0669633382466639,0.004474202035954056,0.06925627664613865,35.32
ITL3,TLJ45,Mid Kent,296164.0,-0.004095267713087066,-0.06142901569630599,-0.004086893539660297,-0.05958030159232364,34.2
ITL3,TLJ46,West Kent,362728.0,0.009806040648270554,0.1470906097240583,0.009854277406477818,0.15845892591806465,46.24
ITL3,TLK30,Cornwall and Isles of Scilly,559091.0,0.010974017582555066,0.164610263738326,0.011034452984240328,0.17893355600620242,32.74
ITL3,TLK41,Plymouth,265294.0,-0.001994644494807633,-0.029919667422114493,-0.0019926565134690266,-0.02947650492870124,33.97
ITL3,TLK42,Torbay,137329.0,-0.008481120346693889,-0.12721680520040834,-0.008445257103967818,-0.11945725434551191,27.68
ITL3,TLK43,Devon CC,783352.0,0.006948947911526678,0.10423421867290017,0.0069731478723458196,0.109860374499404,35.63
ITL3,TLK51,"Bristol, City of",463113.0,-0.0028356350864510676,-0.04253452629676602,-0.0028316184707284364,-0.04164262358145798,36.57
ITL3,TLK52,Bath & North East Somerset and South Gloucestershire,465273.0,0.012588189588504347,0.1888228438275652,0.012667754355335514,0.2078269595272615,48.99
ITL3,TLK61,North Somerset,213701.0,0.012829743154416857,0.19244614731625287,0.012912397408495924,0.21221122112211277,35.88
ITL3,TLK62,Somerset,558895.0,0.003956878763158341,0.059353181447375114,0.0039647175435559845,0.061149953041844896,34.53
ITL3,TLK63,"Bournemouth, Christchurch and Poole",399374.0,0.0007273298435755748,0.010909947653633623,0.0007275944120652689,0.010969678153782025,39.45
ITL3,TLK64,Dorset,374675.0,-0.004249324621839712,-0.06373986932759568,-0.004240309016567356,-0.06175096485882636,35.43
ITL3,TLK71,Swindon,227680.0,0.00399732994288294,0.059959949143244096,0.004005329922186274,0.061794019933555155,62.05
ITL3,TLK72,Wiltshire,497177.0,0.004262116427250717,0.06393174640876076,0.004271212163241334,0.06601963660986421,40.66
ITL3,TLK73,Gloucestershire CC,629712.0,0.003108420920090005,0.04662631380135007,0.003113257070029851,0.04773041352184593,40.77
ITL3,TLL31,Isle of Anglesey,68617.0,0.006569498787627322,0.09854248181440983,0.006591125277248588,0.10356128468429038,34.48
ITL3,TLL32,Gwynedd,118881.0,-0.00365657492851561,-0.05484862392773415,-0.0036498977993653092,-0.05337156599759496,29.27
ITL3,TLL33,Conwy and Denbighshire,209452.0,0.008319593550260447,0.12479390325390671,0.008354297542958244,0.13291493892188777,30.0
ITL3,TLL34,Flintshire and Wrexham,290206.0,0.017563030414755983,0.26344545622133975,0.017718167327383405,0.301406309388065,42.68
ITL3,TLL41,Mid Wales,204680.0,0.008659279618996922,0.12988919428495382,0.008696879632071663,0.13870220162224856,28.27
ITL3,TLL42,South West Wales,306366.0,0.007471872298244679,0.11207808447367018,0.007499856390500437,0.1186002025430406,32.3
ITL3,TLL43,Swansea,239266.0,0.0016835077874101027,0.02525261681115154,0.001684925682212679,0.025574165078728228,34.69
ITL3,TLL44,Neath Port Talbot,141022.0,0.004031545997475069,0.06047318996212603,0.004039683611086087,0.062339115836598014,34.21
ITL3,TLL51,Central Valleys and Bridgend,439049.0,0.0052170431548801115,0.07825564732320167,0.00523067562126478,0.08139908011552066,35.24
ITL3,TLL52,Cardiff and Vale of Glamorgan,482725.0,0.006746978454913943,0.10120467682370915,0.006769790589517655,0.10650309412658787,37.93
ITL3,TLH51,Norwich and East Norfolk,369999.0,0.010739676812004599,0.16109515218006898,0.010797554150086652,0.17479674796747924,37.2
ITL3,TLH52,North and West Norfolk,256384.0,0.0015331024267069893,0.02299653640060484,0.0015342782290306278,0.023262995367987926,33.63
ITL3,TLH53,Breckland and South Norfolk,272165.0,0.0111539977906468,0.167309966859702,0.011216435551615334,0.18212062674393725,40.29
ITL3,TLH61,Babergh and Mid Suffolk,189181.0,0.0049321443611908345,0.07398216541786251,0.0049443274064682186,0.07678760126805129,40.31
ITL3,TLH62,Ipswich,141922.0,0.006040617489445843,0.09060926234168765,0.006058898810892277,0.09484112601184003,42.52
ITL3,TLH63,East Suffolk,243496.0,0.013307358578202866,0.199610378673043,0.013396295541849623,0.22092696629213493,38.33
ITL3,TLH64,West Suffolk,178991.0,-0.0043973501601091885,-0.06596025240163783,-0.004387695972026373,-0.06383192601527976,35.65
ITL3,TLI33,Kensington & Chelsea and Hammersmith & Fulham,337371.0,0.01396118970895562,0.2094178456343343,0.014059102245880473,0.23296007789678597,48.45
ITL3,TLI34,Wandsworth,329493.0,0.0002911064962275963,0.004366597443413944,0.00029114887183556704,0.004376144921636849,35.39
ITL3,TLI35,Westminster and City of London,218336.0,-0.006117841219824704,-0.09176761829737057,-0.006099165334006007,-0.08768286927796176,71.21
ITL3,TLI36,Camden,218833.0,0.015542470874889958,0.23313706312334936,0.01566388327602586,0.2625545171339565,59.44
ITL3,TLI41,Hackney and Newham,603167.0,-0.007171744925060667,-0.10757617387591001,-0.007146089330855254,-0.10199188491331623,37.41
ITL3,TLI42,Tower Hamlets,293526.0,-0.0267437665133075,-0.4011564976996125,-0.026389318774898696,-0.3304547294562137,72.96
ITL3,TLI43,Haringey and Islington,495998.0,0.020072845203838164,0.30109267805757245,0.020275659508202093,0.351334574798261,52.0
ITL3,TLI44,Lewisham and Southwark,608564.0,0.006323818749723919,0.0948572812458588,0.0063438563072060195,0.09950192438306549,41.21
ITL3,TLI45,Lambeth,327227.0,-0.0013568414078243645,-0.020352621117365466,-0.0013559213147085192,-0.020146904512067132,54.12
ITL3,TLI51,Bexley and Greenwich,526870.0,-0.014234204516625463,-0.21351306774938195,-0.014133377193358165,-0.19225839528326072,43.11
ITL3,TLI52,Barking & Dagenham and Havering,471446.0,-0.014571806776796889,-0.21857710165195332,-0.014466151817551953,-0.19633848657445085,39.9
ITL3,TLI53,Redbridge and Waltham Forest,584042.0,-0.020283867456235782,-0.30425801184353674,-0.020079533708414976,-0.26232948583420745,35.92
ITL3,TLI54,Enfield,333077.0,0.001102070238199578,0.01653105357299367,0.001102677740754121,0.016668447483705773,46.53
ITL3,TLI61,Bromley,329134.0,-0.0046751218415269115,-0.07012682762290368,-0.004664210470029961,-0.06772442588726557,42.92
ITL3,TLI62,Croydon,385567.0,0.01014325236503216,0.15214878547548238,0.010194869523639793,0.16433345945264266,51.92
ITL3,TLI63,"Merton, Kingston upon Thames and Sutton",589036.0,-0.0004891366325728915,-0.007337049488593372,-0.0004890170247525694,-0.0073101990487938195,41.1
ITL3,TLI71,Barnet,384117.0,0.008103052592193728,0.1215457888829059,0.00813597117645104,0.1292410714285721,42.73
ITL3,TLI72,Brent,342439.0,0.0019431645757360745,0.02914746863604112,0.0019450537434766435,0.02957641350998319,45.02
ITL3,TLI73,Ealing,362670.0,-0.0059295129319297145,-0.08894269397894572,-0.005911968064758577,-0.08510199876365132,41.76
ITL3,TLI74,Harrow and Hillingdon,557350.0,-0.0010037289925911945,-0.015055934888867917,-0.0010032254251417516,-0.014943160982764603,39.97
ITL3,TLI75,Hounslow and Richmond upon Thames,477966.0,-0.0012043000434644568,-0.018064500651966853,-0.0012035751651866544,-0.017902315625607734,54.68
ITL3,TLJ12,Milton Keynes,276588.0,0.004976880394369706,0.07465320591554558,0.004989285634861007,0.07751041184636698,50.59
ITL3,TLJ13,Buckinghamshire,538762.0,-0.005967268579615788,-0.08950902869423683,-0.005949499793739488,-0.08561999057048586,40.15
ITL3,TLE22,North Yorkshire,607291.0,-0.0008479867123958466,-0.012719800685937699,-0.0008476272732707013,-0.012639245929733756,36.36
ITL3,TLE32,Sheffield,555675.0,0.005146142740814833,0.0771921411122225,0.005159406876653838,0.08024961681629095,36.08
ITL3,TLE33,Barnsley,241287.0,0.0019349237217534565,0.029023855826301848,0.001936796894612014,0.029449152542372792,34.03
ITL3,TLE34,Rotherham,264167.0,0.009455181205279455,0.1418277180791918,0.009500022647652484,0.15237809752198261,33.03
ITL3,TLE35,Doncaster,307058.0,0.0031638435612751556,0.04745765341912733,0.003168853796788884,0.048601795480342824,29.81
ITL3,TLE41,Bradford,540447.0,0.002889849498008227,0.04334774247012341,0.0028940291382761885,0.044300979519144246,33.46
ITL3,TLE42,Leeds,793134.0,0.008154605989602891,0.12231908984404338,0.008187945350526693,0.13011465236141828,41.47
ITL3,TLE44,Calderdale and Kirklees,640852.0,0.006682372301171391,0.10023558451757086,0.006704749166704271,0.10543130990415306,33.33
ITL3,TLE45,Wakefield,340749.0,0.004314350594146354,0.06471525891219532,0.004323670803400681,0.06685520361990904,36.15
ITL3,TLF11,Derby,261104.0,-0.011715578706138057,-0.17573368059207084,-0.011647218534015624,-0.1611586466755638,38.02
ITL3,TLF12,East Derbyshire,282577.0,0.0007133970001896491,0.010700955002844736,0.0007136515283525657,0.010758414997869892,37.75
ITL3,TLF13,South and West Derbyshire,500305.0,0.008847513618930472,0.1327127042839571,0.00888676855166004,0.14192188193519795,37.19
ITL3,TLF14,Nottingham,320378.0,-3.177478095833427e-05,-0.000476621714375014,-3.177427614531325e-05,-0.00047650814828914534,33.88
ITL3,TLF15,North Nottinghamshire,471083.0,0.002408159723715168,0.03612239585572752,0.002411061669324699,0.036782736635605495,31.06
ITL3,TLF16,South Nottinghamshire,341250.0,0.01027671198848387,0.15415067982725805,0.01032969874746792,0.1666666666666663,39.52
ITL3,TLF21,Leicester,361895.0,0.00628238071577177,0.09423571073657655,0.006302156260310721,0.09881871876419845,35.47
ITL3,TLF22,Leicestershire CC and Rutland,727287.0,0.00010505928173110135,0.0015758892259665203,0.00010506480065064494,0.0015771315919175244,36.38
ITL3,TLF24,West Northamptonshire,411732.0,0.005195821439030309,0.07793732158545463,0.005209343127860144,0.0810548977395047,38.21
ITL3,TLF25,North Northamptonshire,347704.0,-0.006538242940457136,-0.09807364410685704,-0.006516915137516843,-0.09341786313630474,31.57
ITL3,TLF30,Lincolnshire CC,753031.0,0.004603958716559357,0.06905938074839035,0.004614573217814888,0.07149983372131663,34.98
ITL3,TLG11,"Herefordshire, County of",186687.0,0.017792081359756236,0.26688122039634354,0.017951303334345692,0.3058853245769124,32.93
ITL3,TLG12,Worcestershire CC,592040.0,0.016857047402621284,0.25285571103931925,0.016999929151916282,0.2876974629009099,38.4
ITL3,TLL53,Gwent Valleys,336077.0,0.006755631296351083,0.10133446944526625,0.006778502046568713,0.10664671938448333,33.7
ITL3,TLL54,Monmouthshire and Newport,245025.0,0.013931378744164983,0.20897068116247475,0.014028872616277388,0.23240886520528026,37.78
ITL3,TLM01,Clackmannanshire and Fife,422860.0,0.005118768269109471,0.07678152403664207,0.005131891545521405,0.07980613893376365,38.51
ITL3,TLM02,"Perth and Kinross, and Stirling",245100.0,0.002684205822240789,0.040263087333611836,0.002687811528119255,0.041084634346754356,39.85
ITL3,TLM03,Angus and Dundee City,264990.0,0.006264855843247356,0.09397283764871034,0.0062845210978286214,0.09852990685669383,36.01
ITL3,TLM11,East Lothian and Midlothian,194930.0,0.010895635423656281,0.1634345313548442,0.010955209026791257,0.17754826017459746,37.05
ITL3,TLM12,Falkirk,160130.0,-0.0068763188704190036,-0.10314478305628505,-0.006852731086489983,-0.09800362976406474,38.69
ITL3,TLM13,City of Edinburgh,513210.0,0.015161846525425264,0.22742769788137895,0.015277370433945059,0.25536667080282904,56.26
ITL3,TLM14,West Lothian,181310.0,0.030525071776479548,0.4578760766471932,0.030995738619454816,0.5807131036557842,46.49
ITL3,TLM20,Highlands and Islands,625590.0,0.01332983755314198,0.1999475632971297,0.013419075907819211,0.22133871350581513,39.68
ITL3,TLM31,East Dunbartonshire and West Dunbartonshire,197740.0,0.013605489262430126,0.2040823389364519,0.013698465113605396,0.2263991296990202,40.06
ITL3,TLM32,Glasgow City,621020.0,0.012079606878798721,0.18119410318198081,0.012152859989078335,0.19864781807006748,38.56
ITL3,TLM33,"Inverclyde, East Renfrewshire, and Renfrewshire",350350.0,0.014191726704097362,0.21287590056146044,0.014292907333534055,0.2372311020310065,37.47
ITL3,TLM34,North Lanarkshire,339960.0,0.020512548929813926,0.3076882339472089,0.020724377161392527,0.3602768346826848,45.28
ITL3,TLM50,Aberdeen City and Aberdeenshire,490600.0,-0.001767526707937428,-0.02651290061906142,-0.0017659655525358309,-0.026164519326065783,38.48
ITL3,TLM91,Scottish Borders,115020.0,0.016013166250779302,0.24019749376168953,0.01614206409926444,0.2715002388915433,36.89
ITL3,TLM92,Dumfries and Galloway,149200.0,-0.0008242161158868555,-0.012363241738302833,-0.0008238765430842454,-0.012287130847165373,36.54
ITL3,TLM93,North Ayrshire and East Ayrshire,257730.0,0.0009381694839268799,0.014072542258903198,0.0009386097025729789,0.014172026599803988,37.85
ITL3,TLM94,South Ayrshire,112680.0,0.002516021865523162,0.03774032798284743,0.0025191897047642797,0.03846153846153899,35.5
ITL3,TLM95,South Lanarkshire,318170.0,-0.0029669556440215556,-0.04450433466032333,-0.0029625585808301658,-0.04352854589422739,37.41
ITL3,TLN06,Belfast,341915.0,0.006293841950658733,0.094407629259881,0.006313689791785038,0.0990076422949695,38.54
ITL3,TLN07,"Armagh City, Banbridge and Craigavon",212635.0,0.015565283387377112,0.23347925081065668,0.015687053385329053,0.2629866216704837,33.75
ITL3,TLN08,"Newry, Mourne and Down",179199.0,0.003355005592501037,0.050325083887515554,0.0033606399230721173,0.05161290322580636,35.95
ITL3,TLN09,Ards and North Down,160931.0,0.015151774332922467,0.227276614993837,0.015267144416325706,0.2551770207080828,39.02
ITL3,TLN0A,Derry City and Strabane,150589.0,0.010856607321060885,0.16284910981591327,0.01091575413310375,0.17685909980430514,37.59
ITL3,TLN0B,Mid Ulster,147002.0,0.004967021646683574,0.07450532470025362,0.004979377747906355,0.07735108007855152,40.78
ITL3,TLN0C,Causeway Coast and Glens,142296.0,0.003135174740219308,0.04702762110328962,0.00314009454067965,0.04815095976575168,35.55
ITL3,TLN0D,Antrim and Newtownabbey,142996.0,0.002747879888082257,0.041218198321233857,0.002751658770534293,0.04207946072924118,41.33
ITL3,TLN0E,Lisburn and Castlereagh,143737.0,0.018706373852878617,0.28059560779317927,0.0188824341674505,0.32391811350090705,38.22
ITL3,TLN0F,Mid and East Antrim,138019.0,-0.016845720922098077,-0.25268581383147115,-0.016704625162968445,-0.22328812437975532,39.12
ITL3,TLN0G,Fermanagh and Omagh,115859.0,0.015744456633609318,0.2361668495041398,0.015869053636141217,0.2663855883480255,38.55
National,TLB,England,55619548.0,0.004396135342659413,0.0659420301398912,0.0044058125211672294,0.06816479400749054,42.39
National,UKX,United Kingdom,66000892.0,0.005145439648435494,0.07718159472653241,0.005158700156983276,0.08023822414726633,41.87
MCA,E47000006,Tees Valley,672690.0,0.009769341883981219,0.1465401282597183,0.009817217682411838,0.15782139124375738,35.37
MCA,E47000014,North East,1951097.0,0.008745514299196877,0.13118271448795316,0.008783868035560083,0.14017608897126999,35.97
MCA,E47000001,Greater Manchester,2804283.0,0.012095041436865787,0.1814256215529868,0.012168482241729617,0.19892535918701104,39.77
MCA,E47000018,Lancashire,1496853.0,0.004571154097704048,0.06856731146556072,0.004581617760192502,0.07097271126760529,37.25
MCA,E47000004,Liverpool City Region,1533538.0,0.0035829120291066847,0.05374368043660027,0.0035893383310769966,0.05521409547223888,37.33
MCA,E47000016,Hull and East Yorkshire,604263.0,-0.005419380378225291,-0.08129070567337937,-0.005404722028062747,-0.07807435653002837,37.45
MCA,E47000017,Greater Lincolnshire,1082346.0,0.0062669542680056384,0.09400431402008458,0.0062866327123971555,0.0985644851362042,36.73
MCA,E47000012,York and North Yorkshire,810837.0,-0.00195708078655444,-0.0293562117983166,-0.001955166952664622,-0.028929503916448995,38.18
MCA,E47000007,West Midlands,2889499.0,0.001645491256022602,0.02468236884033903,0.0016468458196317037,0.024989500209995352,35.72
MCA,E47000008,Cambridgeshire and Peterborough,869702.0,0.0034728282922637634,0.05209242438395645,0.0034788655471977847,0.05347310461668808,40.29
MCA,E47000015,Devon and Torbay,920681.0,0.0045249431144252245,0.06787414671637837,0.004535196128454766,0.0702306079664563,34.4
MCA,E47000009,West of England,928386.0,0.004428099579625903,0.06642149369438854,0.004437918099681637,0.06867706289373121,42.01
MCA,E61000001,Greater London,8776229.0,-0.0016625965564834645,-0.024938948347251966,-0.0016612152084761744,-0.02463054187192104,53.2
MCA,E47000002,South Yorkshire,1368187.0,0.004875585373264239,0.07313378059896358,0.0048874903797251346,0.07587445841699303,33.77
MCA,E47000003,West Yorkshire,2315182.0,0.00695326102582623,0.10429891538739344,0.006977491071995523,0.10993218114198222,37.33
MCA,E47000013,East Midlands,2176697.0,0.001058274182262764,0.01587411273394146,0.0010588343519721821,0.01600077579518988,35.62
ITL1,TLC,North East,2629393.0,0.008636465234553666,0.129546978518305,0.008673867096182342,0.13831258644536648,35.82
ITL1,TLD,North West,7316116.0,0.007211408780660852,0.10817113170991277,0.007237473605994804,0.11423841059602635,39.31
ITL1,TLE,Yorkshire and The Humber,5443883.0,0.003977569689125637,0.05966354533688456,0.003985490718107831,0.06147934678194078,36.82
ITL1,TLG,West Midlands,5889328.0,0.004183968555709564,0.06275952833564347,0.004192733572068175,0.06477076124567493,36.02
ITL1,TLH,East,6237376.0,0.004820711175064514,0.07231066762596772,0.004832349497329247,0.07498925655350197,39.69
ITL1,TLJ,South East,9150245.0,0.007557111820086308,0.11335667730129462,0.007585738856752844,0.1200313514723994,45.22
ITL1,TLK,South West,5609701.0,0.0038607457856720375,0.05791118678508056,0.003868208064913503,0.059620883193899576,38.75
ITL1,TLL,Wales,3083840.0,0.007419300423055652,0.11128950634583479,0.007446891626037955,0.11771844660194142,35.15
ITL1,TLI,London,8833335.0,-0.0007680961253223373,-0.01152144187983506,-0.0007678012150047486,-0.011455324235481679,53.96
ITL1,TLF,East Midlands,4815151.0,0.0021958372513251946,0.03293755876987792,0.002198249867523261,0.03348600508905886,35.61
ITL1,TLM,Scotland,5438100.0,0.009157804604962412,0.1373670690744362,0.00919986559495145,0.14724919093851074,41.28
ITL1,TLN,Northern Ireland,1886259.0,0.008521311206195866,0.127819668092938,0.008557720924565082,0.13634806440561875,36.88
ITL2,TLC3,Tees Valley,673541.0,0.009769341883981219,0.1465401282597183,0.009817217682411838,0.15782139124375738,35.37
ITL2,TLC4,"Northumberland, Durham and Tyne & Wear",1955852.0,0.008745514299196877,0.13118271448795316,0.008783868035560083,0.14017608897126999,35.97
ITL2,TLD1,Cumbria,498941.0,0.00982776238237939,0.14741643573569085,0.009876213430823677,0.15883644346871573,36.25
ITL2,TLD3,Greater Manchester,2823878.0,0.012095041436865787,0.1814256215529868,0.012168482241729617,0.19892535918701104,39.77
ITL2,TLD4,Lancashire,1503339.0,0.004571154097704048,0.06856731146556072,0.004581617760192502,0.07097271126760529,37.25
ITL2,TLD6,Cheshire,948975.0,0.00020068872095677648,0.003010330814351647,0.00020070886028533685,0.003014866410230299,44.58
ITL2,TLD7,Merseyside,1540983.0,0.0035829120291066847,0.05374368043660027,0.0035893383310769966,0.05521409547223888,37.33
ITL2,TLE1,East Yorkshire and Northern Lincolnshire,934259.0,0.0009573661776622444,0.014360492664933666,0.0009578245989418921,0.014464099895941995,38.56
ITL2,TLE2,North Yorkshire,811641.0,-0.00195708078655444,-0.0293562117983166,-0.001955166952664622,-0.028929503916448995,38.18
ITL2,TLG1,"Herefordshire, Worcestershire and Warwickshire",1359892.0,0.01587282012304101,0.23809230184561514,0.01599946250236095,0.2688263024295907,39.61
ITL2,TLG2,Shropshire and Staffordshire,1622313.0,-0.0024591243869932574,-0.03688686580489886,-0.002456103217602479,-0.03621483375959089,33.44
ITL2,TLG3,West Midlands,2907123.0,0.001645491256022602,0.02468236884033903,0.0016468458196317037,0.024989500209995352,35.72
ITL2,TLH2,Bedfordshire and Hertfordshire,1868416.0,0.00530256650053745,0.07953849750806175,0.00531664998815673,0.08278724333770193,41.01
ITL2,TLH3,Essex,1833375.0,0.0034527459005978755,0.05179118850896813,0.0034587134939427777,0.05315580851712576,39.41
ITL2,TLH4,Cambridgeshire and Peterborough,876713.0,0.0034728282922637634,0.05209242438395645,0.0034788655471977847,0.05347310461668808,40.29
ITL2,TLJ1,"Berkshire, Buckinghamshire and Oxfordshire",2457736.0,0.008001504106985103,0.12002256160477653,0.008033601693514747,0.12752229000469262,47.65
ITL2,TLJ2,"Surrey, East and West Sussex",2878969.0,0.008055284798829792,0.12082927198244686,0.008087815895841954,0.12843224092116934,45.89
ITL2,TLJ3,Hampshire and Isle of Wight,1981860.0,0.01138682898112459,0.17080243471686885,0.011451905689467967,0.1862563627950018,47.17
ITL2,TLJ4,Kent,1831680.0,0.00046742237927658675,0.007011335689148801,0.0004675316381395067,0.007035972648895328,37.86
ITL2,TLK3,Cornwall and Isles of Scilly,562127.0,0.010784612256042199,0.161769183840633,0.010842975807528132,0.1755888650963593,32.74
ITL2,TLK4,Devon,1193623.0,0.004375367560834024,0.06563051341251036,0.004384953456987528,0.0678320946299591,34.5
ITL2,TLK5,West of England,938234.0,0.004428099579625903,0.06642149369438854,0.004437918099681637,0.06867706289373121,42.01
ITL2,TLK6,"North Somerset, Somerset and Dorset",1552187.0,0.002272831059668749,0.03409246589503123,0.0022754158981110884,0.03468027494271997,36.26
ITL2,TLK7,Gloucestershire and Wiltshire,1363530.0,0.0033614619704891878,0.05042192955733782,0.0033671180195342654,0.051714752313554824,44.54
ITL2,TLL3,North Wales,686482.0,0.01079129617322098,0.1618694425983147,0.010849732220838737,0.17570673408411874,35.82
ITL2,TLL4,Mid and South West Wales,890422.0,0.005718991059558812,0.08578486589338219,0.005735375708590729,0.08957189901207463,32.25
ITL2,TLL5,South East Wales,1506936.0,0.007712601657467507,0.1156890248620126,0.007742420380312032,0.12264670263128963,36.5
ITL2,TLH5,Norfolk,903527.0,0.008599150923131068,0.12898726384696602,0.00863622982759038,0.13767563446247677,37.06
ITL2,TLH6,Suffolk,755345.0,0.004877250345759343,0.07315875518639015,0.004889163491150095,0.07590132827324525,38.78
ITL2,TLI3,Inner London - West,1104525.0,0.0009105832620693496,0.013658748931040243,0.0009109979688735059,0.013752455795678076,64.56
ITL2,TLI4,Inner London - East,2349065.0,-0.0039049175581444234,-0.058573763372166354,-0.0038973032818412356,-0.056891329042029315,50.89
ITL2,TLI5,Outer London - East and North East,1929180.0,-0.013376080520673562,-0.20064120781010342,-0.013287018299018127,-0.18179405520169856,40.76
ITL2,TLI6,Outer London - South,1308552.0,0.0015031793165047583,0.022547689747571376,0.0015043096568305714,0.022803810256903034,44.4
ITL2,TLI7,Outer London - West and North West,2142013.0,0.00046462355751935767,0.006969353362790365,0.0004647315117631834,0.0069936958234828595,45.23
ITL2,TLE3,South Yorkshire,1372522.0,0.004875585373264239,0.07313378059896358,0.0048874903797251346,0.07587445841699303,33.77
ITL2,TLE4,West Yorkshire,2325461.0,0.00695326102582623,0.10429891538739344,0.006977491071995523,0.10993218114198222,37.33
ITL2,TLF1,Derbyshire and Nottinghamshire,2186393.0,0.001058274182262764,0.01587411273394146,0.0010588343519721821,0.01600077579518988,35.62
ITL2,TLF2,"Leicestershire, Rutland and Northamptonshire",1871477.0,0.0026644321434552273,0.03996648215182841,0.0026679848974353604,0.04077588903952445,35.85
ITL2,TLF3,Lincolnshire,757281.0,0.004102874352872081,0.06154311529308121,0.004111302664675742,0.06347634763476373,34.98
ITL2,TLM0,Eastern Scotland,933720.0,0.004744155066711168,0.07116232600066752,0.004755426387608619,0.07375551016019766,38.18
ITL2,TLM1,East Central Scotland,1058110.0,0.014390159656111005,0.21585239484166507,0.014494196439878149,0.2409191994069686,50.42
ITL2,TLM2,Highlands and Islands,624610.0,0.01332983755314198,0.1999475632971297,0.013419075907819211,0.22133871350581513,39.68
ITL2,TLM3,West Central Scotland,1515160.0,0.014081776895755146,0.21122665343632718,0.014181392153418626,0.23519228391245162,39.67
ITL2,TLM5,North Eastern Scotland,489030.0,-0.0018000123234820956,-0.027000184852231435,-0.001798393272882448,-0.026638938403644064,38.48
ITL2,TLM9,Southern Scotland,952750.0,0.0009154116508764669,0.013731174763147003,0.0009158307680001698,0.013825880319723316,37.01
ITL2,TLN0,Northern Ireland,1886259.0,0.008521311206195866,0.127819668092938,0.008557720924565082,0.13634806440561875,36.88
ITL3,TLC31,Hartlepool and Stockton-on-Tees,289797.0,0.004826645455367876,0.07239968183051815,0.004838312471842077,0.07508495012605487,39.7
ITL3,TLC32,South Teesside,277333.0,0.007194224718001685,0.10791337077002527,0.0072201653228494145,0.11395124046826344,32.92
ITL3,TLC33,Darlington,106411.0,0.026139166429581393,0.3920874964437209,0.026483790617959357,0.48006720635405586,31.11
ITL3,TLC41,Durham,516648.0,-8.016836320313321e-05,-0.0012025254480469982,-8.016514980579981e-05,-0.0012018027040554546,36.02
ITL3,TLC42,Northumberland,316153.0,0.011110467949889902,0.16665701924834853,0.011172418419241215,0.1813490158425346,34.87
ITL3,TLC43,Tyneside,848712.0,0.013570027923728568,0.2035504188559285,0.013662518646351485,0.22574695684249324,35.73
ITL3,TLC44,Sunderland,274339.0,0.0033925122158262747,0.05088768323739412,0.003398273298399035,0.052204706419921365,37.84
ITL3,TLD13,Cumberland,273256.0,0.0016959347601366896,0.025439021402050344,0.0016973736708099096,0.0257653546301575,32.07
ITL3,TLD14,Westmorland and Furness,225685.0,0.016142134038361355,0.24213201057542033,0.016273122144091712,0.27396235822011716,41.41
ITL3,TLD33,Manchester,540675.0,0.013281800312948455,0.19922700469422683,0.013370395221505404,0.22045898437500022,44.77
ITL3,TLD34,Greater Manchester South West,494847.0,0.003607897856211532,0.05411846784317298,0.003614414154037515,0.05560965054635991,41.26
ITL3,TLD35,Greater Manchester South East,520066.0,0.014828149714657771,0.22242224571986657,0.014938632134475327,0.24909869310500166,37.97
ITL3,TLD36,Greater Manchester North West,615498.0,0.014141136090976936,0.21211704136465404,0.01424159493144228,0.23629257398101533,36.36
ITL3,TLD37,Greater Manchester North East,652792.0,0.007798736445389665,0.11698104668084497,0.007829225798401174,0.12409812409812404,33.15
ITL3,TLD41,Blackburn with Darwen,152787.0,0.015271905859006611,0.22907858788509916,0.015389117334017044,0.2574408547443401,33.27
ITL3,TLD42,Blackpool,141880.0,-0.0011392747864195012,-0.017089121796292517,-0.0011386260592829434,-0.016943930991989653,30.25
ITL3,TLD44,Lancaster and Wyre,248014.0,0.014690276615108763,0.22035414922663143,0.014798709045447556,0.24651810584958245,37.07
ITL3,TLD45,Mid Lancashire,391394.0,-0.0002216860896781488,-0.003325291345172232,-0.0002216615191326099,-0.0033197686870853893,40.99
ITL3,TLD46,East Lancashire,338159.0,0.011994596472784735,0.17991894709177103,0.012066820120696375,0.19712032910524457,36.59
ITL3,TLD47,Chorley and West Lancashire,231105.0,0.0018986479282174192,0.028479718923261288,0.0019004515014646728,0.028889143643242132,37.49
ITL3,TLD61,Warrington,212008.0,0.0016297558333234837,0.024446337499852255,0.0016310846071225793,0.024747599113519092,37.73
ITL3,TLD62,Cheshire East,386891.0,-0.0002607386334502119,-0.0039110795017531785,-0.0002607046440868954,-0.0039034411915761513,47.43
ITL3,TLD63,Cheshire West and Chester,350076.0,0.004805360986949067,0.07208041480423599,0.004816925250122894,0.0747417657376721,47.88
ITL3,TLD71,East Merseyside,458852.0,0.005558773929270089,0.08338160893905133,0.005574252580552219,0.08695652173913082,38.53
ITL3,TLD72,Liverpool,483598.0,0.0013006658128428346,0.01950998719264252,0.0013015120454700213,0.019701550765629294,37.48
ITL3,TLD73,Sefton,277890.0,0.0030489317109061885,0.04573397566359283,0.0030535844306016635,0.046795900728485273,36.2
ITL3,TLD74,Wirral,320643.0,0.005168768570017986,0.07753152855026979,0.005182149699002325,0.08061630218687821,36.01
ITL3,TLE11,"Kingston upon Hull, City of",268223.0,-0.008571208639750043,-0.12856812959625064,-0.008534580554668048,-0.12064634963161391,34.02
ITL3,TLE12,East Riding of Yorkshire,337192.0,-0.002747050917575322,-0.04120576376362983,-0.0027432812258385564,-0.040368347788842796,40.77
ITL3,TLE13,North and North East Lincolnshire,328844.0,0.009709760947124835,0.14564641420687252,0.009757053618862033,0.15678709224833431,40.57
ITL3,TLE21,York,203906.0,-0.0015127831399275613,-0.022691747098913417,-0.0015116394602990857,-0.022436225796537812,43.52
ITL3,TLG13,Warwickshire CC,578389.0,0.01128249107979323,0.16923736619689844,0.011346378425673098,0.18440124237892586,42.34
ITL3,TLG21,Telford and Wrekin,179548.0,-0.004988233605669853,-0.07482350408504779,-0.004975813029245102,-0.07209275628515688,34.96
ITL3,TLG22,Shropshire,317112.0,-0.008686266481199745,-0.13029399721799617,-0.008648649863291391,-0.12216268874817304,32.36
ITL3,TLG23,Stoke-on-Trent,258843.0,0.007266801033084688,0.10900201549627031,0.007293268303666167,0.11516459794927081,33.01
ITL3,TLG24,Staffordshire CC,866810.0,-0.0022626299547357696,-0.03393944932103654,-0.00226007213707502,-0.03336996702967354,33.66
ITL3,TLG31,Birmingham,1146050.0,-0.0013741898162720645,-0.020612847244080967,-0.0013732460498007137,-0.020401854714065637,35.14
ITL3,TLG32,Solihull,214901.0,-0.007986220333537552,-0.11979330500306329,-0.007954415199849296,-0.11289622231871488,41.8
ITL3,TLG33,Coventry,342811.0,-0.0018496021541510052,-0.027744032312265077,-0.0018478926941893903,-0.02736270133902552,40.39
ITL3,TLG36,Dudley,320989.0,0.00500413459829178,0.0750620189743767,0.00501667619104329,0.07795100222717077,31.91
ITL3,TLG37,Sandwell,336977.0,0.006656151978229078,0.09984227967343617,0.006678353389127922,0.1049966239027682,32.84
ITL3,TLG38,Walsall,282921.0,0.006874181409552035,0.10311272114328052,0.006897862826931833,0.10861636653749662,31.2
ITL3,TLG39,Wolverhampton,262474.0,0.009499132480532838,0.14248698720799258,0.00954439243606342,0.1531380753138072,35.29
ITL3,TLH21,Luton,221532.0,0.006995385186087155,0.10493077779130733,0.007019910046634159,0.11063372717508058,34.12
ITL3,TLH24,Bedford,178288.0,0.00025496413777622944,0.0038244620666434415,0.0002549966438945006,0.003831784653702597,33.6
ITL3,TLH25,Central Bedfordshire,280414.0,0.007417104836363405,0.11125657254545107,0.007444679691477996,0.11768163649188756,38.98
ITL3,TLH26,North and East Hertfordshire,585323.0,0.0062521974876921975,0.09378296231538297,0.006271783271191156,0.09832134292565886,42.5
ITL3,TLH27,South West Hertfordshire,602859.0,0.00446819221679983,0.06702288325199746,0.004478189471982974,0.06931994741245373,44.63
ITL3,TLH31,Southend-on-Sea,181877.0,0.004346774648448874,0.0652016197267331,0.004356235576578271,0.06737420638680902,31.29
ITL3,TLH32,Thurrock,173113.0,0.0028058143493320032,0.04208721523998005,0.0028097543305036776,0.042985439009504134,40.17
ITL3,TLH34,Essex Haven Gateway,486582.0,0.009020225512450075,0.13530338268675113,0.009061030343912257,0.14488406967354983,39.02
ITL3,TLH35,West Essex,311779.0,-0.002751694842728251,-0.041275422640923765,-0.0027479124006453137,-0.04043519232416681,38.62
ITL3,TLH36,Heart of Essex,318886.0,0.007213681378258189,0.10820522067387284,0.007239762654058124,0.11427639447645999,42.38
ITL3,TLH37,Essex Thames Gateway,361138.0,-0.002133515405744942,-0.03200273108617413,-0.0021312410794759318,-0.03149606299212637,40.89
ITL3,TLH41,Peterborough,211037.0,0.0053701467159312346,0.08055220073896852,0.005384591799637128,0.08388542478565841,38.34
ITL3,TLH42,Cambridgeshire CC,665676.0,0.0027790661984171314,0.04168599297625697,0.0027829313825895596,0.04256705396894356,40.99
ITL3,TLJ14,Oxfordshire CC,702259.0,-0.0011237544230729905,-0.016856316346094857,-0.001123123247522173,-0.01671504353918518,41.49
ITL3,TLJ15,Berkshire East,430431.0,0.011115957270373992,0.16673935905560988,0.011177969083945305,0.1814462918975983,56.81
ITL3,TLJ16,Berkshire West,504171.0,0.027286486879826023,0.4092973031973903,0.02766217232423185,0.5057593210063653,52.96
ITL3,TLJ21,Brighton and Hove,281250.0,0.025400762077947666,0.381011431169215,0.025726110291737214,0.4637643378519294,47.2
ITL3,TLJ22,East Sussex CC,544719.0,0.009550413253604855,0.1432561988040728,0.009596163980389205,0.15402542372881278,33.35
ITL3,TLJ25,West Surrey,785155.0,0.006256764459054942,0.09385146688582413,0.006276378896102441,0.09839658553466424,54.08
ITL3,TLJ26,East Surrey,401597.0,-0.002856905494908446,-0.04285358242362669,-0.0028528284239313084,-0.04194834460045094,53.46
ITL3,TLJ27,West Sussex (South West),459342.0,0.0101499958868299,0.15224993830244848,0.010201681817731956,0.16445124103046704,42.87
ITL3,TLJ28,West Sussex (North East),406906.0,0.010604312975312466,0.15906469462968698,0.01066073797522793,0.17241379310344773,37.94
ITL3,TLJ31,Portsmouth,211215.0,0.0053866995402181315,0.08080049310327198,0.0054012338918625336,0.08415457867345744,41.59
ITL3,TLJ32,Southampton,250803.0,-0.0006215304440852757,-0.009322956661279136,-0.0006213373340487882,-0.009279632641347235,47.18
ITL3,TLJ34,Isle of Wight,141665.0,0.005495970578365572,0.08243955867548358,0.005511101130988738,0.08593303622443083,35.46
ITL3,TLJ35,South Hampshire,453432.0,0.014166934915526083,0.21250402373289123,0.014267761509932475,0.23677108999178653,44.43
ITL3,TLJ36,Central Hampshire,548523.0,0.010625669355543247,0.1593850403331487,0.010682322260712862,0.17278943098852673,42.15
ITL3,TLJ37,North Hampshire,376222.0,0.020966358447393377,0.31449537671090066,0.021187696720035065,0.3695680206318508,64.49
ITL3,TLJ41,Medway,278827.0,0.0017879124746369138,0.026818687119553708,0.0017895117431208085,0.027181544633901877,39.16
ITL3,TLJ43,Kent Thames Gateway,365944.0,-0.012935775922536467,-0.194036638838047,-0.012852468375989412,-0.17637227304714953,35.04
ITL3,TLJ44,East Kent,522980.0,0.004464222549777593,0.0669633382466639,0.004474202035954056,0.06925627664613865,35.32
ITL3,TLJ45,Mid Kent,299675.0,-0.004095267713087066,-0.06142901569630599,-0.004086893539660297,-0.05958030159232364,34.2
ITL3,TLJ46,West Kent,364254.0,0.009806040648270554,0.1470906097240583,0.009854277406477818,0.15845892591806465,46.24
ITL3,TLK30,Cornwall and Isles of Scilly,562127.0,0.010974017582555066,0.164610263738326,0.011034452984240328,0.17893355600620242,32.74
ITL3,TLK41,Plymouth,265689.0,-0.001994644494807633,-0.029919667422114493,-0.0019926565134690266,-0.02947650492870124,33.97
ITL3,TLK42,Torbay,138100.0,-0.008481120346693889,-0.12721680520040834,-0.008445257103967818,-0.11945725434551191,27.68
ITL3,TLK43,Devon CC,789834.0,0.006948947911526678,0.10423421867290017,0.0069731478723458196,0.109860374499404,35.63
ITL3,TLK51,"Bristol, City of",467026.0,-0.0028356350864510676,-0.04253452629676602,-0.0028316184707284364,-0.04164262358145798,36.57
ITL3,TLK52,Bath & North East Somerset and South Gloucestershire,471208.0,0.012588189588504347,0.1888228438275652,0.012667754355335514,0.2078269595272615,48.99
ITL3,TLK61,North Somerset,214360.0,0.012829743154416857,0.19244614731625287,0.012912397408495924,0.21221122112211277,35.88
ITL3,TLK62,Somerset,562159.0,0.003956878763158341,0.059353181447375114,0.0039647175435559845,0.061149953041844896,34.53
ITL3,TLK63,"Bournemouth, Christchurch and Poole",400064.0,0.0007273298435755748,0.010909947653633623,0.0007275944120652689,0.010969678153782025,39.45
ITL3,TLK64,Dorset,375604.0,-0.004249324621839712,-0.06373986932759568,-0.004240309016567356,-0.06175096485882636,35.43
ITL3,TLK71,Swindon,230174.0,0.00399732994288294,0.059959949143244096,0.004005329922186274,0.061794019933555155,62.05
ITL3,TLK72,Wiltshire,498703.0,0.004262116427250717,0.06393174640876076,0.004271212163241334,0.06601963660986421,40.66
ITL3,TLK73,Gloucestershire CC,634653.0,0.003108420920090005,0.04662631380135007,0.003113257070029851,0.04773041352184593,40.77
ITL3,TLL31,Isle of Anglesey,68539.0,0.006569498787627322,0.09854248181440983,0.006591125277248588,0.10356128468429038,34.48
ITL3,TLL32,Gwynedd,118129.0,-0.00365657492851561,-0.05484862392773415,-0.0036498977993653092,-0.05337156599759496,29.27
ITL3,TLL33,Conwy and Denbighshire,208983.0,0.008319593550260447,0.12479390325390671,0.008354297542958244,0.13291493892188777,30.0
ITL3,TLL34,Flintshire and Wrexham,290831.0,0.017563030414755983,0.26344545622133975,0.017718167327383405,0.301406309388065,42.68
ITL3,TLL41,Mid Wales,203258.0,0.008659279618996922,0.12988919428495382,0.008696879632071663,0.13870220162224856,28.27
ITL3,TLL42,South West Wales,306638.0,0.007471872298244679,0.11207808447367018,0.007499856390500437,0.1186002025430406,32.3
ITL3,TLL43,Swansea,239184.0,0.0016835077874101027,0.02525261681115154,0.001684925682212679,0.025574165078728228,34.69
ITL3,TLL44,Neath Port Talbot,141342.0,0.004031545997475069,0.06047318996212603,0.004039683611086087,0.062339115836598014,34.21
ITL3,TLL51,Central Valleys and Bridgend,439617.0,0.0052170431548801115,0.07825564732320167,0.00523067562126478,0.08139908011552066,35.24
ITL3,TLL52,Cardiff and Vale of Glamorgan,484290.0,0.006746978454913943,0.10120467682370915,0.006769790589517655,0.10650309412658787,37.93
ITL3,TLH51,Norwich and East Norfolk,372847.0,0.010739676812004599,0.16109515218006898,0.010797554150086652,0.17479674796747924,37.2
ITL3,TLH52,North and West Norfolk,255974.0,0.0015331024267069893,0.02299653640060484,0.0015342782290306278,0.023262995367987926,33.63
ITL3,TLH53,Breckland and South Norfolk,274706.0,0.0111539977906468,0.167309966859702,0.011216435551615334,0.18212062674393725,40.29
ITL3,TLH61,Babergh and Mid Suffolk,190200.0,0.0049321443611908345,0.07398216541786251,0.0049443274064682186,0.07678760126805129,40.31
ITL3,TLH62,Ipswich,141643.0,0.006040617489445843,0.09060926234168765,0.006058898810892277,0.09484112601184003,42.52
ITL3,TLH63,East Suffolk,244313.0,0.013307358578202866,0.199610378673043,0.013396295541849623,0.22092696629213493,38.33
ITL3,TLH64,West Suffolk,179189.0,-0.0043973501601091885,-0.06596025240163783,-0.004387695972026373,-0.06383192601527976,35.65
ITL3,TLI33,Kensington & Chelsea and Hammersmith & Fulham,337508.0,0.01396118970895562,0.2094178456343343,0.014059102245880473,0.23296007789678597,48.45
ITL3,TLI34,Wandsworth,331069.0,0.0002911064962275963,0.004366597443413944,0.00029114887183556704,0.004376144921636849,35.39
ITL3,TLI35,Westminster and City of London,218033.0,-0.006117841219824704,-0.09176761829737057,-0.006099165334006007,-0.08768286927796176,71.21
ITL3,TLI36,Camden,217915.0,0.015542470874889958,0.23313706312334936,0.01566388327602586,0.2625545171339565,59.44
ITL3,TLI41,Hackney and Newham,610780.0,-0.007171744925060667,-0.10757617387591001,-0.007146089330855254,-0.10199188491331623,37.41
ITL3,TLI42,Tower Hamlets,300050.0,-0.0267437665133075,-0.4011564976996125,-0.026389318774898696,-0.3304547294562137,72.96
ITL3,TLI43,Haringey and Islington,495693.0,0.020072845203838164,0.30109267805757245,0.020275659508202093,0.351334574798261,52.0
ITL3,TLI44,Lewisham and Southwark,613619.0,0.006323818749723919,0.0948572812458588,0.0063438563072060195,0.09950192438306549,41.21
ITL3,TLI45,Lambeth,328923.0,-0.0013568414078243645,-0.020352621117365466,-0.0013559213147085192,-0.020146904512067132,54.12
ITL3,TLI51,Bexley and Greenwich,531017.0,-0.014234204516625463,-0.21351306774938195,-0.014133377193358165,-0.19225839528326072,43.11
ITL3,TLI52,Barking & Dagenham and Havering,475527.0,-0.014571806776796889,-0.21857710165195332,-0.014466151817551953,-0.19633848657445085,39.9
ITL3,TLI53,Redbridge and Waltham Forest,588636.0,-0.020283867456235782,-0.30425801184353674,-0.020079533708414976,-0.26232948583420745,35.92
ITL3,TLI54,Enfield,334000.0,0.001102070238199578,0.01653105357299367,0.001102677740754121,0.016668447483705773,46.53
ITL3,TLI61,Bromley,330367.0,-0.0046751218415269115,-0.07012682762290368,-0.004664210470029961,-0.06772442588726557,42.92
ITL3,TLI62,Croydon,386999.0,0.01014325236503216,0.15214878547548238,0.010194869523639793,0.16433345945264266,51.92
ITL3,TLI63,"Merton, Kingston upon Thames and Sutton",591186.0,-0.0004891366325728915,-0.007337049488593372,-0.0004890170247525694,-0.0073101990487938195,41.1
ITL3,TLI71,Barnet,387574.0,0.008103052592193728,0.1215457888829059,0.00813597117645104,0.1292410714285721,42.73
ITL3,TLI72,Brent,345558.0,0.0019431645757360745,0.02914746863604112,0.0019450537434766435,0.02957641350998319,45.02
ITL3,TLI73,Ealing,364208.0,-0.0059295129319297145,-0.08894269397894572,-0.005911968064758577,-0.08510199876365132,41.76
ITL3,TLI74,Harrow and Hillingdon,562124.0,-0.0010037289925911945,-0.015055934888867917,-0.0010032254251417516,-0.014943160982764603,39.97
ITL3,TLI75,Hounslow and Richmond upon Thames,482549.0,-0.0012043000434644568,-0.018064500651966853,-0.0012035751651866544,-0.017902315625607734,54.68
ITL3,TLJ12,Milton Keynes,278892.0,0.004976880394369706,0.07465320591554558,0.004989285634861007,0.07751041184636698,50.59
ITL3,TLJ13,Buckinghamshire,541983.0,-0.005967268579615788,-0.08950902869423683,-0.005949499793739488,-0.08561999057048586,40.15
ITL3,TLE22,North Yorkshire,607735.0,-0.0008479867123958466,-0.012719800685937699,-0.0008476272732707013,-0.012639245929733756,36.36
ITL3,TLE32,Sheffield,556771.0,0.005146142740814833,0.0771921411122225,0.005159406876653838,0.08024961681629095,36.08
ITL3,TLE33,Barnsley,242360.0,0.0019349237217534565,0.029023855826301848,0.001936796894612014,0.029449152542372792,34.03
ITL3,TLE34,Rotherham,265154.0,0.009455181205279455,0.1418277180791918,0.009500022647652484,0.15237809752198261,33.03
ITL3,TLE35,Doncaster,308237.0,0.0031638435612751556,0.04745765341912733,0.003168853796788884,0.048601795480342824,29.81
ITL3,TLE41,Bradford,542542.0,0.002889849498008227,0.04334774247012341,0.0028940291382761885,0.044300979519144246,33.46
ITL3,TLE42,Leeds,797696.0,0.008154605989602891,0.12231908984404338,0.008187945350526693,0.13011465236141828,41.47
ITL3,TLE44,Calderdale and Kirklees,640786.0,0.006682372301171391,0.10023558451757086,0.006704749166704271,0.10543130990415306,33.33
ITL3,TLE45,Wakefield,344437.0,0.004314350594146354,0.06471525891219532,0.004323670803400681,0.06685520361990904,36.15
ITL3,TLF11,Derby,262395.0,-0.011715578706138057,-0.17573368059207084,-0.011647218534015624,-0.1611586466755638,38.02
ITL3,TLF12,East Derbyshire,282722.0,0.0007133970001896491,0.010700955002844736,0.0007136515283525657,0.010758414997869892,37.75
ITL3,TLF13,South and West Derbyshire,502204.0,0.008847513618930472,0.1327127042839571,0.00888676855166004,0.14192188193519795,37.19
ITL3,TLF14,Nottingham,322323.0,-3.177478095833427e-05,-0.000476621714375014,-3.177427614531325e-05,-0.00047650814828914534,33.88
ITL3,TLF15,North Nottinghamshire,473259.0,0.002408159723715168,0.03612239585572752,0.002411061669324699,0.036782736635605495,31.06
ITL3,TLF16,South Nottinghamshire,343490.0,0.01027671198848387,0.15415067982725805,0.01032969874746792,0.1666666666666663,39.52
ITL3,TLF21,Leicester,367094.0,0.00628238071577177,0.09423571073657655,0.006302156260310721,0.09881871876419845,35.47
ITL3,TLF22,Leicestershire CC and Rutland,735143.0,0.00010505928173110135,0.0015758892259665203,0.00010506480065064494,0.0015771315919175244,36.38
ITL3,TLF24,West Northamptonshire,417242.0,0.005195821439030309,0.07793732158545463,0.005209343127860144,0.0810548977395047,38.21
ITL3,TLF25,North Northamptonshire,351998.0,-0.006538242940457136,-0.09807364410685704,-0.006516915137516843,-0.09341786313630474,31.57
ITL3,TLF30,Lincolnshire CC,757281.0,0.004603958716559357,0.06905938074839035,0.004614573217814888,0.07149983372131663,34.98
ITL3,TLG11,"Herefordshire, County of",186511.0,0.017792081359756236,0.26688122039634354,0.017951303334345692,0.3058853245769124,32.93
ITL3,TLG12,Worcestershire CC,594992.0,0.016857047402621284,0.25285571103931925,0.016999929151916282,0.2876974629009099,38.4
ITL3,TLL53,Gwent Valleys,335973.0,0.006755631296351083,0.10133446944526625,0.006778502046568713,0.10664671938448333,33.7
ITL3,TLL54,Monmouthshire and Newport,247056.0,0.013931378744164983,0.20897068116247475,0.014028872616277388,0.23240886520528026,37.78
ITL3,TLM01,Clackmannanshire and Fife,423310.0,0.005118768269109471,0.07678152403664207,0.005131891545521405,0.07980613893376365,38.51
ITL3,TLM02,"Perth and Kinross, and Stirling",245620.0,0.002684205822240789,0.040263087333611836,0.002687811528119255,0.041084634346754356,39.85
ITL3,TLM03,Angus and Dundee City,264790.0,0.006264855843247356,0.09397283764871034,0.0062845210978286214,0.09852990685669383,36.01
ITL3,TLM11,East Lothian and Midlothian,197130.0,0.010895635423656281,0.1634345313548442,0.010955209026791257,0.17754826017459746,37.05
ITL3,TLM12,Falkirk,160340.0,-0.0068763188704190036,-0.10314478305628505,-0.006852731086489983,-0.09800362976406474,38.69
ITL3,TLM13,City of Edinburgh,518500.0,0.015161846525425264,0.22742769788137895,0.015277370433945059,0.25536667080282904,56.26
ITL3,TLM14,West Lothian,182140.0,0.030525071776479548,0.4578760766471932,0.030995738619454816,0.5807131036557842,46.49
ITL3,TLM20,Highlands and Islands,624610.0,0.01332983755314198,0.1999475632971297,0.013419075907819211,0.22133871350581513,39.68
ITL3,TLM31,East Dunbartonshire and West Dunbartonshire,197460.0,0.013605489262430126,0.2040823389364519,0.013698465113605396,0.2263991296990202,40.06
ITL3,TLM32,Glasgow City,626410.0,0.012079606878798721,0.18119410318198081,0.012152859989078335,0.19864781807006748,38.56
ITL3,TLM33,"Inverclyde, East Renfrewshire, and Renfrewshire",351110.0,0.014191726704097362,0.21287590056146044,0.014292907333534055,0.2372311020310065,37.47
ITL3,TLM34,North Lanarkshire,340180.0,0.020512548929813926,0.3076882339472089,0.020724377161392527,0.3602768346826848,45.28
ITL3,TLM50,Aberdeen City and Aberdeenshire,489030.0,-0.001767526707937428,-0.02651290061906142,-0.0017659655525358309,-0.026164519326065783,38.48
ITL3,TLM91,Scottish Borders,115270.0,0.016013166250779302,0.24019749376168953,0.01614206409926444,0.2715002388915433,36.89
ITL3,TLM92,Dumfries and Galloway,148790.0,-0.0008242161158868555,-0.012363241738302833,-0.0008238765430842454,-0.012287130847165373,36.54
ITL3,TLM93,North Ayrshire and East Ayrshire,257120.0,0.0009381694839268799,0.014072542258903198,0.0009386097025729789,0.014172026599803988,37.85
ITL3,TLM94,South Ayrshire,112550.0,0.002516021865523162,0.03774032798284743,0.0025191897047642797,0.03846153846153899,35.5
ITL3,TLM95,South Lanarkshire,319020.0,-0.0029669556440215556,-0.04450433466032333,-0.0029625585808301658,-0.04352854589422739,37.41
ITL3,TLN06,Belfast,343690.0,0.006293841950658733,0.094407629259881,0.006313689791785038,0.0990076422949695,38.54
ITL3,TLN07,"Armagh City, Banbridge and Craigavon",214887.0,0.015565283387377112,0.23347925081065668,0.015687053385329053,0.2629866216704837,33.75
ITL3,TLN08,"Newry, Mourne and Down",180205.0,0.003355005592501037,0.050325083887515554,0.0033606399230721173,0.05161290322580636,35.95
ITL3,TLN09,Ards and North Down,161816.0,0.015151774332922467,0.227276614993837,0.015267144416325706,0.2551770207080828,39.02
ITL3,TLN0A,Derry City and Strabane,150712.0,0.010856607321060885,0.16284910981591327,0.01091575413310375,0.17685909980430514,37.59
ITL3,TLN0B,Mid Ulster,148028.0,0.004967021646683574,0.07450532470025362,0.004979377747906355,0.07735108007855152,40.78
ITL3,TLN0C,Causeway Coast and Glens,142404.0,0.003135174740219308,0.04702762110328962,0.00314009454067965,0.04815095976575168,35.55
ITL3,TLN0D,Antrim and Newtownabbey,143952.0,0.002747879888082257,0.041218198321233857,0.002751658770534293,0.04207946072924118,41.33
ITL3,TLN0E,Lisburn and Castlereagh,145644.0,0.018706373852878617,0.28059560779317927,0.0188824341674505,0.32391811350090705,38.22
ITL3,TLN0F,Mid and East Antrim,138592.0,-0.016845720922098077,-0.25268581383147115,-0.016704625162968445,-0.22328812437975532,39.12
ITL3,TLN0G,Fermanagh and Omagh,116329.0,0.015744456633609318,0.2361668495041398,0.015869053636141217,0.2663855883480255,38.55
National,TLB,England,55924528.0,0.004396135342659413,0.0659420301398912,0.0044058125211672294,0.06816479400749054,42.39
National,UKX,United Kingdom,66332727.0,0.005145439648435494,0.07718159472653241,0.005158700156983276,0.08023822414726633,41.87
MCA,E47000006,Tees Valley,673541.0,0.009769341883981219,0.1465401282597183,0.009817217682411838,0.15782139124375738,35.37
MCA,E47000014,North East,1955852.0,0.008745514299196877,0.13118271448795316,0.008783868035560083,0.14017608897126999,35.97
MCA,E47000001,Greater Manchester,2823878.0,0.012095041436865787,0.1814256215529868,0.012168482241729617,0.19892535918701104,39.77
MCA,E47000018,Lancashire,1503339.0,0.004571154097704048,0.06856731146556072,0.004581617760192502,0.07097271126760529,37.25
MCA,E47000004,Liverpool City Region,1540983.0,0.0035829120291066847,0.05374368043660027,0.0035893383310769966,0.05521409547223888,37.33
MCA,E47000016,Hull and East Yorkshire,605415.0,-0.005419380378225291,-0.08129070567337937,-0.005404722028062747,-0.07807435653002837,37.45
MCA,E47000017,Greater Lincolnshire,1086125.0,0.0062669542680056384,0.09400431402008458,0.0062866327123971555,0.0985644851362042,36.73
MCA,E47000012,York and North Yorkshire,811641.0,-0.00195708078655444,-0.0293562117983166,-0.001955166952664622,-0.028929503916448995,38.18
MCA,E47000007,West Midlands,2907123.0,0.001645491256022602,0.02468236884033903,0.0016468458196317037,0.024989500209995352,35.72
MCA,E47000008,Cambridgeshire and Peterborough,876713.0,0.0034728282922637634,0.05209242438395645,0.0034788655471977847,0.05347310461668808,40.29
MCA,E47000015,Devon and Torbay,927934.0,0.0045249431144252245,0.06787414671637837,0.004535196128454766,0.0702306079664563,34.4
MCA,E47000009,West of England,938234.0,0.004428099579625903,0.06642149369438854,0.004437918099681637,0.06867706289373121,42.01
MCA,E61000001,Greater London,8833335.0,-0.0016625965564834645,-0.024938948347251966,-0.0016612152084761744,-0.02463054187192104,53.2
MCA,E47000002,South Yorkshire,1372522.0,0.004875585373264239,0.07313378059896358,0.0048874903797251346,0.07587445841699303,33.77
MCA,E47000003,West Yorkshire,2325461.0,0.00695326102582623,0.10429891538739344,0.006977491071995523,0.10993218114198222,37.33
MCA,E47000013,East Midlands,2186393.0,0.001058274182262764,0.01587411273394146,0.0010588343519721821,0.01600077579518988,35.62
ITL1,TLC,North East,2636676.0,0.008636465234553666,0.129546978518305,0.008673867096182342,0.13831258644536648,35.82
ITL1,TLD,North West,7363267.0,0.007211408780660852,0.10817113170991277,0.007237473605994804,0.11423841059602635,39.31
ITL1,TLE,Yorkshire and The Humber,5464651.0,0.003977569689125637,0.05966354533688456,0.003985490718107831,0.06147934678194078,36.82
ITL1,TLG,West Midlands,5920977.0,0.004183968555709564,0.06275952833564347,0.004192733572068175,0.06477076124567493,36.02
ITL1,TLH,East,6274179.0,0.004820711175064514,0.07231066762596772,0.004832349497329247,0.07498925655350197,39.69
ITL1,TLJ,South East,9193770.0,0.007557111820086308,0.11335667730129462,0.007585738856752844,0.1200313514723994,45.22
ITL1,TLK,South West,5642792.0,0.0038607457856720375,0.05791118678508056,0.003868208064913503,0.059620883193899576,38.75
ITL1,TLL,Wales,3087732.0,0.007419300423055652,0.11128950634583479,0.007446891626037955,0.11771844660194142,35.15
ITL1,TLI,London,8889743.0,-0.0007680961253223373,-0.01152144187983506,-0.0007678012150047486,-0.011455324235481679,53.96
ITL1,TLF,East Midlands,4844001.0,0.0021958372513251946,0.03293755876987792,0.002198249867523261,0.03348600508905886,35.61
ITL1,TLM,Scotland,5463300.0,0.009157804604962412,0.1373670690744362,0.00919986559495145,0.14724919093851074,41.28
ITL1,TLN,Northern Ireland,1898519.0,0.008521311206195866,0.127819668092938,0.008557720924565082,0.13634806440561875,36.88
ITL2,TLC3,Tees Valley,674626.0,0.009769341883981219,0.1465401282597183,0.009817217682411838,0.15782139124375738,35.37
ITL2,TLC4,"Northumberland, Durham and Tyne & Wear",1962050.0,0.008745514299196877,0.13118271448795316,0.008783868035560083,0.14017608897126999,35.97
ITL2,TLD1,Cumbria,499171.0,0.00982776238237939,0.14741643573569085,0.009876213430823677,0.15883644346871573,36.25
ITL2,TLD3,Greater Manchester,2847959.0,0.012095041436865787,0.1814256215529868,0.012168482241729617,0.19892535918701104,39.77
ITL2,TLD4,Lancashire,1513857.0,0.004571154097704048,0.06856731146556072,0.004581617760192502,0.07097271126760529,37.25
ITL2,TLD6,Cheshire,956163.0,0.00020068872095677648,0.003010330814351647,0.00020070886028533685,0.003014866410230299,44.58
ITL2,TLD7,Merseyside,1546117.0,0.0035829120291066847,0.05374368043660027,0.0035893383310769966,0.05521409547223888,37.33
ITL2,TLE1,East Yorkshire and Northern Lincolnshire,935933.0,0.0009573661776622444,0.014360492664933666,0.0009578245989418921,0.014464099895941995,38.56
ITL2,TLE2,North Yorkshire,814537.0,-0.00195708078655444,-0.0293562117983166,-0.001955166952664622,-0.028929503916448995,38.18
ITL2,TLG1,"Herefordshire, Worcestershire and Warwickshire",1368778.0,0.01587282012304101,0.23809230184561514,0.01599946250236095,0.2688263024295907,39.61
ITL2,TLG2,Shropshire and Staffordshire,1631108.0,-0.0024591243869932574,-0.03688686580489886,-0.002456103217602479,-0.03621483375959089,33.44
ITL2,TLG3,West Midlands,2921091.0,0.001645491256022602,0.02468236884033903,0.0016468458196317037,0.024989500209995352,35.72
ITL2,TLH2,Bedfordshire and Hertfordshire,1881839.0,0.00530256650053745,0.07953849750806175,0.00531664998815673,0.08278724333770193,41.01
ITL2,TLH3,Essex,1846380.0,0.0034527459005978755,0.05179118850896813,0.0034587134939427777,0.05315580851712576,39.41
ITL2,TLH4,Cambridgeshire and Peterborough,881675.0,0.0034728282922637634,0.05209242438395645,0.0034788655471977847,0.05347310461668808,40.29
ITL2,TLJ1,"Berkshire, Buckinghamshire and Oxfordshire",2475951.0,0.008001504106985103,0.12002256160477653,0.008033601693514747,0.12752229000469262,47.65
ITL2,TLJ2,"Surrey, East and West Sussex",2889145.0,0.008055284798829792,0.12082927198244686,0.008087815895841954,0.12843224092116934,45.89
ITL2,TLJ3,Hampshire and Isle of Wight,1985982.0,0.01138682898112459,0.17080243471686885,0.011451905689467967,0.1862563627950018,47.17
ITL2,TLJ4,Kent,1842692.0,0.00046742237927658675,0.007011335689148801,0.0004675316381395067,0.007035972648895328,37.86
ITL2,TLK3,Cornwall and Isles of Scilly,565793.0,0.010784612256042199,0.161769183840633,0.010842975807528132,0.1755888650963593,32.74
ITL2,TLK4,Devon,1200337.0,0.004375367560834024,0.06563051341251036,0.004384953456987528,0.0678320946299591,34.5
ITL2,TLK5,West of England,944659.0,0.004428099579625903,0.06642149369438854,0.004437918099681637,0.06867706289373121,42.01
ITL2,TLK6,"North Somerset, Somerset and Dorset",1558408.0,0.002272831059668749,0.03409246589503123,0.0022754158981110884,0.03468027494271997,36.26
ITL2,TLK7,Gloucestershire and Wiltshire,1373595.0,0.0033614619704891878,0.05042192955733782,0.0033671180195342654,0.051714752313554824,44.54
ITL2,TLL3,North Wales,685315.0,0.01079129617322098,0.1618694425983147,0.010849732220838737,0.17570673408411874,35.82
ITL2,TLL4,Mid and South West Wales,889844.0,0.005718991059558812,0.08578486589338219,0.005735375708590729,0.08957189901207463,32.25
ITL2,TLL5,South East Wales,1512573.0,0.007712601657467507,0.1156890248620126,0.007742420380312032,0.12264670263128963,36.5
ITL2,TLH5,Norfolk,906964.0,0.008599150923131068,0.12898726384696602,0.00863622982759038,0.13767563446247677,37.06
ITL2,TLH6,Suffolk,757321.0,0.004877250345759343,0.07315875518639015,0.004889163491150095,0.07590132827324525,38.78
ITL2,TLI3,Inner London - West,1104241.0,0.0009105832620693496,0.013658748931040243,0.0009109979688735059,0.013752455795678076,64.56
ITL2,TLI4,Inner London - East,2364397.0,-0.0039049175581444234,-0.058573763372166354,-0.0038973032818412356,-0.056891329042029315,50.89
ITL2,TLI5,Outer London - East and North East,1942897.0,-0.013376080520673562,-0.20064120781010342,-0.013287018299018127,-0.18179405520169856,40.76
ITL2,TLI6,Outer London - South,1317367.0,0.0015031793165047583,0.022547689747571376,0.0015043096568305714,0.022803810256903034,44.4
ITL2,TLI7,Outer London - West and North West,2160841.0,0.00046462355751935767,0.006969353362790365,0.0004647315117631834,0.0069936958234828595,45.23
ITL2,TLE3,South Yorkshire,1374386.0,0.004875585373264239,0.07313378059896358,0.0048874903797251346,0.07587445841699303,33.77
ITL2,TLE4,West Yorkshire,2339795.0,0.00695326102582623,0.10429891538739344,0.006977491071995523,0.10993218114198222,37.33
ITL2,TLF1,Derbyshire and Nottinghamshire,2194954.0,0.001058274182262764,0.01587411273394146,0.0010588343519721821,0.01600077579518988,35.62
ITL2,TLF2,"Leicestershire, Rutland and Northamptonshire",1887784.0,0.0026644321434552273,0.03996648215182841,0.0026679848974353604,0.04077588903952445,35.85
ITL2,TLF3,Lincolnshire,761263.0,0.004102874352872081,0.06154311529308121,0.004111302664675742,0.06347634763476373,34.98
ITL2,TLM0,Eastern Scotland,936770.0,0.004744155066711168,0.07116232600066752,0.004755426387608619,0.07375551016019766,38.18
ITL2,TLM1,East Central Scotland,1068470.0,0.014390159656111005,0.21585239484166507,0.014494196439878149,0.2409191994069686,50.42
ITL2,TLM2,Highlands and Islands,624170.0,0.01332983755314198,0.1999475632971297,0.013419075907819211,0.22133871350581513,39.68
ITL2,TLM3,West Central Scotland,1524490.0,0.014081776895755146,0.21122665343632718,0.014181392153418626,0.23519228391245162,39.67
ITL2,TLM5,North Eastern Scotland,489880.0,-0.0018000123234820956,-0.027000184852231435,-0.001798393272882448,-0.026638938403644064,38.48
ITL2,TLM9,Southern Scotland,954260.0,0.0009154116508764669,0.013731174763147003,0.0009158307680001698,0.013825880319723316,37.01
ITL2,TLN0,Northern Ireland,1898519.0,0.008521311206195866,0.127819668092938,0.008557720924565082,0.13634806440561875,36.88
ITL3,TLC31,Hartlepool and Stockton-on-Tees,289261.0,0.004826645455367876,0.07239968183051815,0.004838312471842077,0.07508495012605487,39.7
ITL3,TLC32,South Teesside,278833.0,0.007194224718001685,0.10791337077002527,0.0072201653228494145,0.11395124046826344,32.92
ITL3,TLC33,Darlington,106532.0,0.026139166429581393,0.3920874964437209,0.026483790617959357,0.48006720635405586,31.11
ITL3,TLC41,Durham,518562.0,-8.016836320313321e-05,-0.0012025254480469982,-8.016514980579981e-05,-0.0012018027040554546,36.02
ITL3,TLC42,Northumberland,318027.0,0.011110467949889902,0.16665701924834853,0.011172418419241215,0.1813490158425346,34.87
ITL3,TLC43,Tyneside,851184.0,0.013570027923728568,0.2035504188559285,0.013662518646351485,0.22574695684249324,35.73
ITL3,TLC44,Sunderland,274277.0,0.0033925122158262747,0.05088768323739412,0.003398273298399035,0.052204706419921365,37.84
ITL3,TLD13,Cumberland,273009.0,0.0016959347601366896,0.025439021402050344,0.0016973736708099096,0.0257653546301575,32.07
ITL3,TLD14,Westmorland and Furness,226162.0,0.016142134038361355,0.24213201057542033,0.016273122144091712,0.27396235822011716,41.41
ITL3,TLD33,Manchester,545947.0,0.013281800312948455,0.19922700469422683,0.013370395221505404,0.22045898437500022,44.77
ITL3,TLD34,Greater Manchester South West,499732.0,0.003607897856211532,0.05411846784317298,0.003614414154037515,0.05560965054635991,41.26
ITL3,TLD35,Greater Manchester South East,523124.0,0.014828149714657771,0.22242224571986657,0.014938632134475327,0.24909869310500166,37.97
ITL3,TLD36,Greater Manchester North West,621274.0,0.014141136090976936,0.21211704136465404,0.01424159493144228,0.23629257398101533,36.36
ITL3,TLD37,Greater Manchester North East,657882.0,0.007798736445389665,0.11698104668084497,0.007829225798401174,0.12409812409812404,33.15
ITL3,TLD41,Blackburn with Darwen,154066.0,0.015271905859006611,0.22907858788509916,0.015389117334017044,0.2574408547443401,33.27
ITL3,TLD42,Blackpool,142407.0,-0.0011392747864195012,-0.017089121796292517,-0.0011386260592829434,-0.016943930991989653,30.25
ITL3,TLD44,Lancaster and Wyre,249339.0,0.014690276615108763,0.22035414922663143,0.014798709045447556,0.24651810584958245,37.07
ITL3,TLD45,Mid Lancashire,394856.0,-0.0002216860896781488,-0.003325291345172232,-0.0002216615191326099,-0.0033197686870853893,40.99
ITL3,TLD46,East Lancashire,340683.0,0.011994596472784735,0.17991894709177103,0.012066820120696375,0.19712032910524457,36.59
ITL3,TLD47,Chorley and West Lancashire,232506.0,0.0018986479282174192,0.028479718923261288,0.0019004515014646728,0.028889143643242132,37.49
ITL3,TLD61,Warrington,212245.0,0.0016297558333234837,0.024446337499852255,0.0016310846071225793,0.024747599113519092,37.73
ITL3,TLD62,Cheshire East,390556.0,-0.0002607386334502119,-0.0039110795017531785,-0.0002607046440868954,-0.0039034411915761513,47.43
ITL3,TLD63,Cheshire West and Chester,353362.0,0.004805360986949067,0.07208041480423599,0.004816925250122894,0.0747417657376721,47.88
ITL3,TLD71,East Merseyside,461790.0,0.005558773929270089,0.08338160893905133,0.005574252580552219,0.08695652173913082,38.53
ITL3,TLD72,Liverpool,484687.0,0.0013006658128428346,0.01950998719264252,0.0013015120454700213,0.019701550765629294,37.48
ITL3,TLD73,Sefton,278908.0,0.0030489317109061885,0.04573397566359283,0.0030535844306016635,0.046795900728485273,36.2
ITL3,TLD74,Wirral,320732.0,0.005168768570017986,0.07753152855026979,0.005182149699002325,0.08061630218687821,36.01
ITL3,TLE11,"Kingston upon Hull, City of",268749.0,-0.008571208639750043,-0.12856812959625064,-0.008534580554668048,-0.12064634963161391,34.02
ITL3,TLE12,East Riding of Yorkshire,338944.0,-0.002747050917575322,-0.04120576376362983,-0.0027432812258385564,-0.040368347788842796,40.77
ITL3,TLE13,North and North East Lincolnshire,328240.0,0.009709760947124835,0.14564641420687252,0.009757053618862033,0.15678709224833431,40.57
ITL3,TLE21,York,203877.0,-0.0015127831399275613,-0.022691747098913417,-0.0015116394602990857,-0.022436225796537812,43.52
ITL3,TLG13,Warwickshire CC,584155.0,0.01128249107979323,0.16923736619689844,0.011346378425673098,0.18440124237892586,42.34
ITL3,TLG21,Telford and Wrekin,182081.0,-0.004988233605669853,-0.07482350408504779,-0.004975813029245102,-0.07209275628515688,34.96
ITL3,TLG22,Shropshire,319729.0,-0.008686266481199745,-0.13029399721799617,-0.008648649863291391,-0.12216268874817304,32.36
ITL3,TLG23,Stoke-on-Trent,259181.0,0.007266801033084688,0.10900201549627031,0.007293268303666167,0.11516459794927081,33.01
ITL3,TLG24,Staffordshire CC,870117.0,-0.0022626299547357696,-0.03393944932103654,-0.00226007213707502,-0.03336996702967354,33.66
ITL3,TLG31,Birmingham,1150646.0,-0.0013741898162720645,-0.020612847244080967,-0.0013732460498007137,-0.020401854714065637,35.14
ITL3,TLG32,Solihull,216323.0,-0.007986220333537552,-0.11979330500306329,-0.007954415199849296,-0.11289622231871488,41.8
ITL3,TLG33,Coventry,343715.0,-0.0018496021541510052,-0.027744032312265077,-0.0018478926941893903,-0.02736270133902552,40.39
ITL3,TLG36,Dudley,322090.0,0.00500413459829178,0.0750620189743767,0.00501667619104329,0.07795100222717077,31.91
ITL3,TLG37,Sandwell,340198.0,0.006656151978229078,0.09984227967343617,0.006678353389127922,0.1049966239027682,32.84
ITL3,TLG38,Walsall,284600.0,0.006874181409552035,0.10311272114328052,0.006897862826931833,0.10861636653749662,31.2
ITL3,TLG39,Wolverhampton,263519.0,0.009499132480532838,0.14248698720799258,0.00954439243606342,0.1531380753138072,35.29
ITL3,TLH21,Luton,223106.0,0.006995385186087155,0.10493077779130733,0.007019910046634159,0.11063372717508058,34.12
ITL3,TLH24,Bedford,180651.0,0.00025496413777622944,0.0038244620666434415,0.0002549966438945006,0.003831784653702597,33.6
ITL3,TLH25,Central Bedfordshire,284688.0,0.007417104836363405,0.11125657254545107,0.007444679691477996,0.11768163649188756,38.98
ITL3,TLH26,North and East Hertfordshire,588120.0,0.0062521974876921975,0.09378296231538297,0.006271783271191156,0.09832134292565886,42.5
ITL3,TLH27,South West Hertfordshire,605274.0,0.00446819221679983,0.06702288325199746,0.004478189471982974,0.06931994741245373,44.63
ITL3,TLH31,Southend-on-Sea,182115.0,0.004346774648448874,0.0652016197267331,0.004356235576578271,0.06737420638680902,31.29
ITL3,TLH32,Thurrock,174924.0,0.0028058143493320032,0.04208721523998005,0.0028097543305036776,0.042985439009504134,40.17
ITL3,TLH34,Essex Haven Gateway,489605.0,0.009020225512450075,0.13530338268675113,0.009061030343912257,0.14488406967354983,39.02
ITL3,TLH35,West Essex,315519.0,-0.002751694842728251,-0.041275422640923765,-0.0027479124006453137,-0.04043519232416681,38.62
ITL3,TLH36,Heart of Essex,321594.0,0.007213681378258189,0.10820522067387284,0.007239762654058124,0.11427639447645999,42.38
ITL3,TLH37,Essex Thames Gateway,362623.0,-0.002133515405744942,-0.03200273108617413,-0.0021312410794759318,-0.03149606299212637,40.89
ITL3,TLH41,Peterborough,213026.0,0.0053701467159312346,0.08055220073896852,0.005384591799637128,0.08388542478565841,38.34
ITL3,TLH42,Cambridgeshire CC,668649.0,0.0027790661984171314,0.04168599297625697,0.0027829313825895596,0.04256705396894356,40.99
ITL3,TLJ14,Oxfordshire CC,708513.0,-0.0011237544230729905,-0.016856316346094857,-0.001123123247522173,-0.01671504353918518,41.49
ITL3,TLJ15,Berkshire East,433185.0,0.011115957270373992,0.16673935905560988,0.011177969083945305,0.1814462918975983,56.81
ITL3,TLJ16,Berkshire West,506960.0,0.027286486879826023,0.4092973031973903,0.02766217232423185,0.5057593210063653,52.96
ITL3,TLJ21,Brighton and Hove,279920.0,0.025400762077947666,0.381011431169215,0.025726110291737214,0.4637643378519294,47.2
ITL3,TLJ22,East Sussex CC,545261.0,0.009550413253604855,0.1432561988040728,0.009596163980389205,0.15402542372881278,33.35
ITL3,TLJ25,West Surrey,788806.0,0.006256764459054942,0.09385146688582413,0.006276378896102441,0.09839658553466424,54.08
ITL3,TLJ26,East Surrey,403418.0,-0.002856905494908446,-0.04285358242362669,-0.0028528284239313084,-0.04194834460045094,53.46
ITL3,TLJ27,West Sussex (South West),461637.0,0.0101499958868299,0.15224993830244848,0.010201681817731956,0.16445124103046704,42.87
ITL3,TLJ28,West Sussex (North East),410103.0,0.010604312975312466,0.15906469462968698,0.01066073797522793,0.17241379310344773,37.94
ITL3,TLJ31,Portsmouth,210412.0,0.0053866995402181315,0.08080049310327198,0.0054012338918625336,0.08415457867345744,41.59
ITL3,TLJ32,Southampton,249428.0,-0.0006215304440852757,-0.009322956661279136,-0.0006213373340487882,-0.009279632641347235,47.18
ITL3,TLJ34,Isle of Wight,141764.0,0.005495970578365572,0.08243955867548358,0.005511101130988738,0.08593303622443083,35.46
ITL3,TLJ35,South Hampshire,454175.0,0.014166934915526083,0.21250402373289123,0.014267761509932475,0.23677108999178653,44.43
ITL3,TLJ36,Central Hampshire,551324.0,0.010625669355543247,0.1593850403331487,0.010682322260712862,0.17278943098852673,42.15
ITL3,TLJ37,North Hampshire,378879.0,0.020966358447393377,0.31449537671090066,0.021187696720035065,0.3695680206318508,64.49
ITL3,TLJ41,Medway,279852.0,0.0017879124746369138,0.026818687119553708,0.0017895117431208085,0.027181544633901877,39.16
ITL3,TLJ43,Kent Thames Gateway,371029.0,-0.012935775922536467,-0.194036638838047,-0.012852468375989412,-0.17637227304714953,35.04
ITL3,TLJ44,East Kent,523294.0,0.004464222549777593,0.0669633382466639,0.004474202035954056,0.06925627664613865,35.32
ITL3,TLJ45,Mid Kent,302282.0,-0.004095267713087066,-0.06142901569630599,-0.004086893539660297,-0.05958030159232364,34.2
ITL3,TLJ46,West Kent,366235.0,0.009806040648270554,0.1470906097240583,0.009854277406477818,0.15845892591806465,46.24
ITL3,TLK30,Cornwall and Isles of Scilly,565793.0,0.010974017582555066,0.164610263738326,0.011034452984240328,0.17893355600620242,32.74
ITL3,TLK41,Plymouth,265041.0,-0.001994644494807633,-0.029919667422114493,-0.0019926565134690266,-0.02947650492870124,33.97
ITL3,TLK42,Torbay,138754.0,-0.008481120346693889,-0.12721680520040834,-0.008445257103967818,-0.11945725434551191,27.68
ITL3,TLK43,Devon CC,796542.0,0.006948947911526678,0.10423421867290017,0.0069731478723458196,0.109860374499404,35.63
ITL3,TLK51,"Bristol, City of",469920.0,-0.0028356350864510676,-0.04253452629676602,-0.0028316184707284364,-0.04164262358145798,36.57
ITL3,TLK52,Bath & North East Somerset and South Gloucestershire,474739.0,0.012588189588504347,0.1888228438275652,0.012667754355335514,0.2078269595272615,48.99
ITL3,TLK61,North Somerset,215540.0,0.012829743154416857,0.19244614731625287,0.012912397408495924,0.21221122112211277,35.88
ITL3,TLK62,Somerset,564987.0,0.003956878763158341,0.059353181447375114,0.0039647175435559845,0.061149953041844896,34.53
ITL3,TLK63,"Bournemouth, Christchurch and Poole",400182.0,0.0007273298435755748,0.010909947653633623,0.0007275944120652689,0.010969678153782025,39.45
ITL3,TLK64,Dorset,377699.0,-0.004249324621839712,-0.06373986932759568,-0.004240309016567356,-0.06175096485882636,35.43
ITL3,TLK71,Swindon,231934.0,0.00399732994288294,0.059959949143244096,0.004005329922186274,0.061794019933555155,62.05
ITL3,TLK72,Wiltshire,502985.0,0.004262116427250717,0.06393174640876076,0.004271212163241334,0.06601963660986421,40.66
ITL3,TLK73,Gloucestershire CC,638676.0,0.003108420920090005,0.04662631380135007,0.003113257070029851,0.04773041352184593,40.77
ITL3,TLL31,Isle of Anglesey,68278.0,0.006569498787627322,0.09854248181440983,0.006591125277248588,0.10356128468429038,34.48
ITL3,TLL32,Gwynedd,117584.0,-0.00365657492851561,-0.05484862392773415,-0.0036498977993653092,-0.05337156599759496,29.27
ITL3,TLL33,Conwy and Denbighshire,208962.0,0.008319593550260447,0.12479390325390671,0.008354297542958244,0.13291493892188777,30.0
ITL3,TLL34,Flintshire and Wrexham,290491.0,0.017563030414755983,0.26344545622133975,0.017718167327383405,0.301406309388065,42.68
ITL3,TLL41,Mid Wales,202195.0,0.008659279618996922,0.12988919428495382,0.008696879632071663,0.13870220162224856,28.27
ITL3,TLL42,South West Wales,307557.0,0.007471872298244679,0.11207808447367018,0.007499856390500437,0.1186002025430406,32.3
ITL3,TLL43,Swansea,238707.0,0.0016835077874101027,0.02525261681115154,0.001684925682212679,0.025574165078728228,34.69
ITL3,TLL44,Neath Port Talbot,141385.0,0.004031545997475069,0.06047318996212603,0.004039683611086087,0.062339115836598014,34.21
ITL3,TLL51,Central Valleys and Bridgend,441329.0,0.0052170431548801115,0.07825564732320167,0.00523067562126478,0.08139908011552066,35.24
ITL3,TLL52,Cardiff and Vale of Glamorgan,486939.0,0.006746978454913943,0.10120467682370915,0.006769790589517655,0.10650309412658787,37.93
ITL3,TLH51,Norwich and East Norfolk,373469.0,0.010739676812004599,0.16109515218006898,0.010797554150086652,0.17479674796747924,37.2
ITL3,TLH52,North and West Norfolk,255841.0,0.0015331024267069893,0.02299653640060484,0.0015342782290306278,0.023262995367987926,33.63
ITL3,TLH53,Breckland and South Norfolk,277654.0,0.0111539977906468,0.167309966859702,0.011216435551615334,0.18212062674393725,40.29
ITL3,TLH61,Babergh and Mid Suffolk,191757.0,0.0049321443611908345,0.07398216541786251,0.0049443274064682186,0.07678760126805129,40.31
ITL3,TLH62,Ipswich,140809.0,0.006040617489445843,0.09060926234168765,0.006058898810892277,0.09484112601184003,42.52
ITL3,TLH63,East Suffolk,245052.0,0.013307358578202866,0.199610378673043,0.013396295541849623,0.22092696629213493,38.33
ITL3,TLH64,West Suffolk,179703.0,-0.0043973501601091885,-0.06596025240163783,-0.004387695972026373,-0.06383192601527976,35.65
ITL3,TLI33,Kensington & Chelsea and Hammersmith & Fulham,335367.0,0.01396118970895562,0.2094178456343343,0.014059102245880473,0.23296007789678597,48.45
ITL3,TLI34,Wandsworth,334558.0,0.0002911064962275963,0.004366597443413944,0.00029114887183556704,0.004376144921636849,35.39
ITL3,TLI35,Westminster and City of London,217180.0,-0.006117841219824704,-0.09176761829737057,-0.006099165334006007,-0.08768286927796176,71.21
ITL3,TLI36,Camden,217136.0,0.015542470874889958,0.23313706312334936,0.01566388327602586,0.2625545171339565,59.44
ITL3,TLI41,Hackney and Newham,615611.0,-0.007171744925060667,-0.10757617387591001,-0.007146089330855254,-0.10199188491331623,37.41
ITL3,TLI42,Tower Hamlets,305066.0,-0.0267437665133075,-0.4011564976996125,-0.026389318774898696,-0.3304547294562137,72.96
ITL3,TLI43,Haringey and Islington,495710.0,0.020072845203838164,0.30109267805757245,0.020275659508202093,0.351334574798261,52.0
ITL3,TLI44,Lewisham and Southwark,618497.0,0.006323818749723919,0.0948572812458588,0.0063438563072060195,0.09950192438306549,41.21
ITL3,TLI45,Lambeth,329513.0,-0.0013568414078243645,-0.020352621117365466,-0.0013559213147085192,-0.020146904512067132,54.12
ITL3,TLI51,Bexley and Greenwich,534827.0,-0.014234204516625463,-0.21351306774938195,-0.014133377193358165,-0.19225839528326072,43.11
ITL3,TLI52,Barking & Dagenham and Havering,480124.0,-0.014571806776796889,-0.21857710165195332,-0.014466151817551953,-0.19633848657445085,39.9
ITL3,TLI53,Redbridge and Waltham Forest,592795.0,-0.020283867456235782,-0.30425801184353674,-0.020079533708414976,-0.26232948583420745,35.92
ITL3,TLI54,Enfield,335151.0,0.001102070238199578,0.01653105357299367,0.001102677740754121,0.016668447483705773,46.53
ITL3,TLI61,Bromley,331192.0,-0.0046751218415269115,-0.07012682762290368,-0.004664210470029961,-0.06772442588726557,42.92
ITL3,TLI62,Croydon,390643.0,0.01014325236503216,0.15214878547548238,0.010194869523639793,0.16433345945264266,51.92
ITL3,TLI63,"Merton, Kingston upon Thames and Sutton",595532.0,-0.0004891366325728915,-0.007337049488593372,-0.0004890170247525694,-0.0073101990487938195,41.1
ITL3,TLI71,Barnet,390590.0,0.008103052592193728,0.1215457888829059,0.00813597117645104,0.1292410714285721,42.73
ITL3,TLI72,Brent,347424.0,0.0019431645757360745,0.02914746863604112,0.0019450537434766435,0.02957641350998319,45.02
ITL3,TLI73,Ealing,367284.0,-0.0059295129319297145,-0.08894269397894572,-0.005911968064758577,-0.08510199876365132,41.76
ITL3,TLI74,Harrow and Hillingdon,567706.0,-0.0010037289925911945,-0.015055934888867917,-0.0010032254251417516,-0.014943160982764603,39.97
ITL3,TLI75,Hounslow and Richmond upon Thames,487837.0,-0.0012043000434644568,-0.018064500651966853,-0.0012035751651866544,-0.017902315625607734,54.68
ITL3,TLJ12,Milton Keynes,281434.0,0.004976880394369706,0.07465320591554558,0.004989285634861007,0.07751041184636698,50.59
ITL3,TLJ13,Buckinghamshire,545859.0,-0.005967268579615788,-0.08950902869423683,-0.005949499793739488,-0.08561999057048586,40.15
ITL3,TLE22,North Yorkshire,610660.0,-0.0008479867123958466,-0.012719800685937699,-0.0008476272732707013,-0.012639245929733756,36.36
ITL3,TLE32,Sheffield,556399.0,0.005146142740814833,0.0771921411122225,0.005159406876653838,0.08024961681629095,36.08
ITL3,TLE33,Barnsley,243558.0,0.0019349237217534565,0.029023855826301848,0.001936796894612014,0.029449152542372792,34.03
ITL3,TLE34,Rotherham,265991.0,0.009455181205279455,0.1418277180791918,0.009500022647652484,0.15237809752198261,33.03
ITL3,TLE35,Doncaster,308438.0,0.0031638435612751556,0.04745765341912733,0.003168853796788884,0.048601795480342824,29.81
ITL3,TLE41,Bradford,545966.0,0.002889849498008227,0.04334774247012341,0.0028940291382761885,0.044300979519144246,33.46
ITL3,TLE42,Leeds,804640.0,0.008154605989602891,0.12231908984404338,0.008187945350526693,0.13011465236141828,41.47
ITL3,TLE44,Calderdale and Kirklees,640988.0,0.006682372301171391,0.10023558451757086,0.006704749166704271,0.10543130990415306,33.33
ITL3,TLE45,Wakefield,348201.0,0.004314350594146354,0.06471525891219532,0.004323670803400681,0.06685520361990904,36.15
ITL3,TLF11,Derby,263014.0,-0.011715578706138057,-0.17573368059207084,-0.011647218534015624,-0.1611586466755638,38.02
ITL3,TLF12,East Derbyshire,283703.0,0.0007133970001896491,0.010700955002844736,0.0007136515283525657,0.010758414997869892,37.75
ITL3,TLF13,South and West Derbyshire,505177.0,0.008847513618930472,0.1327127042839571,0.00888676855166004,0.14192188193519795,37.19
ITL3,TLF14,Nottingham,323160.0,-3.177478095833427e-05,-0.000476621714375014,-3.177427614531325e-05,-0.00047650814828914534,33.88
ITL3,TLF15,North Nottinghamshire,474867.0,0.002408159723715168,0.03612239585572752,0.002411061669324699,0.036782736635605495,31.06
ITL3,TLF16,South Nottinghamshire,345033.0,0.01027671198848387,0.15415067982725805,0.01032969874746792,0.1666666666666663,39.52
ITL3,TLF21,Leicester,369776.0,0.00628238071577177,0.09423571073657655,0.006302156260310721,0.09881871876419845,35.47
ITL3,TLF22,Leicestershire CC and Rutland,740992.0,0.00010505928173110135,0.0015758892259665203,0.00010506480065064494,0.0015771315919175244,36.38
ITL3,TLF24,West Northamptonshire,422168.0,0.005195821439030309,0.07793732158545463,0.005209343127860144,0.0810548977395047,38.21
ITL3,TLF25,North Northamptonshire,354848.0,-0.006538242940457136,-0.09807364410685704,-0.006516915137516843,-0.09341786313630474,31.57
ITL3,TLF30,Lincolnshire CC,761263.0,0.004603958716559357,0.06905938074839035,0.004614573217814888,0.07149983372131663,34.98
ITL3,TLG11,"Herefordshire, County of",186373.0,0.017792081359756236,0.26688122039634354,0.017951303334345692,0.3058853245769124,32.93
ITL3,TLG12,Worcestershire CC,598250.0,0.016857047402621284,0.25285571103931925,0.016999929151916282,0.2876974629009099,38.4
ITL3,TLL53,Gwent Valleys,335802.0,0.006755631296351083,0.10133446944526625,0.006778502046568713,0.10664671938448333,33.7
ITL3,TLL54,Monmouthshire and Newport,248503.0,0.013931378744164983,0.20897068116247475,0.014028872616277388,0.23240886520528026,37.78
ITL3,TLM01,Clackmannanshire and Fife,425090.0,0.005118768269109471,0.07678152403664207,0.005131891545521405,0.07980613893376365,38.51
ITL3,TLM02,"Perth and Kinross, and Stirling",246160.0,0.002684205822240789,0.040263087333611836,0.002687811528119255,0.041084634346754356,39.85
ITL3,TLM03,Angus and Dundee City,265520.0,0.006264855843247356,0.09397283764871034,0.0062845210978286214,0.09852990685669383,36.01
ITL3,TLM11,East Lothian and Midlothian,199550.0,0.010895635423656281,0.1634345313548442,0.010955209026791257,0.17754826017459746,37.05
ITL3,TLM12,Falkirk,160890.0,-0.0068763188704190036,-0.10314478305628505,-0.006852731086489983,-0.09800362976406474,38.69
ITL3,TLM13,City of Edinburgh,524930.0,0.015161846525425264,0.22742769788137895,0.015277370433945059,0.25536667080282904,56.26
ITL3,TLM14,West Lothian,183100.0,0.030525071776479548,0.4578760766471932,0.030995738619454816,0.5807131036557842,46.49
ITL3,TLM20,Highlands and Islands,624170.0,0.01332983755314198,0.1999475632971297,0.013419075907819211,0.22133871350581513,39.68
ITL3,TLM31,East Dunbartonshire and West Dunbartonshire,197570.0,0.013605489262430126,0.2040823389364519,0.013698465113605396,0.2263991296990202,40.06
ITL3,TLM32,Glasgow City,633120.0,0.012079606878798721,0.18119410318198081,0.012152859989078335,0.19864781807006748,38.56
ITL3,TLM33,"Inverclyde, East Renfrewshire, and Renfrewshire",352430.0,0.014191726704097362,0.21287590056146044,0.014292907333534055,0.2372311020310065,37.47
ITL3,TLM34,North Lanarkshire,341370.0,0.020512548929813926,0.3076882339472089,0.020724377161392527,0.3602768346826848,45.28
ITL3,TLM50,Aberdeen City and Aberdeenshire,489880.0,-0.001767526707937428,-0.02651290061906142,-0.0017659655525358309,-0.026164519326065783,38.48
ITL3,TLM91,Scottish Borders,115510.0,0.016013166250779302,0.24019749376168953,0.01614206409926444,0.2715002388915433,36.89
ITL3,TLM92,Dumfries and Galloway,148860.0,-0.0008242161158868555,-0.012363241738302833,-0.0008238765430842454,-0.012287130847165373,36.54
ITL3,TLM93,North Ayrshire and East Ayrshire,256750.0,0.0009381694839268799,0.014072542258903198,0.0009386097025729789,0.014172026599803988,37.85
ITL3,TLM94,South Ayrshire,112610.0,0.002516021865523162,0.03774032798284743,0.0025191897047642797,0.03846153846153899,35.5
ITL3,TLM95,South Lanarkshire,320530.0,-0.0029669556440215556,-0.04450433466032333,-0.0029625585808301658,-0.04352854589422739,37.41
ITL3,TLN06,Belfast,345391.0,0.006293841950658733,0.094407629259881,0.006313689791785038,0.0990076422949695,38.54
ITL3,TLN07,"Armagh City, Banbridge and Craigavon",217069.0,0.015565283387377112,0.23347925081065668,0.015687053385329053,0.2629866216704837,33.75
ITL3,TLN08,"Newry, Mourne and Down",181528.0,0.003355005592501037,0.050325083887515554,0.0033606399230721173,0.05161290322580636,35.95
ITL3,TLN09,Ards and North Down,162807.0,0.015151774332922467,0.227276614993837,0.015267144416325706,0.2551770207080828,39.02
ITL3,TLN0A,Derry City and Strabane,151236.0,0.010856607321060885,0.16284910981591327,0.01091575413310375,0.17685909980430514,37.59
ITL3,TLN0B,Mid Ulster,149230.0,0.004967021646683574,0.07450532470025362,0.004979377747906355,0.07735108007855152,40.78
ITL3,TLN0C,Causeway Coast and Glens,142776.0,0.003135174740219308,0.04702762110328962,0.00314009454067965,0.04815095976575168,35.55
ITL3,TLN0D,Antrim and Newtownabbey,145152.0,0.002747879888082257,0.041218198321233857,0.002751658770534293,0.04207946072924118,41.33
ITL3,TLN0E,Lisburn and Castlereagh,147467.0,0.018706373852878617,0.28059560779317927,0.0188824341674505,0.32391811350090705,38.22
ITL3,TLN0F,Mid and East Antrim,139066.0,-0.016845720922098077,-0.25268581383147115,-0.016704625162968445,-0.22328812437975532,39.12
ITL3,TLN0G,Fermanagh and Omagh,116797.0,0.015744456633609318,0.2361668495041398,0.015869053636141217,0.2663855883480255,38.55
National,TLB,England,56230056.0,0.004396135342659413,0.0659420301398912,0.0044058125211672294,0.06816479400749054,42.39
National,UKX,United Kingdom,66679607.0,0.005145439648435494,0.07718159472653241,0.005158700156983276,0.08023822414726633,41.87
MCA,E47000006,Tees Valley,674626.0,0.009769341883981219,0.1465401282597183,0.009817217682411838,0.15782139124375738,35.37
MCA,E47000014,North East,1962050.0,0.008745514299196877,0.13118271448795316,0.008783868035560083,0.14017608897126999,35.97
MCA,E47000001,Greater Manchester,2847959.0,0.012095041436865787,0.1814256215529868,0.012168482241729617,0.19892535918701104,39.77
MCA,E47000018,Lancashire,1513857.0,0.004571154097704048,0.06856731146556072,0.004581617760192502,0.07097271126760529,37.25
MCA,E47000004,Liverpool City Region,1546117.0,0.0035829120291066847,0.05374368043660027,0.0035893383310769966,0.05521409547223888,37.33
MCA,E47000016,Hull and East Yorkshire,607693.0,-0.005419380378225291,-0.08129070567337937,-0.005404722028062747,-0.07807435653002837,37.45
MCA,E47000017,Greater Lincolnshire,1089503.0,0.0062669542680056384,0.09400431402008458,0.0062866327123971555,0.0985644851362042,36.73
MCA,E47000012,York and North Yorkshire,814537.0,-0.00195708078655444,-0.0293562117983166,-0.001955166952664622,-0.028929503916448995,38.18
MCA,E47000007,West Midlands,2921091.0,0.001645491256022602,0.02468236884033903,0.0016468458196317037,0.024989500209995352,35.72
MCA,E47000008,Cambridgeshire and Peterborough,881675.0,0.0034728282922637634,0.05209242438395645,0.0034788655471977847,0.05347310461668808,40.29
MCA,E47000015,Devon and Torbay,935296.0,0.0045249431144252245,0.06787414671637837,0.004535196128454766,0.0702306079664563,34.4
MCA,E47000009,West of England,944659.0,0.004428099579625903,0.06642149369438854,0.004437918099681637,0.06867706289373121,42.01
MCA,E61000001,Greater London,8889743.0,-0.0016625965564834645,-0.024938948347251966,-0.0016612152084761744,-0.02463054187192104,53.2
MCA,E47000002,South Yorkshire,1374386.0,0.004875585373264239,0.07313378059896358,0.0048874903797251346,0.07587445841699303,33.77
MCA,E47000003,West Yorkshire,2339795.0,0.00695326102582623,0.10429891538739344,0.006977491071995523,0.10993218114198222,37.33
MCA,E47000013,East Midlands,2194954.0,0.001058274182262764,0.01587411273394146,0.0010588343519721821,0.01600077579518988,35.62
ITL1,TLC,North East,2637426.0,0.008636465234553666,0.129546978518305,0.008673867096182342,0.13831258644536648,35.82
ITL1,TLD,North West,7380605.0,0.007211408780660852,0.10817113170991277,0.007237473605994804,0.11423841059602635,39.31
ITL1,TLE,Yorkshire and The Humber,5468487.0,0.003977569689125637,0.05966354533688456,0.003985490718107831,0.06147934678194078,36.82
ITL1,TLG,West Midlands,5931924.0,0.004183968555709564,0.06275952833564347,0.004192733572068175,0.06477076124567493,36.02
ITL1,TLH,East,6297779.0,0.004820711175064514,0.07231066762596772,0.004832349497329247,0.07498925655350197,39.69
ITL1,TLJ,South East,9225273.0,0.007557111820086308,0.11335667730129462,0.007585738856752844,0.1200313514723994,45.22
ITL1,TLK,South West,5661990.0,0.0038607457856720375,0.05791118678508056,0.003868208064913503,0.059620883193899576,38.75
ITL1,TLL,Wales,3104483.0,0.007419300423055652,0.11128950634583479,0.007446891626037955,0.11771844660194142,35.15
ITL1,TLI,London,8867008.0,-0.0007680961253223373,-0.01152144187983506,-0.0007678012150047486,-0.011455324235481679,53.96
ITL1,TLF,East Midlands,4855469.0,0.0021958372513251946,0.03293755876987792,0.002198249867523261,0.03348600508905886,35.61
ITL1,TLM,Scotland,5466000.0,0.009157804604962412,0.1373670690744362,0.00919986559495145,0.14724919093851074,41.28
ITL1,TLN,Northern Ireland,1900523.0,0.008521311206195866,0.127819668092938,0.008557720924565082,0.13634806440561875,36.88
ITL2,TLC3,Tees Valley,674447.0,0.009769341883981219,0.1465401282597183,0.009817217682411838,0.15782139124375738,35.37
ITL2,TLC4,"Northumberland, Durham and Tyne & Wear",1962979.0,0.008745514299196877,0.13118271448795316,0.008783868035560083,0.14017608897126999,35.97
ITL2,TLD1,Cumbria,498439.0,0.00982776238237939,0.14741643573569085,0.009876213430823677,0.15883644346871573,36.25
ITL2,TLD3,Greater Manchester,2856110.0,0.012095041436865787,0.1814256215529868,0.012168482241729617,0.19892535918701104,39.77
ITL2,TLD4,Lancashire,1520252.0,0.004571154097704048,0.06856731146556072,0.004581617760192502,0.07097271126760529,37.25
ITL2,TLD6,Cheshire,959568.0,0.00020068872095677648,0.003010330814351647,0.00020070886028533685,0.003014866410230299,44.58
ITL2,TLD7,Merseyside,1546236.0,0.0035829120291066847,0.05374368043660027,0.0035893383310769966,0.05521409547223888,37.33
ITL2,TLE1,East Yorkshire and Northern Lincolnshire,935988.0,0.0009573661776622444,0.014360492664933666,0.0009578245989418921,0.014464099895941995,38.56
ITL2,TLE2,North Yorkshire,813068.0,-0.00195708078655444,-0.0293562117983166,-0.001955166952664622,-0.028929503916448995,38.18
ITL2,TLG1,"Herefordshire, Worcestershire and Warwickshire",1374958.0,0.01587282012304101,0.23809230184561514,0.01599946250236095,0.2688263024295907,39.61
ITL2,TLG2,Shropshire and Staffordshire,1635490.0,-0.0024591243869932574,-0.03688686580489886,-0.002456103217602479,-0.03621483375959089,33.44
ITL2,TLG3,West Midlands,2921476.0,0.001645491256022602,0.02468236884033903,0.0016468458196317037,0.024989500209995352,35.72
ITL2,TLH2,Bedfordshire and Hertfordshire,1893635.0,0.00530256650053745,0.07953849750806175,0.00531664998815673,0.08278724333770193,41.01
ITL2,TLH3,Essex,1852594.0,0.0034527459005978755,0.05179118850896813,0.0034587134939427777,0.05315580851712576,39.41
ITL2,TLH4,Cambridgeshire and Peterborough,884999.0,0.0034728282922637634,0.05209242438395645,0.0034788655471977847,0.05347310461668808,40.29
ITL2,TLJ1,"Berkshire, Buckinghamshire and Oxfordshire",2492612.0,0.008001504106985103,0.12002256160477653,0.008033601693514747,0.12752229000469262,47.65
ITL2,TLJ2,"Surrey, East and West Sussex",2894279.0,0.008055284798829792,0.12082927198244686,0.008087815895841954,0.12843224092116934,45.89
ITL2,TLJ3,Hampshire and Isle of Wight,1990047.0,0.01138682898112459,0.17080243471686885,0.011451905689467967,0.1862563627950018,47.17
ITL2,TLJ4,Kent,1848335.0,0.00046742237927658675,0.007011335689148801,0.0004675316381395067,0.007035972648895328,37.86
ITL2,TLK3,Cornwall and Isles of Scilly,567075.0,0.010784612256042199,0.161769183840633,0.010842975807528132,0.1755888650963593,32.74
ITL2,TLK4,Devon,1204321.0,0.004375367560834024,0.06563051341251036,0.004384953456987528,0.0678320946299591,34.5
ITL2,TLK5,West of England,951007.0,0.004428099579625903,0.06642149369438854,0.004437918099681637,0.06867706289373121,42.01
ITL2,TLK6,"North Somerset, Somerset and Dorset",1559394.0,0.002272831059668749,0.03409246589503123,0.0022754158981110884,0.03468027494271997,36.26
ITL2,TLK7,Gloucestershire and Wiltshire,1380193.0,0.0033614619704891878,0.05042192955733782,0.0033671180195342654,0.051714752313554824,44.54
ITL2,TLL3,North Wales,688167.0,0.01079129617322098,0.1618694425983147,0.010849732220838737,0.17570673408411874,35.82
ITL2,TLL4,Mid and South West Wales,894883.0,0.005718991059558812,0.08578486589338219,0.005735375708590729,0.08957189901207463,32.25
ITL2,TLL5,South East Wales,1521433.0,0.007712601657467507,0.1156890248620126,0.007742420380312032,0.12264670263128963,36.5
ITL2,TLH5,Norfolk,909883.0,0.008599150923131068,0.12898726384696602,0.00863622982759038,0.13767563446247677,37.06
ITL2,TLH6,Suffolk,756668.0,0.004877250345759343,0.07315875518639015,0.004889163491150095,0.07590132827324525,38.78
ITL2,TLI3,Inner London - West,1093830.0,0.0009105832620693496,0.013658748931040243,0.0009109979688735059,0.013752455795678076,64.56
ITL2,TLI4,Inner London - East,2352890.0,-0.0039049175581444234,-0.058573763372166354,-0.0038973032818412356,-0.056891329042029315,50.89
ITL2,TLI5,Outer London - East and North East,1940867.0,-0.013376080520673562,-0.20064120781010342,-0.013287018299018127,-0.18179405520169856,40.76
ITL2,TLI6,Outer London - South,1320140.0,0.0015031793165047583,0.022547689747571376,0.0015043096568305714,0.022803810256903034,44.4
ITL2,TLI7,Outer London - West and North West,2159281.0,0.00046462355751935767,0.006969353362790365,0.0004647315117631834,0.0069936958234828595,45.23
ITL2,TLE3,South Yorkshire,1373015.0,0.004875585373264239,0.07313378059896358,0.0048874903797251346,0.07587445841699303,33.77
ITL2,TLE4,West Yorkshire,2346416.0,0.00695326102582623,0.10429891538739344,0.006977491071995523,0.10993218114198222,37.33
ITL2,TLF1,Derbyshire and Nottinghamshire,2197772.0,0.001058274182262764,0.01587411273394146,0.0010588343519721821,0.01600077579518988,35.62
ITL2,TLF2,"Leicestershire, Rutland and Northamptonshire",1894087.0,0.0026644321434552273,0.03996648215182841,0.0026679848974353604,0.04077588903952445,35.85
ITL2,TLF3,Lincolnshire,763610.0,0.004102874352872081,0.06154311529308121,0.004111302664675742,0.06347634763476373,34.98
ITL2,TLM0,Eastern Scotland,936050.0,0.004744155066711168,0.07116232600066752,0.004755426387608619,0.07375551016019766,38.18
ITL2,TLM1,East Central Scotland,1073050.0,0.014390159656111005,0.21585239484166507,0.014494196439878149,0.2409191994069686,50.42
ITL2,TLM2,Highlands and Islands,622590.0,0.01332983755314198,0.1999475632971297,0.013419075907819211,0.22133871350581513,39.68
ITL2,TLM3,West Central Scotland,1526380.0,0.014081776895755146,0.21122665343632718,0.014181392153418626,0.23519228391245162,39.67
ITL2,TLM5,North Eastern Scotland,489840.0,-0.0018000123234820956,-0.027000184852231435,-0.001798393272882448,-0.026638938403644064,38.48
ITL2,TLM9,Southern Scotland,952340.0,0.0009154116508764669,0.013731174763147003,0.0009158307680001698,0.013825880319723316,37.01
ITL2,TLN0,Northern Ireland,1900523.0,0.008521311206195866,0.127819668092938,0.008557720924565082,0.13634806440561875,36.88
ITL3,TLC31,Hartlepool and Stockton-on-Tees,288590.0,0.004826645455367876,0.07239968183051815,0.004838312471842077,0.07508495012605487,39.7
ITL3,TLC32,South Teesside,279030.0,0.007194224718001685,0.10791337077002527,0.0072201653228494145,0.11395124046826344,32.92
ITL3,TLC33,Darlington,106827.0,0.026139166429581393,0.3920874964437209,0.026483790617959357,0.48006720635405586,31.11
ITL3,TLC41,Durham,519204.0,-8.016836320313321e-05,-0.0012025254480469982,-8.016514980579981e-05,-0.0012018027040554546,36.02
ITL3,TLC42,Northumberland,318490.0,0.011110467949889902,0.16665701924834853,0.011172418419241215,0.1813490158425346,34.87
ITL3,TLC43,Tyneside,851702.0,0.013570027923728568,0.2035504188559285,0.013662518646351485,0.22574695684249324,35.73
ITL3,TLC44,Sunderland,273583.0,0.0033925122158262747,0.05088768323739412,0.003398273298399035,0.052204706419921365,37.84
ITL3,TLD13,Cumberland,272444.0,0.0016959347601366896,0.025439021402050344,0.0016973736708099096,0.0257653546301575,32.07
ITL3,TLD14,Westmorland and Furness,225995.0,0.016142134038361355,0.24213201057542033,0.016273122144091712,0.27396235822011716,41.41
ITL3,TLD33,Manchester,547340.0,0.013281800312948455,0.19922700469422683,0.013370395221505404,0.22045898437500022,44.77
ITL3,TLD34,Greater Manchester South West,502027.0,0.003607897856211532,0.05411846784317298,0.003614414154037515,0.05560965054635991,41.26
ITL3,TLD35,Greater Manchester South East,524372.0,0.014828149714657771,0.22242224571986657,0.014938632134475327,0.24909869310500166,37.97
ITL3,TLD36,Greater Manchester North West,623562.0,0.014141136090976936,0.21211704136465404,0.01424159493144228,0.23629257398101533,36.36
ITL3,TLD37,Greater Manchester North East,658809.0,0.007798736445389665,0.11698104668084497,0.007829225798401174,0.12409812409812404,33.15
ITL3,TLD41,Blackburn with Darwen,154564.0,0.015271905859006611,0.22907858788509916,0.015389117334017044,0.2574408547443401,33.27
ITL3,TLD42,Blackpool,141560.0,-0.0011392747864195012,-0.017089121796292517,-0.0011386260592829434,-0.016943930991989653,30.25
ITL3,TLD44,Lancaster and Wyre,251290.0,0.014690276615108763,0.22035414922663143,0.014798709045447556,0.24651810584958245,37.07
ITL3,TLD45,Mid Lancashire,397481.0,-0.0002216860896781488,-0.003325291345172232,-0.0002216615191326099,-0.0033197686870853893,40.99
ITL3,TLD46,East Lancashire,341981.0,0.011994596472784735,0.17991894709177103,0.012066820120696375,0.19712032910524457,36.59
ITL3,TLD47,Chorley and West Lancashire,233376.0,0.0018986479282174192,0.028479718923261288,0.0019004515014646728,0.028889143643242132,37.49
ITL3,TLD61,Warrington,211627.0,0.0016297558333234837,0.024446337499852255,0.0016310846071225793,0.024747599113519092,37.73
ITL3,TLD62,Cheshire East,393203.0,-0.0002607386334502119,-0.0039110795017531785,-0.0002607046440868954,-0.0039034411915761513,47.43
ITL3,TLD63,Cheshire West and Chester,354738.0,0.004805360986949067,0.07208041480423599,0.004816925250122894,0.0747417657376721,47.88
ITL3,TLD71,East Merseyside,464018.0,0.005558773929270089,0.08338160893905133,0.005574252580552219,0.08695652173913082,38.53
ITL3,TLD72,Liverpool,483348.0,0.0013006658128428346,0.01950998719264252,0.0013015120454700213,0.019701550765629294,37.48
ITL3,TLD73,Sefton,278621.0,0.0030489317109061885,0.04573397566359283,0.0030535844306016635,0.046795900728485273,36.2
ITL3,TLD74,Wirral,320249.0,0.005168768570017986,0.07753152855026979,0.005182149699002325,0.08061630218687821,36.01
ITL3,TLE11,"Kingston upon Hull, City of",267591.0,-0.008571208639750043,-0.12856812959625064,-0.008534580554668048,-0.12064634963161391,34.02
ITL3,TLE12,East Riding of Yorkshire,341050.0,-0.002747050917575322,-0.04120576376362983,-0.0027432812258385564,-0.040368347788842796,40.77
ITL3,TLE13,North and North East Lincolnshire,327347.0,0.009709760947124835,0.14564641420687252,0.009757053618862033,0.15678709224833431,40.57
ITL3,TLE21,York,202169.0,-0.0015127831399275613,-0.022691747098913417,-0.0015116394602990857,-0.022436225796537812,43.52
ITL3,TLG13,Warwickshire CC,589253.0,0.01128249107979323,0.16923736619689844,0.011346378425673098,0.18440124237892586,42.34
ITL3,TLG21,Telford and Wrekin,183483.0,-0.004988233605669853,-0.07482350408504779,-0.004975813029245102,-0.07209275628515688,34.96
ITL3,TLG22,Shropshire,321054.0,-0.008686266481199745,-0.13029399721799617,-0.008648649863291391,-0.12216268874817304,32.36
ITL3,TLG23,Stoke-on-Trent,258866.0,0.007266801033084688,0.10900201549627031,0.007293268303666167,0.11516459794927081,33.01
ITL3,TLG24,Staffordshire CC,872087.0,-0.0022626299547357696,-0.03393944932103654,-0.00226007213707502,-0.03336996702967354,33.66
ITL3,TLG31,Birmingham,1148692.0,-0.0013741898162720645,-0.020612847244080967,-0.0013732460498007137,-0.020401854714065637,35.14
ITL3,TLG32,Solihull,216432.0,-0.007986220333537552,-0.11979330500306329,-0.007954415199849296,-0.11289622231871488,41.8
ITL3,TLG33,Coventry,344702.0,-0.0018496021541510052,-0.027744032312265077,-0.0018478926941893903,-0.02736270133902552,40.39
ITL3,TLG36,Dudley,322513.0,0.00500413459829178,0.0750620189743767,0.00501667619104329,0.07795100222717077,31.91
ITL3,TLG37,Sandwell,341436.0,0.006656151978229078,0.09984227967343617,0.006678353389127922,0.1049966239027682,32.84
ITL3,TLG38,Walsall,284578.0,0.006874181409552035,0.10311272114328052,0.006897862826931833,0.10861636653749662,31.2
ITL3,TLG39,Wolverhampton,263123.0,0.009499132480532838,0.14248698720799258,0.00954439243606342,0.1531380753138072,35.29
ITL3,TLH21,Luton,224132.0,0.006995385186087155,0.10493077779130733,0.007019910046634159,0.11063372717508058,34.12
ITL3,TLH24,Bedford,182346.0,0.00025496413777622944,0.0038244620666434415,0.0002549966438945006,0.003831784653702597,33.6
ITL3,TLH25,Central Bedfordshire,289105.0,0.007417104836363405,0.11125657254545107,0.007444679691477996,0.11768163649188756,38.98
ITL3,TLH26,North and East Hertfordshire,590953.0,0.0062521974876921975,0.09378296231538297,0.006271783271191156,0.09832134292565886,42.5
ITL3,TLH27,South West Hertfordshire,607099.0,0.00446819221679983,0.06702288325199746,0.004478189471982974,0.06931994741245373,44.63
ITL3,TLH31,Southend-on-Sea,181276.0,0.004346774648448874,0.0652016197267331,0.004356235576578271,0.06737420638680902,31.29
ITL3,TLH32,Thurrock,175803.0,0.0028058143493320032,0.04208721523998005,0.0028097543305036776,0.042985439009504134,40.17
ITL3,TLH34,Essex Haven Gateway,492341.0,0.009020225512450075,0.13530338268675113,0.009061030343912257,0.14488406967354983,39.02
ITL3,TLH35,West Essex,317466.0,-0.002751694842728251,-0.041275422640923765,-0.0027479124006453137,-0.04043519232416681,38.62
ITL3,TLH36,Heart of Essex,322917.0,0.007213681378258189,0.10820522067387284,0.007239762654058124,0.11427639447645999,42.38
ITL3,TLH37,Essex Thames Gateway,362791.0,-0.002133515405744942,-0.03200273108617413,-0.0021312410794759318,-0.03149606299212637,40.89
ITL3,TLH41,Peterborough,213718.0,0.0053701467159312346,0.08055220073896852,0.005384591799637128,0.08388542478565841,38.34
ITL3,TLH42,Cambridgeshire CC,671281.0,0.0027790661984171314,0.04168599297625697,0.0027829313825895596,0.04256705396894356,40.99
ITL3,TLJ14,Oxfordshire CC,714766.0,-0.0011237544230729905,-0.016856316346094857,-0.001123123247522173,-0.01671504353918518,41.49
ITL3,TLJ15,Berkshire East,435460.0,0.011115957270373992,0.16673935905560988,0.011177969083945305,0.1814462918975983,56.81
ITL3,TLJ16,Berkshire West,509613.0,0.027286486879826023,0.4092973031973903,0.02766217232423185,0.5057593210063653,52.96
ITL3,TLJ21,Brighton and Hove,278496.0,0.025400762077947666,0.381011431169215,0.025726110291737214,0.4637643378519294,47.2
ITL3,TLJ22,East Sussex CC,544582.0,0.009550413253604855,0.1432561988040728,0.009596163980389205,0.15402542372881278,33.35
ITL3,TLJ25,West Surrey,790933.0,0.006256764459054942,0.09385146688582413,0.006276378896102441,0.09839658553466424,54.08
ITL3,TLJ26,East Surrey,404914.0,-0.002856905494908446,-0.04285358242362669,-0.0028528284239313084,-0.04194834460045094,53.46
ITL3,TLJ27,West Sussex (South West),462307.0,0.0101499958868299,0.15224993830244848,0.010201681817731956,0.16445124103046704,42.87
ITL3,TLJ28,West Sussex (North East),413047.0,0.010604312975312466,0.15906469462968698,0.01066073797522793,0.17241379310344773,37.94
ITL3,TLJ31,Portsmouth,209142.0,0.0053866995402181315,0.08080049310327198,0.0054012338918625336,0.08415457867345744,41.59
ITL3,TLJ32,Southampton,248679.0,-0.0006215304440852757,-0.009322956661279136,-0.0006213373340487882,-0.009279632641347235,47.18
ITL3,TLJ34,Isle of Wight,140915.0,0.005495970578365572,0.08243955867548358,0.005511101130988738,0.08593303622443083,35.46
ITL3,TLJ35,South Hampshire,455473.0,0.014166934915526083,0.21250402373289123,0.014267761509932475,0.23677108999178653,44.43
ITL3,TLJ36,Central Hampshire,554274.0,0.010625669355543247,0.1593850403331487,0.010682322260712862,0.17278943098852673,42.15
ITL3,TLJ37,North Hampshire,381564.0,0.020966358447393377,0.31449537671090066,0.021187696720035065,0.3695680206318508,64.49
ITL3,TLJ41,Medway,280364.0,0.0017879124746369138,0.026818687119553708,0.0017895117431208085,0.027181544633901877,39.16
ITL3,TLJ43,Kent Thames Gateway,373302.0,-0.012935775922536467,-0.194036638838047,-0.012852468375989412,-0.17637227304714953,35.04
ITL3,TLJ44,East Kent,522853.0,0.004464222549777593,0.0669633382466639,0.004474202035954056,0.06925627664613865,35.32
ITL3,TLJ45,Mid Kent,304703.0,-0.004095267713087066,-0.06142901569630599,-0.004086893539660297,-0.05958030159232364,34.2
ITL3,TLJ46,West Kent,367113.0,0.009806040648270554,0.1470906097240583,0.009854277406477818,0.15845892591806465,46.24
ITL3,TLK30,Cornwall and Isles of Scilly,567075.0,0.010974017582555066,0.164610263738326,0.011034452984240328,0.17893355600620242,32.74
ITL3,TLK41,Plymouth,264830.0,-0.001994644494807633,-0.029919667422114493,-0.0019926565134690266,-0.02947650492870124,33.97
ITL3,TLK42,Torbay,138695.0,-0.008481120346693889,-0.12721680520040834,-0.008445257103967818,-0.11945725434551191,27.68
ITL3,TLK43,Devon CC,800796.0,0.006948947911526678,0.10423421867290017,0.0069731478723458196,0.109860374499404,35.63
ITL3,TLK51,"Bristol, City of",471851.0,-0.0028356350864510676,-0.04253452629676602,-0.0028316184707284364,-0.04164262358145798,36.57
ITL3,TLK52,Bath & North East Somerset and South Gloucestershire,479156.0,0.012588189588504347,0.1888228438275652,0.012667754355335514,0.2078269595272615,48.99
ITL3,TLK61,North Somerset,215850.0,0.012829743154416857,0.19244614731625287,0.012912397408495924,0.21221122112211277,35.88
ITL3,TLK62,Somerset,566310.0,0.003956878763158341,0.059353181447375114,0.0039647175435559845,0.061149953041844896,34.53
ITL3,TLK63,"Bournemouth, Christchurch and Poole",399564.0,0.0007273298435755748,0.010909947653633623,0.0007275944120652689,0.010969678153782025,39.45
ITL3,TLK64,Dorset,377670.0,-0.004249324621839712,-0.06373986932759568,-0.004240309016567356,-0.06175096485882636,35.43
ITL3,TLK71,Swindon,232574.0,0.00399732994288294,0.059959949143244096,0.004005329922186274,0.061794019933555155,62.05
ITL3,TLK72,Wiltshire,507047.0,0.004262116427250717,0.06393174640876076,0.004271212163241334,0.06601963660986421,40.66
ITL3,TLK73,Gloucestershire CC,640572.0,0.003108420920090005,0.04662631380135007,0.003113257070029851,0.04773041352184593,40.77
ITL3,TLL31,Isle of Anglesey,68794.0,0.006569498787627322,0.09854248181440983,0.006591125277248588,0.10356128468429038,34.48
ITL3,TLL32,Gwynedd,118180.0,-0.00365657492851561,-0.05484862392773415,-0.0036498977993653092,-0.05337156599759496,29.27
ITL3,TLL33,Conwy and Denbighshire,210209.0,0.008319593550260447,0.12479390325390671,0.008354297542958244,0.13291493892188777,30.0
ITL3,TLL34,Flintshire and Wrexham,290984.0,0.017563030414755983,0.26344545622133975,0.017718167327383405,0.301406309388065,42.68
ITL3,TLL41,Mid Wales,203620.0,0.008659279618996922,0.12988919428495382,0.008696879632071663,0.13870220162224856,28.27
ITL3,TLL42,South West Wales,309963.0,0.007471872298244679,0.11207808447367018,0.007499856390500437,0.1186002025430406,32.3
ITL3,TLL43,Swansea,238992.0,0.0016835077874101027,0.02525261681115154,0.001684925682212679,0.025574165078728228,34.69
ITL3,TLL44,Neath Port Talbot,142308.0,0.004031545997475069,0.06047318996212603,0.004039683611086087,0.062339115836598014,34.21
ITL3,TLL51,Central Valleys and Bridgend,442667.0,0.0052170431548801115,0.07825564732320167,0.00523067562126478,0.08139908011552066,35.24
ITL3,TLL52,Cardiff and Vale of Glamorgan,491511.0,0.006746978454913943,0.10120467682370915,0.006769790589517655,0.10650309412658787,37.93
ITL3,TLH51,Norwich and East Norfolk,374546.0,0.010739676812004599,0.16109515218006898,0.010797554150086652,0.17479674796747924,37.2
ITL3,TLH52,North and West Norfolk,255087.0,0.0015331024267069893,0.02299653640060484,0.0015342782290306278,0.023262995367987926,33.63
ITL3,TLH53,Breckland and South Norfolk,280250.0,0.0111539977906468,0.167309966859702,0.011216435551615334,0.18212062674393725,40.29
ITL3,TLH61,Babergh and Mid Suffolk,193061.0,0.0049321443611908345,0.07398216541786251,0.0049443274064682186,0.07678760126805129,40.31
ITL3,TLH62,Ipswich,139889.0,0.006040617489445843,0.09060926234168765,0.006058898810892277,0.09484112601184003,42.52
ITL3,TLH63,East Suffolk,245482.0,0.013307358578202866,0.199610378673043,0.013396295541849623,0.22092696629213493,38.33
ITL3,TLH64,West Suffolk,178236.0,-0.0043973501601091885,-0.06596025240163783,-0.004387695972026373,-0.06383192601527976,35.65
ITL3,TLI33,Kensington & Chelsea and Hammersmith & Fulham,331429.0,0.01396118970895562,0.2094178456343343,0.014059102245880473,0.23296007789678597,48.45
ITL3,TLI34,Wandsworth,333678.0,0.0002911064962275963,0.004366597443413944,0.00029114887183556704,0.004376144921636849,35.39
ITL3,TLI35,Westminster and City of London,213955.0,-0.006117841219824704,-0.09176761829737057,-0.006099165334006007,-0.08768286927796176,71.21
ITL3,TLI36,Camden,214768.0,0.015542470874889958,0.23313706312334936,0.01566388327602586,0.2625545171339565,59.44
ITL3,TLI41,Hackney and Newham,613807.0,-0.007171744925060667,-0.10757617387591001,-0.007146089330855254,-0.10199188491331623,37.41
ITL3,TLI42,Tower Hamlets,306780.0,-0.0267437665133075,-0.4011564976996125,-0.026389318774898696,-0.3304547294562137,72.96
ITL3,TLI43,Haringey and Islington,490552.0,0.020072845203838164,0.30109267805757245,0.020275659508202093,0.351334574798261,52.0
ITL3,TLI44,Lewisham and Southwark,616224.0,0.006323818749723919,0.0948572812458588,0.0063438563072060195,0.09950192438306549,41.21
ITL3,TLI45,Lambeth,325527.0,-0.0013568414078243645,-0.020352621117365466,-0.0013559213147085192,-0.020146904512067132,54.12
ITL3,TLI51,Bexley and Greenwich,535308.0,-0.014234204516625463,-0.21351306774938195,-0.014133377193358165,-0.19225839528326072,43.11
ITL3,TLI52,Barking & Dagenham and Havering,481133.0,-0.014571806776796889,-0.21857710165195332,-0.014466151817551953,-0.19633848657445085,39.9
ITL3,TLI53,Redbridge and Waltham Forest,591277.0,-0.020283867456235782,-0.30425801184353674,-0.020079533708414976,-0.26232948583420745,35.92
ITL3,TLI54,Enfield,333149.0,0.001102070238199578,0.01653105357299367,0.001102677740754121,0.016668447483705773,46.53
ITL3,TLI61,Bromley,331247.0,-0.0046751218415269115,-0.07012682762290368,-0.004664210470029961,-0.06772442588726557,42.92
ITL3,TLI62,Croydon,392101.0,0.01014325236503216,0.15214878547548238,0.010194869523639793,0.16433345945264266,51.92
ITL3,TLI63,"Merton, Kingston upon Thames and Sutton",596792.0,-0.0004891366325728915,-0.007337049488593372,-0.0004890170247525694,-0.0073101990487938195,41.1
ITL3,TLI71,Barnet,391046.0,0.008103052592193728,0.1215457888829059,0.00813597117645104,0.1292410714285721,42.73
ITL3,TLI72,Brent,343988.0,0.0019431645757360745,0.02914746863604112,0.0019450537434766435,0.02957641350998319,45.02
ITL3,TLI73,Ealing,367936.0,-0.0059295129319297145,-0.08894269397894572,-0.005911968064758577,-0.08510199876365132,41.76
ITL3,TLI74,Harrow and Hillingdon,568741.0,-0.0010037289925911945,-0.015055934888867917,-0.0010032254251417516,-0.014943160982764603,39.97
ITL3,TLI75,Hounslow and Richmond upon Thames,487570.0,-0.0012043000434644568,-0.018064500651966853,-0.0012035751651866544,-0.017902315625607734,54.68
ITL3,TLJ12,Milton Keynes,283707.0,0.004976880394369706,0.07465320591554558,0.004989285634861007,0.07751041184636698,50.59
ITL3,TLJ13,Buckinghamshire,549066.0,-0.005967268579615788,-0.08950902869423683,-0.005949499793739488,-0.08561999057048586,40.15
ITL3,TLE22,North Yorkshire,610899.0,-0.0008479867123958466,-0.012719800685937699,-0.0008476272732707013,-0.012639245929733756,36.36
ITL3,TLE32,Sheffield,555036.0,0.005146142740814833,0.0771921411122225,0.005159406876653838,0.08024961681629095,36.08
ITL3,TLE33,Barnsley,244201.0,0.0019349237217534565,0.029023855826301848,0.001936796894612014,0.029449152542372792,34.03
ITL3,TLE34,Rotherham,265593.0,0.009455181205279455,0.1418277180791918,0.009500022647652484,0.15237809752198261,33.03
ITL3,TLE35,Doncaster,308185.0,0.0031638435612751556,0.04745765341912733,0.003168853796788884,0.048601795480342824,29.81
ITL3,TLE41,Bradford,547141.0,0.002889849498008227,0.04334774247012341,0.0028940291382761885,0.044300979519144246,33.46
ITL3,TLE42,Leeds,808443.0,0.008154605989602891,0.12231908984404338,0.008187945350526693,0.13011465236141828,41.47
ITL3,TLE44,Calderdale and Kirklees,639854.0,0.006682372301171391,0.10023558451757086,0.006704749166704271,0.10543130990415306,33.33
ITL3,TLE45,Wakefield,350978.0,0.004314350594146354,0.06471525891219532,0.004323670803400681,0.06685520361990904,36.15
ITL3,TLF11,Derby,261999.0,-0.011715578706138057,-0.17573368059207084,-0.011647218534015624,-0.1611586466755638,38.02
ITL3,TLF12,East Derbyshire,284386.0,0.0007133970001896491,0.010700955002844736,0.0007136515283525657,0.010758414997869892,37.75
ITL3,TLF13,South and West Derbyshire,506447.0,0.008847513618930472,0.1327127042839571,0.00888676855166004,0.14192188193519795,37.19
ITL3,TLF14,Nottingham,322822.0,-3.177478095833427e-05,-0.000476621714375014,-3.177427614531325e-05,-0.00047650814828914534,33.88
ITL3,TLF15,North Nottinghamshire,475550.0,0.002408159723715168,0.03612239585572752,0.002411061669324699,0.036782736635605495,31.06
ITL3,TLF16,South Nottinghamshire,346568.0,0.01027671198848387,0.15415067982725805,0.01032969874746792,0.1666666666666663,39.52
ITL3,TLF21,Leicester,368922.0,0.00628238071577177,0.09423571073657655,0.006302156260310721,0.09881871876419845,35.47
ITL3,TLF22,Leicestershire CC and Rutland,746169.0,0.00010505928173110135,0.0015758892259665203,0.00010506480065064494,0.0015771315919175244,36.38
ITL3,TLF24,West Northamptonshire,422559.0,0.005195821439030309,0.07793732158545463,0.005209343127860144,0.0810548977395047,38.21
ITL3,TLF25,North Northamptonshire,356437.0,-0.006538242940457136,-0.09807364410685704,-0.006516915137516843,-0.09341786313630474,31.57
ITL3,TLF30,Lincolnshire CC,763610.0,0.004603958716559357,0.06905938074839035,0.004614573217814888,0.07149983372131663,34.98
ITL3,TLG11,"Herefordshire, County of",185886.0,0.017792081359756236,0.26688122039634354,0.017951303334345692,0.3058853245769124,32.93
ITL3,TLG12,Worcestershire CC,599819.0,0.016857047402621284,0.25285571103931925,0.016999929151916282,0.2876974629009099,38.4
ITL3,TLL53,Gwent Valleys,336361.0,0.006755631296351083,0.10133446944526625,0.006778502046568713,0.10664671938448333,33.7
ITL3,TLL54,Monmouthshire and Newport,250894.0,0.013931378744164983,0.20897068116247475,0.014028872616277388,0.23240886520528026,37.78
ITL3,TLM01,Clackmannanshire and Fife,425420.0,0.005118768269109471,0.07678152403664207,0.005131891545521405,0.07980613893376365,38.51
ITL3,TLM02,"Perth and Kinross, and Stirling",245990.0,0.002684205822240789,0.040263087333611836,0.002687811528119255,0.041084634346754356,39.85
ITL3,TLM03,Angus and Dundee City,264640.0,0.006264855843247356,0.09397283764871034,0.0062845210978286214,0.09852990685669383,36.01
ITL3,TLM11,East Lothian and Midlothian,201050.0,0.010895635423656281,0.1634345313548442,0.010955209026791257,0.17754826017459746,37.05
ITL3,TLM12,Falkirk,160560.0,-0.0068763188704190036,-0.10314478305628505,-0.006852731086489983,-0.09800362976406474,38.69
ITL3,TLM13,City of Edinburgh,527620.0,0.015161846525425264,0.22742769788137895,0.015277370433945059,0.25536667080282904,56.26
ITL3,TLM14,West Lothian,183820.0,0.030525071776479548,0.4578760766471932,0.030995738619454816,0.5807131036557842,46.49
ITL3,TLM20,Highlands and Islands,622590.0,0.01332983755314198,0.1999475632971297,0.013419075907819211,0.22133871350581513,39.68
ITL3,TLM31,East Dunbartonshire and West Dunbartonshire,197090.0,0.013605489262430126,0.2040823389364519,0.013698465113605396,0.2263991296990202,40.06
ITL3,TLM32,Glasgow City,635640.0,0.012079606878798721,0.18119410318198081,0.012152859989078335,0.19864781807006748,38.56
ITL3,TLM33,"Inverclyde, East Renfrewshire, and Renfrewshire",352510.0,0.014191726704097362,0.21287590056146044,0.014292907333534055,0.2372311020310065,37.47
ITL3,TLM34,North Lanarkshire,341140.0,0.020512548929813926,0.3076882339472089,0.020724377161392527,0.3602768346826848,45.28
ITL3,TLM50,Aberdeen City and Aberdeenshire,489840.0,-0.001767526707937428,-0.02651290061906142,-0.0017659655525358309,-0.026164519326065783,38.48
ITL3,TLM91,Scottish Borders,115240.0,0.016013166250779302,0.24019749376168953,0.01614206409926444,0.2715002388915433,36.89
ITL3,TLM92,Dumfries and Galloway,148290.0,-0.0008242161158868555,-0.012363241738302833,-0.0008238765430842454,-0.012287130847165373,36.54
ITL3,TLM93,North Ayrshire and East Ayrshire,255850.0,0.0009381694839268799,0.014072542258903198,0.0009386097025729789,0.014172026599803988,37.85
ITL3,TLM94,South Ayrshire,112140.0,0.002516021865523162,0.03774032798284743,0.0025191897047642797,0.03846153846153899,35.5
ITL3,TLM95,South Lanarkshire,320820.0,-0.0029669556440215556,-0.04450433466032333,-0.0029625585808301658,-0.04352854589422739,37.41
ITL3,TLN06,Belfast,344994.0,0.006293841950658733,0.094407629259881,0.006313689791785038,0.0990076422949695,38.54
ITL3,TLN07,"Armagh City, Banbridge and Craigavon",218162.0,0.015565283387377112,0.23347925081065668,0.015687053385329053,0.2629866216704837,33.75
ITL3,TLN08,"Newry, Mourne and Down",181683.0,0.003355005592501037,0.050325083887515554,0.0033606399230721173,0.05161290322580636,35.95
ITL3,TLN09,Ards and North Down,163206.0,0.015151774332922467,0.227276614993837,0.015267144416325706,0.2551770207080828,39.02
ITL3,TLN0A,Derry City and Strabane,150831.0,0.010856607321060885,0.16284910981591327,0.01091575413310375,0.17685909980430514,37.59
ITL3,TLN0B,Mid Ulster,149747.0,0.004967021646683574,0.07450532470025362,0.004979377747906355,0.07735108007855152,40.78
ITL3,TLN0C,Causeway Coast and Glens,142507.0,0.003135174740219308,0.04702762110328962,0.00314009454067965,0.04815095976575168,35.55
ITL3,TLN0D,Antrim and Newtownabbey,145563.0,0.002747879888082257,0.041218198321233857,0.002751658770534293,0.04207946072924118,41.33
ITL3,TLN0E,Lisburn and Castlereagh,148102.0,0.018706373852878617,0.28059560779317927,0.0188824341674505,0.32391811350090705,38.22
ITL3,TLN0F,Mid and East Antrim,139134.0,-0.016845720922098077,-0.25268581383147115,-0.016704625162968445,-0.22328812437975532,39.12
ITL3,TLN0G,Fermanagh and Omagh,116594.0,0.015744456633609318,0.2361668495041398,0.015869053636141217,0.2663855883480255,38.55
National,TLB,England,56325961.0,0.004396135342659413,0.0659420301398912,0.0044058125211672294,0.06816479400749054,42.39
National,UKX,United Kingdom,66796967.0,0.005145439648435494,0.07718159472653241,0.005158700156983276,0.08023822414726633,41.87
MCA,E47000006,Tees Valley,674447.0,0.009769341883981219,0.1465401282597183,0.009817217682411838,0.15782139124375738,35.37
MCA,E47000014,North East,1962979.0,0.008745514299196877,0.13118271448795316,0.008783868035560083,0.14017608897126999,35.97
MCA,E47000001,Greater Manchester,2856110.0,0.012095041436865787,0.1814256215529868,0.012168482241729617,0.19892535918701104,39.77
MCA,E47000018,Lancashire,1520252.0,0.004571154097704048,0.06856731146556072,0.004581617760192502,0.07097271126760529,37.25
MCA,E47000004,Liverpool City Region,1546236.0,0.0035829120291066847,0.05374368043660027,0.0035893383310769966,0.05521409547223888,37.33
MCA,E47000016,Hull and East Yorkshire,608641.0,-0.005419380378225291,-0.08129070567337937,-0.005404722028062747,-0.07807435653002837,37.45
MCA,E47000017,Greater Lincolnshire,1090957.0,0.0062669542680056384,0.09400431402008458,0.0062866327123971555,0.0985644851362042,36.73
MCA,E47000012,York and North Yorkshire,813068.0,-0.00195708078655444,-0.0293562117983166,-0.001955166952664622,-0.028929503916448995,38.18
MCA,E47000007,West Midlands,2921476.0,0.001645491256022602,0.02468236884033903,0.0016468458196317037,0.024989500209995352,35.72
MCA,E47000008,Cambridgeshire and Peterborough,884999.0,0.0034728282922637634,0.05209242438395645,0.0034788655471977847,0.05347310461668808,40.29
MCA,E47000015,Devon and Torbay,939491.0,0.0045249431144252245,0.06787414671637837,0.004535196128454766,0.0702306079664563,34.4
MCA,E47000009,West of England,951007.0,0.004428099579625903,0.06642149369438854,0.004437918099681637,0.06867706289373121,42.01
MCA,E61000001,Greater London,8867008.0,-0.0016625965564834645,-0.024938948347251966,-0.0016612152084761744,-0.02463054187192104,53.2
MCA,E47000002,South Yorkshire,1373015.0,0.004875585373264239,0.07313378059896358,0.0048874903797251346,0.07587445841699303,33.77
MCA,E47000003,West Yorkshire,2346416.0,0.00695326102582623,0.10429891538739344,0.006977491071995523,0.10993218114198222,37.33
MCA,E47000013,East Midlands,2197772.0,0.001058274182262764,0.01587411273394146,0.0010588343519721821,0.01600077579518988,35.62
ITL1,TLC,North East,2647493.0,0.008636465234553666,0.129546978518305,0.008673867096182342,0.13831258644536648,35.82
ITL1,TLD,North West,7424092.0,0.007211408780660852,0.10817113170991277,0.007237473605994804,0.11423841059602635,39.31
ITL1,TLE,Yorkshire and The Humber,5482455.0,0.003977569689125637,0.05966354533688456,0.003985490718107831,0.06147934678194078,36.82
ITL1,TLG,West Midlands,5956226.0,0.004183968555709564,0.06275952833564347,0.004192733572068175,0.06477076124567493,36.02
ITL1,TLH,East,6349646.0,0.004820711175064514,0.07231066762596772,0.004832349497329247,0.07498925655350197,39.69
ITL1,TLJ,South East,9295829.0,0.007557111820086308,0.11335667730129462,0.007585738856752844,0.1200313514723994,45.22
ITL1,TLK,South West,5712822.0,0.0038607457856720375,0.05791118678508056,0.003868208064913503,0.059620883193899576,38.75
ITL1,TLL,Wales,3105633.0,0.007419300423055652,0.11128950634583479,0.007446891626037955,0.11771844660194142,35.15
ITL1,TLI,London,8804769.0,-0.0007680961253223373,-0.01152144187983506,-0.0007678012150047486,-0.011455324235481679,53.96
ITL1,TLF,East Midlands,4881559.0,0.0021958372513251946,0.03293755876987792,0.002198249867523261,0.03348600508905886,35.61
ITL1,TLM,Scotland,5479900.0,0.009157804604962412,0.1373670690744362,0.00919986559495145,0.14724919093851074,41.28
ITL1,TLN,Northern Ireland,1904564.0,0.008521311206195866,0.127819668092938,0.008557720924565082,0.13634806440561875,36.88
ITL2,TLC3,Tees Valley,678365.0,0.009769341883981219,0.1465401282597183,0.009817217682411838,0.15782139124375738,35.37
ITL2,TLC4,"Northumberland, Durham and Tyne & Wear",1969128.0,0.008745514299196877,0.13118271448795316,0.008783868035560083,0.14017608897126999,35.97
ITL2,TLD1,Cumbria,500729.0,0.00982776238237939,0.14741643573569085,0.009876213430823677,0.15883644346871573,36.25
ITL2,TLD3,Greater Manchester,2869531.0,0.012095041436865787,0.1814256215529868,0.012168482241729617,0.19892535918701104,39.77
ITL2,TLD4,Lancashire,1532158.0,0.004571154097704048,0.06856731146556072,0.004581617760192502,0.07097271126760529,37.25
ITL2,TLD6,Cheshire,969386.0,0.00020068872095677648,0.003010330814351647,0.00020070886028533685,0.003014866410230299,44.58
ITL2,TLD7,Merseyside,1552288.0,0.0035829120291066847,0.05374368043660027,0.0035893383310769966,0.05521409547223888,37.33
ITL2,TLE1,East Yorkshire and Northern Lincolnshire,936778.0,0.0009573661776622444,0.014360492664933666,0.0009578245989418921,0.014464099895941995,38.56
ITL2,TLE2,North Yorkshire,820478.0,-0.00195708078655444,-0.0293562117983166,-0.001955166952664622,-0.028929503916448995,38.18
ITL2,TLG1,"Herefordshire, Worcestershire and Warwickshire",1391539.0,0.01587282012304101,0.23809230184561514,0.01599946250236095,0.2688263024295907,39.61
ITL2,TLG2,Shropshire and Staffordshire,1646436.0,-0.0024591243869932574,-0.03688686580489886,-0.002456103217602479,-0.03621483375959089,33.44
ITL2,TLG3,West Midlands,2918251.0,0.001645491256022602,0.02468236884033903,0.0016468458196317037,0.024989500209995352,35.72
ITL2,TLH2,Bedfordshire and Hertfordshire,1907304.0,0.00530256650053745,0.07953849750806175,0.00531664998815673,0.08278724333770193,41.01
ITL2,TLH3,Essex,1863314.0,0.0034527459005978755,0.05179118850896813,0.0034587134939427777,0.05315580851712576,39.41
ITL2,TLH4,Cambridgeshire and Peterborough,897217.0,0.0034728282922637634,0.05209242438395645,0.0034788655471977847,0.05347310461668808,40.29
ITL2,TLJ1,"Berkshire, Buckinghamshire and Oxfordshire",2521231.0,0.008001504106985103,0.12002256160477653,0.008033601693514747,0.12752229000469262,47.65
ITL2,TLJ2,"Surrey, East and West Sussex",2914357.0,0.008055284798829792,0.12082927198244686,0.008087815895841954,0.12843224092116934,45.89
ITL2,TLJ3,Hampshire and Isle of Wight,2001786.0,0.01138682898112459,0.17080243471686885,0.011451905689467967,0.1862563627950018,47.17
ITL2,TLJ4,Kent,1858455.0,0.00046742237927658675,0.007011335689148801,0.0004675316381395067,0.007035972648895328,37.86
ITL2,TLK3,Cornwall and Isles of Scilly,574219.0,0.010784612256042199,0.161769183840633,0.010842975807528132,0.1755888650963593,32.74
ITL2,TLK4,Devon,1218643.0,0.004375367560834024,0.06563051341251036,0.004384953456987528,0.0678320946299591,34.5
ITL2,TLK5,West of England,954590.0,0.004428099579625903,0.06642149369438854,0.004437918099681637,0.06867706289373121,42.01
ITL2,TLK6,"North Somerset, Somerset and Dorset",1571885.0,0.002272831059668749,0.03409246589503123,0.0022754158981110884,0.03468027494271997,36.26
ITL2,TLK7,Gloucestershire and Wiltshire,1393485.0,0.0033614619704891878,0.05042192955733782,0.0033671180195342654,0.051714752313554824,44.54
ITL2,TLL3,North Wales,687041.0,0.01079129617322098,0.1618694425983147,0.010849732220838737,0.17570673408411874,35.82
ITL2,TLL4,Mid and South West Wales,895833.0,0.005718991059558812,0.08578486589338219,0.005735375708590729,0.08957189901207463,32.25
ITL2,TLL5,South East Wales,1522759.0,0.007712601657467507,0.1156890248620126,0.007742420380312032,0.12264670263128963,36.5
ITL2,TLH5,Norfolk,918462.0,0.008599150923131068,0.12898726384696602,0.00863622982759038,0.13767563446247677,37.06
ITL2,TLH6,Suffolk,763349.0,0.004877250345759343,0.07315875518639015,0.004889163491150095,0.07590132827324525,38.78
ITL2,TLI3,Inner London - West,1081421.0,0.0009105832620693496,0.013658748931040243,0.0009109979688735059,0.013752455795678076,64.56
ITL2,TLI4,Inner London - East,2329886.0,-0.0039049175581444234,-0.058573763372166354,-0.0038973032818412356,-0.056891329042029315,50.89
ITL2,TLI5,Outer London - East and North East,1935127.0,-0.013376080520673562,-0.20064120781010342,-0.013287018299018127,-0.18179405520169856,40.76
ITL2,TLI6,Outer London - South,1313625.0,0.0015031793165047583,0.022547689747571376,0.0015043096568305714,0.022803810256903034,44.4
ITL2,TLI7,Outer London - West and North West,2144710.0,0.00046462355751935767,0.006969353362790365,0.0004647315117631834,0.0069936958234828595,45.23
ITL2,TLE3,South Yorkshire,1374792.0,0.004875585373264239,0.07313378059896358,0.0048874903797251346,0.07587445841699303,33.77
ITL2,TLE4,West Yorkshire,2350407.0,0.00695326102582623,0.10429891538739344,0.006977491071995523,0.10993218114198222,37.33
ITL2,TLF1,Derbyshire and Nottinghamshire,2204080.0,0.001058274182262764,0.01587411273394146,0.0010588343519721821,0.01600077579518988,35.62
ITL2,TLF2,"Leicestershire, Rutland and Northamptonshire",1908039.0,0.0026644321434552273,0.03996648215182841,0.0026679848974353604,0.04077588903952445,35.85
ITL2,TLF3,Lincolnshire,769440.0,0.004102874352872081,0.06154311529308121,0.004111302664675742,0.06347634763476373,34.98
ITL2,TLM0,Eastern Scotland,937390.0,0.004744155066711168,0.07116232600066752,0.004755426387608619,0.07375551016019766,38.18
ITL2,TLM1,East Central Scotland,1077010.0,0.014390159656111005,0.21585239484166507,0.014494196439878149,0.2409191994069686,50.42
ITL2,TLM2,Highlands and Islands,627030.0,0.01332983755314198,0.1999475632971297,0.013419075907819211,0.22133871350581513,39.68
ITL2,TLM3,West Central Scotland,1526440.0,0.014081776895755146,0.21122665343632718,0.014181392153418626,0.23519228391245162,39.67
ITL2,TLM5,North Eastern Scotland,490120.0,-0.0018000123234820956,-0.027000184852231435,-0.001798393272882448,-0.026638938403644064,38.48
ITL2,TLM9,Southern Scotland,956130.0,0.0009154116508764669,0.013731174763147003,0.0009158307680001698,0.013825880319723316,37.01
ITL2,TLN0,Northern Ireland,1904564.0,0.008521311206195866,0.127819668092938,0.008557720924565082,0.13634806440561875,36.88
ITL3,TLC31,Hartlepool and Stockton-on-Tees,289607.0,0.004826645455367876,0.07239968183051815,0.004838312471842077,0.07508495012605487,39.7
ITL3,TLC32,South Teesside,280548.0,0.007194224718001685,0.10791337077002527,0.0072201653228494145,0.11395124046826344,32.92
ITL3,TLC33,Darlington,108210.0,0.026139166429581393,0.3920874964437209,0.026483790617959357,0.48006720635405586,31.11
ITL3,TLC41,Durham,521447.0,-8.016836320313321e-05,-0.0012025254480469982,-8.016514980579981e-05,-0.0012018027040554546,36.02
ITL3,TLC42,Northumberland,321532.0,0.011110467949889902,0.16665701924834853,0.011172418419241215,0.1813490158425346,34.87
ITL3,TLC43,Tyneside,851771.0,0.013570027923728568,0.2035504188559285,0.013662518646351485,0.22574695684249324,35.73
ITL3,TLC44,Sunderland,274378.0,0.0033925122158262747,0.05088768323739412,0.003398273298399035,0.052204706419921365,37.84
ITL3,TLD13,Cumberland,273788.0,0.0016959347601366896,0.025439021402050344,0.0016973736708099096,0.0257653546301575,32.07
ITL3,TLD14,Westmorland and Furness,226941.0,0.016142134038361355,0.24213201057542033,0.016273122144091712,0.27396235822011716,41.41
ITL3,TLD33,Manchester,550630.0,0.013281800312948455,0.19922700469422683,0.013370395221505404,0.22045898437500022,44.77
ITL3,TLD34,Greater Manchester South West,506452.0,0.003607897856211532,0.05411846784317298,0.003614414154037515,0.05560965054635991,41.26
ITL3,TLD35,Greater Manchester South East,526488.0,0.014828149714657771,0.22242224571986657,0.014938632134475327,0.24909869310500166,37.97
ITL3,TLD36,Greater Manchester North West,625965.0,0.014141136090976936,0.21211704136465404,0.01424159493144228,0.23629257398101533,36.36
ITL3,TLD37,Greater Manchester North East,659996.0,0.007798736445389665,0.11698104668084497,0.007829225798401174,0.12409812409812404,33.15
ITL3,TLD41,Blackburn with Darwen,154954.0,0.015271905859006611,0.22907858788509916,0.015389117334017044,0.2574408547443401,33.27
ITL3,TLD42,Blackpool,140976.0,-0.0011392747864195012,-0.017089121796292517,-0.0011386260592829434,-0.016943930991989653,30.25
ITL3,TLD44,Lancaster and Wyre,254785.0,0.014690276615108763,0.22035414922663143,0.014798709045447556,0.24651810584958245,37.07
ITL3,TLD45,Mid Lancashire,402604.0,-0.0002216860896781488,-0.003325291345172232,-0.0002216615191326099,-0.0033197686870853893,40.99
ITL3,TLD46,East Lancashire,343832.0,0.011994596472784735,0.17991894709177103,0.012066820120696375,0.19712032910524457,36.59
ITL3,TLD47,Chorley and West Lancashire,235007.0,0.0018986479282174192,0.028479718923261288,0.0019004515014646728,0.028889143643242132,37.49
ITL3,TLD61,Warrington,211182.0,0.0016297558333234837,0.024446337499852255,0.0016310846071225793,0.024747599113519092,37.73
ITL3,TLD62,Cheshire East,400474.0,-0.0002607386334502119,-0.0039110795017531785,-0.0002607046440868954,-0.0039034411915761513,47.43
ITL3,TLD63,Cheshire West and Chester,357730.0,0.004805360986949067,0.07208041480423599,0.004816925250122894,0.0747417657376721,47.88
ITL3,TLD71,East Merseyside,466942.0,0.005558773929270089,0.08338160893905133,0.005574252580552219,0.08695652173913082,38.53
ITL3,TLD72,Liverpool,485022.0,0.0013006658128428346,0.01950998719264252,0.0013015120454700213,0.019701550765629294,37.48
ITL3,TLD73,Sefton,279693.0,0.0030489317109061885,0.04573397566359283,0.0030535844306016635,0.046795900728485273,36.2
ITL3,TLD74,Wirral,320631.0,0.005168768570017986,0.07753152855026979,0.005182149699002325,0.08061630218687821,36.01
ITL3,TLE11,"Kingston upon Hull, City of",266516.0,-0.008571208639750043,-0.12856812959625064,-0.008534580554668048,-0.12064634963161391,34.02
ITL3,TLE12,East Riding of Yorkshire,343145.0,-0.002747050917575322,-0.04120576376362983,-0.0027432812258385564,-0.040368347788842796,40.77
ITL3,TLE13,North and North East Lincolnshire,327117.0,0.009709760947124835,0.14564641420687252,0.009757053618862033,0.15678709224833431,40.57
ITL3,TLE21,York,201851.0,-0.0015127831399275613,-0.022691747098913417,-0.0015116394602990857,-0.022436225796537812,43.52
ITL3,TLG13,Warwickshire CC,599115.0,0.01128249107979323,0.16923736619689844,0.011346378425673098,0.18440124237892586,42.34
ITL3,TLG21,Telford and Wrekin,185857.0,-0.004988233605669853,-0.07482350408504779,-0.004975813029245102,-0.07209275628515688,34.96
ITL3,TLG22,Shropshire,324669.0,-0.008686266481199745,-0.13029399721799617,-0.008648649863291391,-0.12216268874817304,32.36
ITL3,TLG23,Stoke-on-Trent,258102.0,0.007266801033084688,0.10900201549627031,0.007293268303666167,0.11516459794927081,33.01
ITL3,TLG24,Staffordshire CC,877808.0,-0.0022626299547357696,-0.03393944932103654,-0.00226007213707502,-0.03336996702967354,33.66
ITL3,TLG31,Birmingham,1143285.0,-0.0013741898162720645,-0.020612847244080967,-0.0013732460498007137,-0.020401854714065637,35.14
ITL3,TLG32,Solihull,216677.0,-0.007986220333537552,-0.11979330500306329,-0.007954415199849296,-0.11289622231871488,41.8
ITL3,TLG33,Coventry,344151.0,-0.0018496021541510052,-0.027744032312265077,-0.0018478926941893903,-0.02736270133902552,40.39
ITL3,TLG36,Dudley,323591.0,0.00500413459829178,0.0750620189743767,0.00501667619104329,0.07795100222717077,31.91
ITL3,TLG37,Sandwell,341895.0,0.006656151978229078,0.09984227967343617,0.006678353389127922,0.1049966239027682,32.84
ITL3,TLG38,Walsall,284392.0,0.006874181409552035,0.10311272114328052,0.006897862826931833,0.10861636653749662,31.2
ITL3,TLG39,Wolverhampton,264260.0,0.009499132480532838,0.14248698720799258,0.00954439243606342,0.1531380753138072,35.29
ITL3,TLH21,Luton,224958.0,0.006995385186087155,0.10493077779130733,0.007019910046634159,0.11063372717508058,34.12
ITL3,TLH24,Bedford,185796.0,0.00025496413777622944,0.0038244620666434415,0.0002549966438945006,0.003831784653702597,33.6
ITL3,TLH25,Central Bedfordshire,295651.0,0.007417104836363405,0.11125657254545107,0.007444679691477996,0.11768163649188756,38.98
ITL3,TLH26,North and East Hertfordshire,592494.0,0.0062521974876921975,0.09378296231538297,0.006271783271191156,0.09832134292565886,42.5
ITL3,TLH27,South West Hertfordshire,608405.0,0.00446819221679983,0.06702288325199746,0.004478189471982974,0.06931994741245373,44.63
ITL3,TLH31,Southend-on-Sea,180655.0,0.004346774648448874,0.0652016197267331,0.004356235576578271,0.06737420638680902,31.29
ITL3,TLH32,Thurrock,175933.0,0.0028058143493320032,0.04208721523998005,0.0028097543305036776,0.042985439009504134,40.17
ITL3,TLH34,Essex Haven Gateway,497276.0,0.009020225512450075,0.13530338268675113,0.009061030343912257,0.14488406967354983,39.02
ITL3,TLH35,West Essex,320290.0,-0.002751694842728251,-0.041275422640923765,-0.0027479124006453137,-0.04043519232416681,38.62
ITL3,TLH36,Heart of Essex,325549.0,0.007213681378258189,0.10820522067387284,0.007239762654058124,0.11427639447645999,42.38
ITL3,TLH37,Essex Thames Gateway,363611.0,-0.002133515405744942,-0.03200273108617413,-0.0021312410794759318,-0.03149606299212637,40.89
ITL3,TLH41,Peterborough,216470.0,0.0053701467159312346,0.08055220073896852,0.005384591799637128,0.08388542478565841,38.34
ITL3,TLH42,Cambridgeshire CC,680747.0,0.0027790661984171314,0.04168599297625697,0.0027829313825895596,0.04256705396894356,40.99
ITL3,TLJ14,Oxfordshire CC,726727.0,-0.0011237544230729905,-0.016856316346094857,-0.001123123247522173,-0.01671504353918518,41.49
ITL3,TLJ15,Berkshire East,437565.0,0.011115957270373992,0.16673935905560988,0.011177969083945305,0.1814462918975983,56.81
ITL3,TLJ16,Berkshire West,513466.0,0.027286486879826023,0.4092973031973903,0.02766217232423185,0.5057593210063653,52.96
ITL3,TLJ21,Brighton and Hove,276454.0,0.025400762077947666,0.381011431169215,0.025726110291737214,0.4637643378519294,47.2
ITL3,TLJ22,East Sussex CC,546861.0,0.009550413253604855,0.1432561988040728,0.009596163980389205,0.15402542372881278,33.35
ITL3,TLJ25,West Surrey,797765.0,0.006256764459054942,0.09385146688582413,0.006276378896102441,0.09839658553466424,54.08
ITL3,TLJ26,East Surrey,408229.0,-0.002856905494908446,-0.04285358242362669,-0.0028528284239313084,-0.04194834460045094,53.46
ITL3,TLJ27,West Sussex (South West),466022.0,0.0101499958868299,0.15224993830244848,0.010201681817731956,0.16445124103046704,42.87
ITL3,TLJ28,West Sussex (North East),419026.0,0.010604312975312466,0.15906469462968698,0.01066073797522793,0.17241379310344773,37.94
ITL3,TLJ31,Portsmouth,207119.0,0.0053866995402181315,0.08080049310327198,0.0054012338918625336,0.08415457867345744,41.59
ITL3,TLJ32,Southampton,247672.0,-0.0006215304440852757,-0.009322956661279136,-0.0006213373340487882,-0.009279632641347235,47.18
ITL3,TLJ34,Isle of Wight,140885.0,0.005495970578365572,0.08243955867548358,0.005511101130988738,0.08593303622443083,35.46
ITL3,TLJ35,South Hampshire,458551.0,0.014166934915526083,0.21250402373289123,0.014267761509932475,0.23677108999178653,44.43
ITL3,TLJ36,Central Hampshire,561488.0,0.010625669355543247,0.1593850403331487,0.010682322260712862,0.17278943098852673,42.15
ITL3,TLJ37,North Hampshire,386071.0,0.020966358447393377,0.31449537671090066,0.021187696720035065,0.3695680206318508,64.49
ITL3,TLJ41,Medway,279903.0,0.0017879124746369138,0.026818687119553708,0.0017895117431208085,0.027181544633901877,39.16
ITL3,TLJ43,Kent Thames Gateway,375920.0,-0.012935775922536467,-0.194036638838047,-0.012852468375989412,-0.17637227304714953,35.04
ITL3,TLJ44,East Kent,523878.0,0.004464222549777593,0.0669633382466639,0.004474202035954056,0.06925627664613865,35.32
ITL3,TLJ45,Mid Kent,309918.0,-0.004095267713087066,-0.06142901569630599,-0.004086893539660297,-0.05958030159232364,34.2
ITL3,TLJ46,West Kent,368836.0,0.009806040648270554,0.1470906097240583,0.009854277406477818,0.15845892591806465,46.24
ITL3,TLK30,Cornwall and Isles of Scilly,574219.0,0.010974017582555066,0.164610263738326,0.011034452984240328,0.17893355600620242,32.74
ITL3,TLK41,Plymouth,264768.0,-0.001994644494807633,-0.029919667422114493,-0.0019926565134690266,-0.02947650492870124,33.97
ITL3,TLK42,Torbay,139440.0,-0.008481120346693889,-0.12721680520040834,-0.008445257103967818,-0.11945725434551191,27.68
ITL3,TLK43,Devon CC,814435.0,0.006948947911526678,0.10423421867290017,0.0069731478723458196,0.109860374499404,35.63
ITL3,TLK51,"Bristol, City of",471285.0,-0.0028356350864510676,-0.04253452629676602,-0.0028316184707284364,-0.04164262358145798,36.57
ITL3,TLK52,Bath & North East Somerset and South Gloucestershire,483305.0,0.012588189588504347,0.1888228438275652,0.012667754355335514,0.2078269595272615,48.99
ITL3,TLK61,North Somerset,217385.0,0.012829743154416857,0.19244614731625287,0.012912397408495924,0.21221122112211277,35.88
ITL3,TLK62,Somerset,573100.0,0.003956878763158341,0.059353181447375114,0.0039647175435559845,0.061149953041844896,34.53
ITL3,TLK63,"Bournemouth, Christchurch and Poole",400155.0,0.0007273298435755748,0.010909947653633623,0.0007275944120652689,0.010969678153782025,39.45
ITL3,TLK64,Dorset,381245.0,-0.004249324621839712,-0.06373986932759568,-0.004240309016567356,-0.06175096485882636,35.43
ITL3,TLK71,Swindon,233760.0,0.00399732994288294,0.059959949143244096,0.004005329922186274,0.061794019933555155,62.05
ITL3,TLK72,Wiltshire,513240.0,0.004262116427250717,0.06393174640876076,0.004271212163241334,0.06601963660986421,40.66
ITL3,TLK73,Gloucestershire CC,646485.0,0.003108420920090005,0.04662631380135007,0.003113257070029851,0.04773041352184593,40.77
ITL3,TLL31,Isle of Anglesey,68937.0,0.006569498787627322,0.09854248181440983,0.006591125277248588,0.10356128468429038,34.48
ITL3,TLL32,Gwynedd,117072.0,-0.00365657492851561,-0.05484862392773415,-0.0036498977993653092,-0.05337156599759496,29.27
ITL3,TLL33,Conwy and Denbighshire,210835.0,0.008319593550260447,0.12479390325390671,0.008354297542958244,0.13291493892188777,30.0
ITL3,TLL34,Flintshire and Wrexham,290197.0,0.017563030414755983,0.26344545622133975,0.017718167327383405,0.301406309388065,42.68
ITL3,TLL41,Mid Wales,204197.0,0.008659279618996922,0.12988919428495382,0.008696879632071663,0.13870220162224856,28.27
ITL3,TLL42,South West Wales,311805.0,0.007471872298244679,0.11207808447367018,0.007499856390500437,0.1186002025430406,32.3
ITL3,TLL43,Swansea,237897.0,0.0016835077874101027,0.02525261681115154,0.001684925682212679,0.025574165078728228,34.69
ITL3,TLL44,Neath Port Talbot,141934.0,0.004031545997475069,0.06047318996212603,0.004039683611086087,0.062339115836598014,34.21
ITL3,TLL51,Central Valleys and Bridgend,442152.0,0.0052170431548801115,0.07825564732320167,0.00523067562126478,0.08139908011552066,35.24
ITL3,TLL52,Cardiff and Vale of Glamorgan,492315.0,0.006746978454913943,0.10120467682370915,0.006769790589517655,0.10650309412658787,37.93
ITL3,TLH51,Norwich and East Norfolk,375634.0,0.010739676812004599,0.16109515218006898,0.010797554150086652,0.17479674796747924,37.2
ITL3,TLH52,North and West Norfolk,258159.0,0.0015331024267069893,0.02299653640060484,0.0015342782290306278,0.023262995367987926,33.63
ITL3,TLH53,Breckland and South Norfolk,284669.0,0.0111539977906468,0.167309966859702,0.011216435551615334,0.18212062674393725,40.29
ITL3,TLH61,Babergh and Mid Suffolk,196122.0,0.0049321443611908345,0.07398216541786251,0.0049443274064682186,0.07678760126805129,40.31
ITL3,TLH62,Ipswich,139638.0,0.006040617489445843,0.09060926234168765,0.006058898810892277,0.09484112601184003,42.52
ITL3,TLH63,East Suffolk,246776.0,0.013307358578202866,0.199610378673043,0.013396295541849623,0.22092696629213493,38.33
ITL3,TLH64,West Suffolk,180813.0,-0.0043973501601091885,-0.06596025240163783,-0.004387695972026373,-0.06383192601527976,35.65
ITL3,TLI33,Kensington & Chelsea and Hammersmith & Fulham,327576.0,0.01396118970895562,0.2094178456343343,0.014059102245880473,0.23296007789678597,48.45
ITL3,TLI34,Wandsworth,328429.0,0.0002911064962275963,0.004366597443413944,0.00029114887183556704,0.004376144921636849,35.39
ITL3,TLI35,Westminster and City of London,214448.0,-0.006117841219824704,-0.09176761829737057,-0.006099165334006007,-0.08768286927796176,71.21
ITL3,TLI36,Camden,210968.0,0.015542470874889958,0.23313706312334936,0.01566388327602586,0.2625545171339565,59.44
ITL3,TLI41,Hackney and Newham,611338.0,-0.007171744925060667,-0.10757617387591001,-0.007146089330855254,-0.10199188491331623,37.41
ITL3,TLI42,Tower Hamlets,312715.0,-0.0267437665133075,-0.4011564976996125,-0.026389318774898696,-0.3304547294562137,72.96
ITL3,TLI43,Haringey and Islington,481367.0,0.020072845203838164,0.30109267805757245,0.020275659508202093,0.351334574798261,52.0
ITL3,TLI44,Lewisham and Southwark,606775.0,0.006323818749723919,0.0948572812458588,0.0063438563072060195,0.09950192438306549,41.21
ITL3,TLI45,Lambeth,317691.0,-0.0013568414078243645,-0.020352621117365466,-0.0013559213147085192,-0.020146904512067132,54.12
ITL3,TLI51,Bexley and Greenwich,536174.0,-0.014234204516625463,-0.21351306774938195,-0.014133377193358165,-0.19225839528326072,43.11
ITL3,TLI52,Barking & Dagenham and Havering,480800.0,-0.014571806776796889,-0.21857710165195332,-0.014466151817551953,-0.19633848657445085,39.9
ITL3,TLI53,Redbridge and Waltham Forest,588277.0,-0.020283867456235782,-0.30425801184353674,-0.020079533708414976,-0.26232948583420745,35.92
ITL3,TLI54,Enfield,329876.0,0.001102070238199578,0.01653105357299367,0.001102677740754121,0.016668447483705773,46.53
ITL3,TLI61,Bromley,329899.0,-0.0046751218415269115,-0.07012682762290368,-0.004664210470029961,-0.06772442588726557,42.92
ITL3,TLI62,Croydon,390691.0,0.01014325236503216,0.15214878547548238,0.010194869523639793,0.16433345945264266,51.92
ITL3,TLI63,"Merton, Kingston upon Thames and Sutton",593035.0,-0.0004891366325728915,-0.007337049488593372,-0.0004890170247525694,-0.0073101990487938195,41.1
ITL3,TLI71,Barnet,388955.0,0.008103052592193728,0.1215457888829059,0.00813597117645104,0.1292410714285721,42.73
ITL3,TLI72,Brent,339248.0,0.0019431645757360745,0.02914746863604112,0.0019450537434766435,0.02957641350998319,45.02
ITL3,TLI73,Ealing,366762.0,-0.0059295129319297145,-0.08894269397894572,-0.005911968064758577,-0.08510199876365132,41.76
ITL3,TLI74,Harrow and Hillingdon,566266.0,-0.0010037289925911945,-0.015055934888867917,-0.0010032254251417516,-0.014943160982764603,39.97
ITL3,TLI75,Hounslow and Richmond upon Thames,483479.0,-0.0012043000434644568,-0.018064500651966853,-0.0012035751651866544,-0.017902315625607734,54.68
ITL3,TLJ12,Milton Keynes,288312.0,0.004976880394369706,0.07465320591554558,0.004989285634861007,0.07751041184636698,50.59
ITL3,TLJ13,Buckinghamshire,555161.0,-0.005967268579615788,-0.08950902869423683,-0.005949499793739488,-0.08561999057048586,40.15
ITL3,TLE22,North Yorkshire,618627.0,-0.0008479867123958466,-0.012719800685937699,-0.0008476272732707013,-0.012639245929733756,36.36
ITL3,TLE32,Sheffield,555035.0,0.005146142740814833,0.0771921411122225,0.005159406876653838,0.08024961681629095,36.08
ITL3,TLE33,Barnsley,244887.0,0.0019349237217534565,0.029023855826301848,0.001936796894612014,0.029449152542372792,34.03
ITL3,TLE34,Rotherham,266173.0,0.009455181205279455,0.1418277180791918,0.009500022647652484,0.15237809752198261,33.03
ITL3,TLE35,Doncaster,308697.0,0.0031638435612751556,0.04745765341912733,0.003168853796788884,0.048601795480342824,29.81
ITL3,TLE41,Bradford,546839.0,0.002889849498008227,0.04334774247012341,0.0028940291382761885,0.044300979519144246,33.46
ITL3,TLE42,Leeds,809479.0,0.008154605989602891,0.12231908984404338,0.008187945350526693,0.13011465236141828,41.47
ITL3,TLE44,Calderdale and Kirklees,640286.0,0.006682372301171391,0.10023558451757086,0.006704749166704271,0.10543130990415306,33.33
ITL3,TLE45,Wakefield,353803.0,0.004314350594146354,0.06471525891219532,0.004323670803400681,0.06685520361990904,36.15
ITL3,TLF11,Derby,261260.0,-0.011715578706138057,-0.17573368059207084,-0.011647218534015624,-0.1611586466755638,38.02
ITL3,TLF12,East Derbyshire,286440.0,0.0007133970001896491,0.010700955002844736,0.0007136515283525657,0.010758414997869892,37.75
ITL3,TLF13,South and West Derbyshire,510270.0,0.008847513618930472,0.1327127042839571,0.00888676855166004,0.14192188193519795,37.19
ITL3,TLF14,Nottingham,319978.0,-3.177478095833427e-05,-0.000476621714375014,-3.177427614531325e-05,-0.00047650814828914534,33.88
ITL3,TLF15,North Nottinghamshire,478627.0,0.002408159723715168,0.03612239585572752,0.002411061669324699,0.036782736635605495,31.06
ITL3,TLF16,South Nottinghamshire,347505.0,0.01027671198848387,0.15415067982725805,0.01032969874746792,0.1666666666666663,39.52
ITL3,TLF21,Leicester,366940.0,0.00628238071577177,0.09423571073657655,0.006302156260310721,0.09881871876419845,35.47
ITL3,TLF22,Leicestershire CC and Rutland,753974.0,0.00010505928173110135,0.0015758892259665203,0.00010506480065064494,0.0015771315919175244,36.38
ITL3,TLF24,West Northamptonshire,426707.0,0.005195821439030309,0.07793732158545463,0.005209343127860144,0.0810548977395047,38.21
ITL3,TLF25,North Northamptonshire,360418.0,-0.006538242940457136,-0.09807364410685704,-0.006516915137516843,-0.09341786313630474,31.57
ITL3,TLF30,Lincolnshire CC,769440.0,0.004603958716559357,0.06905938074839035,0.004614573217814888,0.07149983372131663,34.98
ITL3,TLG11,"Herefordshire, County of",187522.0,0.017792081359756236,0.26688122039634354,0.017951303334345692,0.3058853245769124,32.93
ITL3,TLG12,Worcestershire CC,604902.0,0.016857047402621284,0.25285571103931925,0.016999929151916282,0.2876974629009099,38.4
ITL3,TLL53,Gwent Valleys,335442.0,0.006755631296351083,0.10133446944526625,0.006778502046568713,0.10664671938448333,33.7
ITL3,TLL54,Monmouthshire and Newport,252850.0,0.013931378744164983,0.20897068116247475,0.014028872616277388,0.23240886520528026,37.78
ITL3,TLM01,Clackmannanshire and Fife,426270.0,0.005118768269109471,0.07678152403664207,0.005131891545521405,0.07980613893376365,38.51
ITL3,TLM02,"Perth and Kinross, and Stirling",247280.0,0.002684205822240789,0.040263087333611836,0.002687811528119255,0.041084634346754356,39.85
ITL3,TLM03,Angus and Dundee City,263840.0,0.006264855843247356,0.09397283764871034,0.0062845210978286214,0.09852990685669383,36.01
ITL3,TLM11,East Lothian and Midlothian,204260.0,0.010895635423656281,0.1634345313548442,0.010955209026791257,0.17754826017459746,37.05
ITL3,TLM12,Falkirk,160700.0,-0.0068763188704190036,-0.10314478305628505,-0.006852731086489983,-0.09800362976406474,38.69
ITL3,TLM13,City of Edinburgh,526470.0,0.015161846525425264,0.22742769788137895,0.015277370433945059,0.25536667080282904,56.26
ITL3,TLM14,West Lothian,185580.0,0.030525071776479548,0.4578760766471932,0.030995738619454816,0.5807131036557842,46.49
ITL3,TLM20,Highlands and Islands,627030.0,0.01332983755314198,0.1999475632971297,0.013419075907819211,0.22133871350581513,39.68
ITL3,TLM31,East Dunbartonshire and West Dunbartonshire,196690.0,0.013605489262430126,0.2040823389364519,0.013698465113605396,0.2263991296990202,40.06
ITL3,TLM32,Glasgow City,635130.0,0.012079606878798721,0.18119410318198081,0.012152859989078335,0.19864781807006748,38.56
ITL3,TLM33,"Inverclyde, East Renfrewshire, and Renfrewshire",353220.0,0.014191726704097362,0.21287590056146044,0.014292907333534055,0.2372311020310065,37.47
ITL3,TLM34,North Lanarkshire,341400.0,0.020512548929813926,0.3076882339472089,0.020724377161392527,0.3602768346826848,45.28
ITL3,TLM50,Aberdeen City and Aberdeenshire,490120.0,-0.001767526707937428,-0.02651290061906142,-0.0017659655525358309,-0.026164519326065783,38.48
ITL3,TLM91,Scottish Borders,116020.0,0.016013166250779302,0.24019749376168953,0.01614206409926444,0.2715002388915433,36.89
ITL3,TLM92,Dumfries and Galloway,148790.0,-0.0008242161158868555,-0.012363241738302833,-0.0008238765430842454,-0.012287130847165373,36.54
ITL3,TLM93,North Ayrshire and East Ayrshire,256240.0,0.0009381694839268799,0.014072542258903198,0.0009386097025729789,0.014172026599803988,37.85
ITL3,TLM94,South Ayrshire,112450.0,0.002516021865523162,0.03774032798284743,0.0025191897047642797,0.03846153846153899,35.5
ITL3,TLM95,South Lanarkshire,322630.0,-0.0029669556440215556,-0.04450433466032333,-0.0029625585808301658,-0.04352854589422739,37.41
ITL3,TLN06,Belfast,344992.0,0.006293841950658733,0.094407629259881,0.006313689791785038,0.0990076422949695,38.54
ITL3,TLN07,"Armagh City, Banbridge and Craigavon",219127.0,0.015565283387377112,0.23347925081065668,0.015687053385329053,0.2629866216704837,33.75
ITL3,TLN08,"Newry, Mourne and Down",182345.0,0.003355005592501037,0.050325083887515554,0.0033606399230721173,0.05161290322580636,35.95
ITL3,TLN09,Ards and North Down,163827.0,0.015151774332922467,0.227276614993837,0.015267144416325706,0.2551770207080828,39.02
ITL3,TLN0A,Derry City and Strabane,150834.0,0.010856607321060885,0.16284910981591327,0.01091575413310375,0.17685909980430514,37.59
ITL3,TLN0B,Mid Ulster,150598.0,0.004967021646683574,0.07450532470025362,0.004979377747906355,0.07735108007855152,40.78
ITL3,TLN0C,Causeway Coast and Glens,141664.0,0.003135174740219308,0.04702762110328962,0.00314009454067965,0.04815095976575168,35.55
ITL3,TLN0D,Antrim and Newtownabbey,145852.0,0.002747879888082257,0.041218198321233857,0.002751658770534293,0.04207946072924118,41.33
ITL3,TLN0E,Lisburn and Castlereagh,149272.0,0.018706373852878617,0.28059560779317927,0.0188824341674505,0.32391811350090705,38.22
ITL3,TLN0F,Mid and East Antrim,139127.0,-0.016845720922098077,-0.25268581383147115,-0.016704625162968445,-0.22328812437975532,39.12
ITL3,TLN0G,Fermanagh and Omagh,116926.0,0.015744456633609318,0.2361668495041398,0.015869053636141217,0.2663855883480255,38.55
National,TLB,England,56554891.0,0.004396135342659413,0.0659420301398912,0.0044058125211672294,0.06816479400749054,42.39
National,UKX,United Kingdom,67044988.0,0.005145439648435494,0.07718159472653241,0.005158700156983276,0.08023822414726633,41.87
MCA,E47000006,Tees Valley,678365.0,0.009769341883981219,0.1465401282597183,0.009817217682411838,0.15782139124375738,35.37
MCA,E47000014,North East,1969128.0,0.008745514299196877,0.13118271448795316,0.008783868035560083,0.14017608897126999,35.97
MCA,E47000001,Greater Manchester,2869531.0,0.012095041436865787,0.1814256215529868,0.012168482241729617,0.19892535918701104,39.77
MCA,E47000018,Lancashire,1532158.0,0.004571154097704048,0.06856731146556072,0.004581617760192502,0.07097271126760529,37.25
MCA,E47000004,Liverpool City Region,1552288.0,0.0035829120291066847,0.05374368043660027,0.0035893383310769966,0.05521409547223888,37.33
MCA,E47000016,Hull and East Yorkshire,609661.0,-0.005419380378225291,-0.08129070567337937,-0.005404722028062747,-0.07807435653002837,37.45
MCA,E47000017,Greater Lincolnshire,1096557.0,0.0062669542680056384,0.09400431402008458,0.0062866327123971555,0.0985644851362042,36.73
MCA,E47000012,York and North Yorkshire,820478.0,-0.00195708078655444,-0.0293562117983166,-0.001955166952664622,-0.028929503916448995,38.18
MCA,E47000007,West Midlands,2918251.0,0.001645491256022602,0.02468236884033903,0.0016468458196317037,0.024989500209995352,35.72
MCA,E47000008,Cambridgeshire and Peterborough,897217.0,0.0034728282922637634,0.05209242438395645,0.0034788655471977847,0.05347310461668808,40.29
MCA,E47000015,Devon and Torbay,953875.0,0.0045249431144252245,0.06787414671637837,0.004535196128454766,0.0702306079664563,34.4
MCA,E47000009,West of England,954590.0,0.004428099579625903,0.06642149369438854,0.004437918099681637,0.06867706289373121,42.01
MCA,E61000001,Greater London,8804769.0,-0.0016625965564834645,-0.024938948347251966,-0.0016612152084761744,-0.02463054187192104,53.2
MCA,E47000002,South Yorkshire,1374792.0,0.004875585373264239,0.07313378059896358,0.0048874903797251346,0.07587445841699303,33.77
MCA,E47000003,West Yorkshire,2350407.0,0.00695326102582623,0.10429891538739344,0.006977491071995523,0.10993218114198222,37.33
MCA,E47000013,East Midlands,2204080.0,0.001058274182262764,0.01587411273394146,0.0010588343519721821,0.01600077579518988,35.62
ITL1,TLC,North East,2682069.0,0.008636465234553666,0.129546978518305,0.008673867096182342,0.13831258644536648,35.82
ITL1,TLD,North West,7515717.0,0.007211408780660852,0.10817113170991277,0.007237473605994804,0.11423841059602635,39.31
ITL1,TLE,Yorkshire and The Humber,5538213.0,0.003977569689125637,0.05966354533688456,0.003985490718107831,0.06147934678194078,36.82
ITL1,TLG,West Midlands,6017026.0,0.004183968555709564,0.06275952833564347,0.004192733572068175,0.06477076124567493,36.02
ITL1,TLH,East,6401418.0,0.004820711175064514,0.07231066762596772,0.004832349497329247,0.07498925655350197,39.69
ITL1,TLJ,South East,9387286.0,0.007557111820086308,0.11335667730129462,0.007585738856752844,0.1200313514723994,45.22
ITL1,TLK,South West,5766936.0,0.0038607457856720375,0.05791118678508056,0.003868208064913503,0.059620883193899576,38.75
ITL1,TLL,Wales,3132676.0,0.007419300423055652,0.11128950634583479,0.007446891626037955,0.11771844660194142,35.15
ITL1,TLI,London,8869043.0,-0.0007680961253223373,-0.01152144187983506,-0.0007678012150047486,-0.011455324235481679,53.96
ITL1,TLF,East Midlands,4934832.0,0.0021958372513251946,0.03293755876987792,0.002198249867523261,0.03348600508905886,35.61
ITL1,TLM,Scotland,5447000.0,0.009157804604962412,0.1373670690744362,0.00919986559495145,0.14724919093851074,41.28
ITL1,TLN,Northern Ireland,1910543.0,0.008521311206195866,0.127819668092938,0.008557720924565082,0.13634806440561875,36.88
ITL2,TLC3,Tees Valley,689123.0,0.009769341883981219,0.1465401282597183,0.009817217682411838,0.15782139124375738,35.37
ITL2,TLC4,"Northumberland, Durham and Tyne & Wear",1992946.0,0.008745514299196877,0.13118271448795316,0.008783868035560083,0.14017608897126999,35.97
ITL2,TLD1,Cumbria,502978.0,0.00982776238237939,0.14741643573569085,0.009876213430823677,0.15883644346871573,36.25
ITL2,TLD3,Greater Manchester,2910993.0,0.012095041436865787,0.1814256215529868,0.012168482241729617,0.19892535918701104,39.77
ITL2,TLD4,Lancashire,1551393.0,0.004571154097704048,0.06856731146556072,0.004581617760192502,0.07097271126760529,37.25
ITL2,TLD6,Cheshire,980183.0,0.00020068872095677648,0.003010330814351647,0.00020070886028533685,0.003014866410230299,44.58
ITL2,TLD7,Merseyside,1570170.0,0.0035829120291066847,0.05374368043660027,0.0035893383310769966,0.05521409547223888,37.33
ITL2,TLE1,East Yorkshire and Northern Lincolnshire,942823.0,0.0009573661776622444,0.014360492664933666,0.0009578245989418921,0.014464099895941995,38.56
ITL2,TLE2,North Yorkshire,828011.0,-0.00195708078655444,-0.0293562117983166,-0.001955166952664622,-0.028929503916448995,38.18
ITL2,TLG1,"Herefordshire, Worcestershire and Warwickshire",1405732.0,0.01587282012304101,0.23809230184561514,0.01599946250236095,0.2688263024295907,39.61
ITL2,TLG2,Shropshire and Staffordshire,1662781.0,-0.0024591243869932574,-0.03688686580489886,-0.002456103217602479,-0.03621483375959089,33.44
ITL2,TLG3,West Midlands,2948513.0,0.001645491256022602,0.02468236884033903,0.0016468458196317037,0.024989500209995352,35.72
ITL2,TLH2,Bedfordshire and Hertfordshire,1921758.0,0.00530256650053745,0.07953849750806175,0.00531664998815673,0.08278724333770193,41.01
ITL2,TLH3,Essex,1877531.0,0.0034527459005978755,0.05179118850896813,0.0034587134939427777,0.05315580851712576,39.41
ITL2,TLH4,Cambridgeshire and Peterborough,907715.0,0.0034728282922637634,0.05209242438395645,0.0034788655471977847,0.05347310461668808,40.29
ITL2,TLJ1,"Berkshire, Buckinghamshire and Oxfordshire",2551808.0,0.008001504106985103,0.12002256160477653,0.008033601693514747,0.12752229000469262,47.65
ITL2,TLJ2,"Surrey, East and West Sussex",2939232.0,0.008055284798829792,0.12082927198244686,0.008087815895841954,0.12843224092116934,45.89
ITL2,TLJ3,Hampshire and Isle of Wight,2019136.0,0.01138682898112459,0.17080243471686885,0.011451905689467967,0.1862563627950018,47.17
ITL2,TLJ4,Kent,1877110.0,0.00046742237927658675,0.007011335689148801,0.0004675316381395067,0.007035972648895328,37.86
ITL2,TLK3,Cornwall and Isles of Scilly,577813.0,0.010784612256042199,0.161769183840633,0.010842975807528132,0.1755888650963593,32.74
ITL2,TLK4,Devon,1232580.0,0.004375367560834024,0.06563051341251036,0.004384953456987528,0.0678320946299591,34.5
ITL2,TLK5,West of England,969931.0,0.004428099579625903,0.06642149369438854,0.004437918099681637,0.06867706289373121,42.01
ITL2,TLK6,"North Somerset, Somerset and Dorset",1582187.0,0.002272831059668749,0.03409246589503123,0.0022754158981110884,0.03468027494271997,36.26
ITL2,TLK7,Gloucestershire and Wiltshire,1404425.0,0.0033614619704891878,0.05042192955733782,0.0033671180195342654,0.051714752313554824,44.54
ITL2,TLL3,North Wales,688695.0,0.01079129617322098,0.1618694425983147,0.010849732220838737,0.17570673408411874,35.82
ITL2,TLL4,Mid and South West Wales,903503.0,0.005718991059558812,0.08578486589338219,0.005735375708590729,0.08957189901207463,32.25
ITL2,TLL5,South East Wales,1540478.0,0.007712601657467507,0.1156890248620126,0.007742420380312032,0.12264670263128963,36.5
ITL2,TLH5,Norfolk,925695.0,0.008599150923131068,0.12898726384696602,0.00863622982759038,0.13767563446247677,37.06
ITL2,TLH6,Suffolk,768719.0,0.004877250345759343,0.07315875518639015,0.004889163491150095,0.07590132827324525,38.78
ITL2,TLI3,Inner London - West,1099944.0,0.0009105832620693496,0.013658748931040243,0.0009109979688735059,0.013752455795678076,64.56
ITL2,TLI4,Inner London - East,2351855.0,-0.0039049175581444234,-0.058573763372166354,-0.0038973032818412356,-0.056891329042029315,50.89
ITL2,TLI5,Outer London - East and North East,1939600.0,-0.013376080520673562,-0.20064120781010342,-0.013287018299018127,-0.18179405520169856,40.76
ITL2,TLI6,Outer London - South,1316795.0,0.0015031793165047583,0.022547689747571376,0.0015043096568305714,0.022803810256903034,44.4
ITL2,TLI7,Outer London - West and North West,2160849.0,0.00046462355751935767,0.006969353362790365,0.0004647315117631834,0.0069936958234828595,45.23
ITL2,TLE3,South Yorkshire,1390381.0,0.004875585373264239,0.07313378059896358,0.0048874903797251346,0.07587445841699303,33.77
ITL2,TLE4,West Yorkshire,2376998.0,0.00695326102582623,0.10429891538739344,0.006977491071995523,0.10993218114198222,37.33
ITL2,TLF1,Derbyshire and Nottinghamshire,2229553.0,0.001058274182262764,0.01587411273394146,0.0010588343519721821,0.01600077579518988,35.62
ITL2,TLF2,"Leicestershire, Rutland and Northamptonshire",1929415.0,0.0026644321434552273,0.03996648215182841,0.0026679848974353604,0.04077588903952445,35.85
ITL2,TLF3,Lincolnshire,775864.0,0.004102874352872081,0.06154311529308121,0.004111302664675742,0.06347634763476373,34.98
ITL2,TLM0,Eastern Scotland,930020.0,0.004744155066711168,0.07116232600066752,0.004755426387608619,0.07375551016019766,38.18
ITL2,TLM1,East Central Scotland,1064250.0,0.014390159656111005,0.21585239484166507,0.014494196439878149,0.2409191994069686,50.42
ITL2,TLM2,Highlands and Islands,495042.0,0.01332983755314198,0.1999475632971297,0.013419075907819211,0.22133871350581513,39.68
ITL2,TLM3,West Central Scotland,1520120.0,0.014081776895755146,0.21122665343632718,0.014181392153418626,0.23519228391245162,39.67
ITL2,TLM5,North Eastern Scotland,488000.0,-0.0018000123234820956,-0.027000184852231435,-0.001798393272882448,-0.026638938403644064,38.48
ITL2,TLM9,Southern Scotland,949568.0,0.0009154116508764669,0.013731174763147003,0.0009158307680001698,0.013825880319723316,37.01
ITL2,TLN0,Northern Ireland,1910543.0,0.008521311206195866,0.127819668092938,0.008557720924565082,0.13634806440561875,36.88
ITL3,TLC31,Hartlepool and Stockton-on-Tees,293959.0,0.004826645455367876,0.07239968183051815,0.004838312471842077,0.07508495012605487,39.7
ITL3,TLC32,South Teesside,285751.0,0.007194224718001685,0.10791337077002527,0.0072201653228494145,0.11395124046826344,32.92
ITL3,TLC33,Darlington,109413.0,0.026139166429581393,0.3920874964437209,0.026483790617959357,0.48006720635405586,31.11
ITL3,TLC41,Durham,527704.0,-8.016836320313321e-05,-0.0012025254480469982,-8.016514980579981e-05,-0.0012018027040554546,36.02
ITL3,TLC42,Northumberland,324286.0,0.011110467949889902,0.16665701924834853,0.011172418419241215,0.1813490158425346,34.87
ITL3,TLC43,Tyneside,863444.0,0.013570027923728568,0.2035504188559285,0.013662518646351485,0.22574695684249324,35.73
ITL3,TLC44,Sunderland,277512.0,0.0033925122158262747,0.05088768323739412,0.003398273298399035,0.052204706419921365,37.84
ITL3,TLD13,Cumberland,275331.0,0.0016959347601366896,0.025439021402050344,0.0016973736708099096,0.0257653546301575,32.07
ITL3,TLD14,Westmorland and Furness,227647.0,0.016142134038361355,0.24213201057542033,0.016273122144091712,0.27396235822011716,41.41
ITL3,TLD33,Manchester,566778.0,0.013281800312948455,0.19922700469422683,0.013370395221505404,0.22045898437500022,44.77
ITL3,TLD34,Greater Manchester South West,515518.0,0.003607897856211532,0.05411846784317298,0.003614414154037515,0.05560965054635991,41.26
ITL3,TLD35,Greater Manchester South East,529997.0,0.014828149714657771,0.22242224571986657,0.014938632134475327,0.24909869310500166,37.97
ITL3,TLD36,Greater Manchester North West,633167.0,0.014141136090976936,0.21211704136465404,0.01424159493144228,0.23629257398101533,36.36
ITL3,TLD37,Greater Manchester North East,665533.0,0.007798736445389665,0.11698104668084497,0.007829225798401174,0.12409812409812404,33.15
ITL3,TLD41,Blackburn with Darwen,155823.0,0.015271905859006611,0.22907858788509916,0.015389117334017044,0.2574408547443401,33.27
ITL3,TLD42,Blackpool,141648.0,-0.0011392747864195012,-0.017089121796292517,-0.0011386260592829434,-0.016943930991989653,30.25
ITL3,TLD44,Lancaster and Wyre,259485.0,0.014690276615108763,0.22035414922663143,0.014798709045447556,0.24651810584958245,37.07
ITL3,TLD45,Mid Lancashire,410200.0,-0.0002216860896781488,-0.003325291345172232,-0.0002216615191326099,-0.0033197686870853893,40.99
ITL3,TLD46,East Lancashire,346254.0,0.011994596472784735,0.17991894709177103,0.012066820120696375,0.19712032910524457,36.59
ITL3,TLD47,Chorley and West Lancashire,237983.0,0.0018986479282174192,0.028479718923261288,0.0019004515014646728,0.028889143643242132,37.49
ITL3,TLD61,Warrington,211797.0,0.0016297558333234837,0.024446337499852255,0.0016310846071225793,0.024747599113519092,37.73
ITL3,TLD62,Cheshire East,406587.0,-0.0002607386334502119,-0.0039110795017531785,-0.0002607046440868954,-0.0039034411915761513,47.43
ITL3,TLD63,Cheshire West and Chester,361799.0,0.004805360986949067,0.07208041480423599,0.004816925250122894,0.0747417657376721,47.88
ITL3,TLD71,East Merseyside,470843.0,0.005558773929270089,0.08338160893905133,0.005574252580552219,0.08695652173913082,38.53
ITL3,TLD72,Liverpool,495849.0,0.0013006658128428346,0.01950998719264252,0.0013015120454700213,0.019701550765629294,37.48
ITL3,TLD73,Sefton,281039.0,0.0030489317109061885,0.04573397566359283,0.0030535844306016635,0.046795900728485273,36.2
ITL3,TLD74,Wirral,322439.0,0.005168768570017986,0.07753152855026979,0.005182149699002325,0.08061630218687821,36.01
ITL3,TLE11,"Kingston upon Hull, City of",268677.0,-0.008571208639750043,-0.12856812959625064,-0.008534580554668048,-0.12064634963161391,34.02
ITL3,TLE12,East Riding of Yorkshire,346316.0,-0.002747050917575322,-0.04120576376362983,-0.0027432812258385564,-0.040368347788842796,40.77
ITL3,TLE13,North and North East Lincolnshire,327830.0,0.009709760947124835,0.14564641420687252,0.009757053618862033,0.15678709224833431,40.57
ITL3,TLE21,York,204115.0,-0.0015127831399275613,-0.022691747098913417,-0.0015116394602990857,-0.022436225796537812,43.52
ITL3,TLG13,Warwickshire CC,607713.0,0.01128249107979323,0.16923736619689844,0.011346378425673098,0.18440124237892586,42.34
ITL3,TLG21,Telford and Wrekin,189000.0,-0.004988233605669853,-0.07482350408504779,-0.004975813029245102,-0.07209275628515688,34.96
ITL3,TLG22,Shropshire,327479.0,-0.008686266481199745,-0.13029399721799617,-0.008648649863291391,-0.12216268874817304,32.36
ITL3,TLG23,Stoke-on-Trent,260008.0,0.007266801033084688,0.10900201549627031,0.007293268303666167,0.11516459794927081,33.01
ITL3,TLG24,Staffordshire CC,886294.0,-0.0022626299547357696,-0.03393944932103654,-0.00226007213707502,-0.03336996702967354,33.66
ITL3,TLG31,Birmingham,1154221.0,-0.0013741898162720645,-0.020612847244080967,-0.0013732460498007137,-0.020401854714065637,35.14
ITL3,TLG32,Solihull,217784.0,-0.007986220333537552,-0.11979330500306329,-0.007954415199849296,-0.11289622231871488,41.8
ITL3,TLG33,Coventry,352889.0,-0.0018496021541510052,-0.027744032312265077,-0.0018478926941893903,-0.02736270133902552,40.39
ITL3,TLG36,Dudley,324931.0,0.00500413459829178,0.0750620189743767,0.00501667619104329,0.07795100222717077,31.91
ITL3,TLG37,Sandwell,344582.0,0.006656151978229078,0.09984227967343617,0.006678353389127922,0.1049966239027682,32.84
ITL3,TLG38,Walsall,286218.0,0.006874181409552035,0.10311272114328052,0.006897862826931833,0.10861636653749662,31.2
ITL3,TLG39,Wolverhampton,267888.0,0.009499132480532838,0.14248698720799258,0.00954439243606342,0.1531380753138072,35.29
ITL3,TLH21,Luton,227298.0,0.006995385186087155,0.10493077779130733,0.007019910046634159,0.11063372717508058,34.12
ITL3,TLH24,Bedford,187503.0,0.00025496413777622944,0.0038244620666434415,0.0002549966438945006,0.003831784653702597,33.6
ITL3,TLH25,Central Bedfordshire,301820.0,0.007417104836363405,0.11125657254545107,0.007444679691477996,0.11768163649188756,38.98
ITL3,TLH26,North and East Hertfordshire,594913.0,0.0062521974876921975,0.09378296231538297,0.006271783271191156,0.09832134292565886,42.5
ITL3,TLH27,South West Hertfordshire,610224.0,0.00446819221679983,0.06702288325199746,0.004478189471982974,0.06931994741245373,44.63
ITL3,TLH31,Southend-on-Sea,180884.0,0.004346774648448874,0.0652016197267331,0.004356235576578271,0.06737420638680902,31.29
ITL3,TLH32,Thurrock,176788.0,0.0028058143493320032,0.04208721523998005,0.0028097543305036776,0.042985439009504134,40.17
ITL3,TLH34,Essex Haven Gateway,503653.0,0.009020225512450075,0.13530338268675113,0.009061030343912257,0.14488406967354983,39.02
ITL3,TLH35,West Essex,322128.0,-0.002751694842728251,-0.041275422640923765,-0.0027479124006453137,-0.04043519232416681,38.62
ITL3,TLH36,Heart of Essex,328330.0,0.007213681378258189,0.10820522067387284,0.007239762654058124,0.11427639447645999,42.38
ITL3,TLH37,Essex Thames Gateway,365748.0,-0.002133515405744942,-0.03200273108617413,-0.0021312410794759318,-0.03149606299212637,40.89
ITL3,TLH41,Peterborough,217657.0,0.0053701467159312346,0.08055220073896852,0.005384591799637128,0.08388542478565841,38.34
ITL3,TLH42,Cambridgeshire CC,690058.0,0.0027790661984171314,0.04168599297625697,0.0027829313825895596,0.04256705396894356,40.99
ITL3,TLJ14,Oxfordshire CC,737795.0,-0.0011237544230729905,-0.016856316346094857,-0.001123123247522173,-0.01671504353918518,41.49
ITL3,TLJ15,Berkshire East,441286.0,0.011115957270373992,0.16673935905560988,0.011177969083945305,0.1814462918975983,56.81
ITL3,TLJ16,Berkshire West,519522.0,0.027286486879826023,0.4092973031973903,0.02766217232423185,0.5057593210063653,52.96
ITL3,TLJ21,Brighton and Hove,278370.0,0.025400762077947666,0.381011431169215,0.025726110291737214,0.4637643378519294,47.2
ITL3,TLJ22,East Sussex CC,551007.0,0.009550413253604855,0.1432561988040728,0.009596163980389205,0.15402542372881278,33.35
ITL3,TLJ25,West Surrey,805289.0,0.006256764459054942,0.09385146688582413,0.006276378896102441,0.09839658553466424,54.08
ITL3,TLJ26,East Surrey,411759.0,-0.002856905494908446,-0.04285358242362669,-0.0028528284239313084,-0.04194834460045094,53.46
ITL3,TLJ27,West Sussex (South West),469328.0,0.0101499958868299,0.15224993830244848,0.010201681817731956,0.16445124103046704,42.87
ITL3,TLJ28,West Sussex (North East),423479.0,0.010604312975312466,0.15906469462968698,0.01066073797522793,0.17241379310344773,37.94
ITL3,TLJ31,Portsmouth,208949.0,0.0053866995402181315,0.08080049310327198,0.0054012338918625336,0.08415457867345744,41.59
ITL3,TLJ32,Southampton,252151.0,-0.0006215304440852757,-0.009322956661279136,-0.0006213373340487882,-0.009279632641347235,47.18
ITL3,TLJ34,Isle of Wight,140779.0,0.005495970578365572,0.08243955867548358,0.005511101130988738,0.08593303622443083,35.46
ITL3,TLJ35,South Hampshire,460734.0,0.014166934915526083,0.21250402373289123,0.014267761509932475,0.23677108999178653,44.43
ITL3,TLJ36,Central Hampshire,566738.0,0.010625669355543247,0.1593850403331487,0.010682322260712862,0.17278943098852673,42.15
ITL3,TLJ37,North Hampshire,389785.0,0.020966358447393377,0.31449537671090066,0.021187696720035065,0.3695680206318508,64.49
ITL3,TLJ41,Medway,282643.0,0.0017879124746369138,0.026818687119553708,0.0017895117431208085,0.027181544633901877,39.16
ITL3,TLJ43,Kent Thames Gateway,380278.0,-0.012935775922536467,-0.194036638838047,-0.012852468375989412,-0.17637227304714953,35.04
ITL3,TLJ44,East Kent,526867.0,0.004464222549777593,0.0669633382466639,0.004474202035954056,0.06925627664613865,35.32
ITL3,TLJ45,Mid Kent,316310.0,-0.004095267713087066,-0.06142901569630599,-0.004086893539660297,-0.05958030159232364,34.2
ITL3,TLJ46,West Kent,371012.0,0.009806040648270554,0.1470906097240583,0.009854277406477818,0.15845892591806465,46.24
ITL3,TLK30,Cornwall and Isles of Scilly,577813.0,0.010974017582555066,0.164610263738326,0.011034452984240328,0.17893355600620242,32.74
ITL3,TLK41,Plymouth,267063.0,-0.001994644494807633,-0.029919667422114493,-0.0019926565134690266,-0.02947650492870124,33.97
ITL3,TLK42,Torbay,139409.0,-0.008481120346693889,-0.12721680520040834,-0.008445257103967818,-0.11945725434551191,27.68
ITL3,TLK43,Devon CC,826108.0,0.006948947911526678,0.10423421867290017,0.0069731478723458196,0.109860374499404,35.63
ITL3,TLK51,"Bristol, City of",478636.0,-0.0028356350864510676,-0.04253452629676602,-0.0028316184707284364,-0.04164262358145798,36.57
ITL3,TLK52,Bath & North East Somerset and South Gloucestershire,491295.0,0.012588189588504347,0.1888228438275652,0.012667754355335514,0.2078269595272615,48.99
ITL3,TLK61,North Somerset,219165.0,0.012829743154416857,0.19244614731625287,0.012912397408495924,0.21221122112211277,35.88
ITL3,TLK62,Somerset,577090.0,0.003956878763158341,0.059353181447375114,0.0039647175435559845,0.061149953041844896,34.53
ITL3,TLK63,"Bournemouth, Christchurch and Poole",402559.0,0.0007273298435755748,0.010909947653633623,0.0007275944120652689,0.010969678153782025,39.45
ITL3,TLK64,Dorset,383373.0,-0.004249324621839712,-0.06373986932759568,-0.004240309016567356,-0.06175096485882636,35.43
ITL3,TLK71,Swindon,235652.0,0.00399732994288294,0.059959949143244096,0.004005329922186274,0.061794019933555155,62.05
ITL3,TLK72,Wiltshire,516107.0,0.004262116427250717,0.06393174640876076,0.004271212163241334,0.06601963660986421,40.66
ITL3,TLK73,Gloucestershire CC,652666.0,0.003108420920090005,0.04662631380135007,0.003113257070029851,0.04773041352184593,40.77
ITL3,TLL31,Isle of Anglesey,69070.0,0.006569498787627322,0.09854248181440983,0.006591125277248588,0.10356128468429038,34.48
ITL3,TLL32,Gwynedd,117997.0,-0.00365657492851561,-0.05484862392773415,-0.0036498977993653092,-0.05337156599759496,29.27
ITL3,TLL33,Conwy and Denbighshire,210905.0,0.008319593550260447,0.12479390325390671,0.008354297542958244,0.13291493892188777,30.0
ITL3,TLL34,Flintshire and Wrexham,290723.0,0.017563030414755983,0.26344545622133975,0.017718167327383405,0.301406309388065,42.68
ITL3,TLL41,Mid Wales,205747.0,0.008659279618996922,0.12988919428495382,0.008696879632071663,0.13870220162224856,28.27
ITL3,TLL42,South West Wales,313513.0,0.007471872298244679,0.11207808447367018,0.007499856390500437,0.1186002025430406,32.3
ITL3,TLL43,Swansea,242039.0,0.0016835077874101027,0.02525261681115154,0.001684925682212679,0.025574165078728228,34.69
ITL3,TLL44,Neath Port Talbot,142204.0,0.004031545997475069,0.06047318996212603,0.004039683611086087,0.062339115836598014,34.21
ITL3,TLL51,Central Valleys and Bridgend,444251.0,0.0052170431548801115,0.07825564732320167,0.00523067562126478,0.08139908011552066,35.24
ITL3,TLL52,Cardiff and Vale of Glamorgan,504723.0,0.006746978454913943,0.10120467682370915,0.006769790589517655,0.10650309412658787,37.93
ITL3,TLH51,Norwich and East Norfolk,378676.0,0.010739676812004599,0.16109515218006898,0.010797554150086652,0.17479674796747924,37.2
ITL3,TLH52,North and West Norfolk,258943.0,0.0015331024267069893,0.02299653640060484,0.0015342782290306278,0.023262995367987926,33.63
ITL3,TLH53,Breckland and South Norfolk,288076.0,0.0111539977906468,0.167309966859702,0.011216435551615334,0.18212062674393725,40.29
ITL3,TLH61,Babergh and Mid Suffolk,200013.0,0.0049321443611908345,0.07398216541786251,0.0049443274064682186,0.07678760126805129,40.31
ITL3,TLH62,Ipswich,139295.0,0.006040617489445843,0.09060926234168765,0.006058898810892277,0.09484112601184003,42.52
ITL3,TLH63,East Suffolk,247083.0,0.013307358578202866,0.199610378673043,0.013396295541849623,0.22092696629213493,38.33
ITL3,TLH64,West Suffolk,182328.0,-0.0043973501601091885,-0.06596025240163783,-0.004387695972026373,-0.06383192601527976,35.65
ITL3,TLI33,Kensington & Chelsea and Hammersmith & Fulham,331898.0,0.01396118970895562,0.2094178456343343,0.014059102245880473,0.23296007789678597,48.45
ITL3,TLI34,Wandsworth,329358.0,0.0002911064962275963,0.004366597443413944,0.00029114887183556704,0.004376144921636849,35.39
ITL3,TLI35,Westminster and City of London,221323.0,-0.006117841219824704,-0.09176761829737057,-0.006099165334006007,-0.08768286927796176,71.21
ITL3,TLI36,Camden,217365.0,0.015542470874889958,0.23313706312334936,0.01566388327602586,0.2625545171339565,59.44
ITL3,TLI41,Hackney and Newham,618779.0,-0.007171744925060667,-0.10757617387591001,-0.007146089330855254,-0.10199188491331623,37.41
ITL3,TLI42,Tower Hamlets,323854.0,-0.0267437665133075,-0.4011564976996125,-0.026389318774898696,-0.3304547294562137,72.96
ITL3,TLI43,Haringey and Islington,482007.0,0.020072845203838164,0.30109267805757245,0.020275659508202093,0.351334574798261,52.0
ITL3,TLI44,Lewisham and Southwark,610515.0,0.006323818749723919,0.0948572812458588,0.0063438563072060195,0.09950192438306549,41.21
ITL3,TLI45,Lambeth,316700.0,-0.0013568414078243645,-0.020352621117365466,-0.0013559213147085192,-0.020146904512067132,54.12
ITL3,TLI51,Bexley and Greenwich,539633.0,-0.014234204516625463,-0.21351306774938195,-0.014133377193358165,-0.19225839528326072,43.11
ITL3,TLI52,Barking & Dagenham and Havering,484714.0,-0.014571806776796889,-0.21857710165195332,-0.014466151817551953,-0.19633848657445085,39.9
ITL3,TLI53,Redbridge and Waltham Forest,587827.0,-0.020283867456235782,-0.30425801184353674,-0.020079533708414976,-0.26232948583420745,35.92
ITL3,TLI54,Enfield,327426.0,0.001102070238199578,0.01653105357299367,0.001102677740754121,0.016668447483705773,46.53
ITL3,TLI61,Bromley,329689.0,-0.0046751218415269115,-0.07012682762290368,-0.004664210470029961,-0.06772442588726557,42.92
ITL3,TLI62,Croydon,392610.0,0.01014325236503216,0.15214878547548238,0.010194869523639793,0.16433345945264266,51.92
ITL3,TLI63,"Merton, Kingston upon Thames and Sutton",594496.0,-0.0004891366325728915,-0.007337049488593372,-0.0004890170247525694,-0.0073101990487938195,41.1
ITL3,TLI71,Barnet,390346.0,0.008103052592193728,0.1215457888829059,0.00813597117645104,0.1292410714285721,42.73
ITL3,TLI72,Brent,341183.0,0.0019431645757360745,0.02914746863604112,0.0019450537434766435,0.02957641350998319,45.02
ITL3,TLI73,Ealing,370129.0,-0.0059295129319297145,-0.08894269397894572,-0.005911968064758577,-0.08510199876365132,41.76
ITL3,TLI74,Harrow and Hillingdon,572827.0,-0.0010037289925911945,-0.015055934888867917,-0.0010032254251417516,-0.014943160982764603,39.97
ITL3,TLI75,Hounslow and Richmond upon Thames,486364.0,-0.0012043000434644568,-0.018064500651966853,-0.0012035751651866544,-0.017902315625607734,54.68
ITL3,TLJ12,Milton Keynes,292517.0,0.004976880394369706,0.07465320591554558,0.004989285634861007,0.07751041184636698,50.59
ITL3,TLJ13,Buckinghamshire,560688.0,-0.005967268579615788,-0.08950902869423683,-0.005949499793739488,-0.08561999057048586,40.15
ITL3,TLE22,North Yorkshire,623896.0,-0.0008479867123958466,-0.012719800685937699,-0.0008476272732707013,-0.012639245929733756,36.36
ITL3,TLE32,Sheffield,564702.0,0.005146142740814833,0.0771921411122225,0.005159406876653838,0.08024961681629095,36.08
ITL3,TLE33,Barnsley,246448.0,0.0019349237217534565,0.029023855826301848,0.001936796894612014,0.029449152542372792,34.03
ITL3,TLE34,Rotherham,268267.0,0.009455181205279455,0.1418277180791918,0.009500022647652484,0.15237809752198261,33.03
ITL3,TLE35,Doncaster,310964.0,0.0031638435612751556,0.04745765341912733,0.003168853796788884,0.048601795480342824,29.81
ITL3,TLE41,Bradford,553044.0,0.002889849498008227,0.04334774247012341,0.0028940291382761885,0.044300979519144246,33.46
ITL3,TLE42,Leeds,820802.0,0.008154605989602891,0.12231908984404338,0.008187945350526693,0.13011465236141828,41.47
ITL3,TLE44,Calderdale and Kirklees,645454.0,0.006682372301171391,0.10023558451757086,0.006704749166704271,0.10543130990415306,33.33
ITL3,TLE45,Wakefield,357698.0,0.004314350594146354,0.06471525891219532,0.004323670803400681,0.06685520361990904,36.15
ITL3,TLF11,Derby,263620.0,-0.011715578706138057,-0.17573368059207084,-0.011647218534015624,-0.1611586466755638,38.02
ITL3,TLF12,East Derbyshire,289442.0,0.0007133970001896491,0.010700955002844736,0.0007136515283525657,0.010758414997869892,37.75
ITL3,TLF13,South and West Derbyshire,514013.0,0.008847513618930472,0.1327127042839571,0.00888676855166004,0.14192188193519795,37.19
ITL3,TLF14,Nottingham,327424.0,-3.177478095833427e-05,-0.000476621714375014,-3.177427614531325e-05,-0.00047650814828914534,33.88
ITL3,TLF15,North Nottinghamshire,483212.0,0.002408159723715168,0.03612239585572752,0.002411061669324699,0.036782736635605495,31.06
ITL3,TLF16,South Nottinghamshire,351842.0,0.01027671198848387,0.15415067982725805,0.01032969874746792,0.1666666666666663,39.52
ITL3,TLF21,Leicester,372495.0,0.00628238071577177,0.09423571073657655,0.006302156260310721,0.09881871876419845,35.47
ITL3,TLF22,Leicestershire CC and Rutland,764165.0,0.00010505928173110135,0.0015758892259665203,0.00010506480065064494,0.0015771315919175244,36.38
ITL3,TLF24,West Northamptonshire,429511.0,0.005195821439030309,0.07793732158545463,0.005209343127860144,0.0810548977395047,38.21
ITL3,TLF25,North Northamptonshire,363244.0,-0.006538242940457136,-0.09807364410685704,-0.006516915137516843,-0.09341786313630474,31.57
ITL3,TLF30,Lincolnshire CC,775864.0,0.004603958716559357,0.06905938074839035,0.004614573217814888,0.07149983372131663,34.98
ITL3,TLG11,"Herefordshire, County of",188696.0,0.017792081359756236,0.26688122039634354,0.017951303334345692,0.3058853245769124,32.93
ITL3,TLG12,Worcestershire CC,609323.0,0.016857047402621284,0.25285571103931925,0.016999929151916282,0.2876974629009099,38.4
ITL3,TLL53,Gwent Valleys,335954.0,0.006755631296351083,0.10133446944526625,0.006778502046568713,0.10664671938448333,33.7
ITL3,TLL54,Monmouthshire and Newport,255550.0,0.013931378744164983,0.20897068116247475,0.014028872616277388,0.23240886520528026,37.78
ITL3,TLM01,Clackmannanshire and Fife,423140.0,0.005118768269109471,0.07678152403664207,0.005131891545521405,0.07980613893376365,38.51
ITL3,TLM02,"Perth and Kinross, and Stirling",243740.0,0.002684205822240789,0.040263087333611836,0.002687811528119255,0.041084634346754356,39.85
ITL3,TLM03,Angus and Dundee City,263140.0,0.006264855843247356,0.09397283764871034,0.0062845210978286214,0.09852990685669383,36.01
ITL3,TLM11,East Lothian and Midlothian,209500.0,0.010895635423656281,0.1634345313548442,0.010955209026791257,0.17754826017459746,37.05
ITL3,TLM12,Falkirk,158450.0,-0.0068763188704190036,-0.10314478305628505,-0.006852731086489983,-0.09800362976406474,38.69
ITL3,TLM13,City of Edinburgh,514570.0,0.015161846525425264,0.22742769788137895,0.015277370433945059,0.25536667080282904,56.26
ITL3,TLM14,West Lothian,181730.0,0.030525071776479548,0.4578760766471932,0.030995738619454816,0.5807131036557842,46.49
ITL3,TLM20,Highlands and Islands,495042.0,0.01332983755314198,0.1999475632971297,0.013419075907819211,0.22133871350581513,39.68
ITL3,TLM31,East Dunbartonshire and West Dunbartonshire,197260.0,0.013605489262430126,0.2040823389364519,0.013698465113605396,0.2263991296990202,40.06
ITL3,TLM32,Glasgow City,622050.0,0.012079606878798721,0.18119410318198081,0.012152859989078335,0.19864781807006748,38.56
ITL3,TLM33,"Inverclyde, East Renfrewshire, and Renfrewshire",359890.0,0.014191726704097362,0.21287590056146044,0.014292907333534055,0.2372311020310065,37.47
ITL3,TLM34,North Lanarkshire,340920.0,0.020512548929813926,0.3076882339472089,0.020724377161392527,0.3602768346826848,45.28
ITL3,TLM50,Aberdeen City and Aberdeenshire,488000.0,-0.001767526707937428,-0.02651290061906142,-0.0017659655525358309,-0.026164519326065783,38.48
ITL3,TLM91,Scottish Borders,116820.0,0.016013166250779302,0.24019749376168953,0.01614206409926444,0.2715002388915433,36.89
ITL3,TLM92,Dumfries and Galloway,145770.0,-0.0008242161158868555,-0.012363241738302833,-0.0008238765430842454,-0.012287130847165373,36.54
ITL3,TLM93,North Ayrshire and East Ayrshire,247958.0,0.0009381694839268799,0.014072542258903198,0.0009386097025729789,0.014172026599803988,37.85
ITL3,TLM94,South Ayrshire,111560.0,0.002516021865523162,0.03774032798284743,0.0025191897047642797,0.03846153846153899,35.5
ITL3,TLM95,South Lanarkshire,327460.0,-0.0029669556440215556,-0.04450433466032333,-0.0029625585808301658,-0.04352854589422739,37.41
ITL3,TLN06,Belfast,348005.0,0.006293841950658733,0.094407629259881,0.006313689791785038,0.0990076422949695,38.54
ITL3,TLN07,"Armagh City, Banbridge and Craigavon",220271.0,0.015565283387377112,0.23347925081065668,0.015687053385329053,0.2629866216704837,33.75
ITL3,TLN08,"Newry, Mourne and Down",182634.0,0.003355005592501037,0.050325083887515554,0.0033606399230721173,0.05161290322580636,35.95
ITL3,TLN09,Ards and North Down,164223.0,0.015151774332922467,0.227276614993837,0.015267144416325706,0.2551770207080828,39.02
ITL3,TLN0A,Derry City and Strabane,150836.0,0.010856607321060885,0.16284910981591327,0.01091575413310375,0.17685909980430514,37.59
ITL3,TLN0B,Mid Ulster,151001.0,0.004967021646683574,0.07450532470025362,0.004979377747906355,0.07735108007855152,40.78
ITL3,TLN0C,Causeway Coast and Glens,141316.0,0.003135174740219308,0.04702762110328962,0.00314009454067965,0.04815095976575168,35.55
ITL3,TLN0D,Antrim and Newtownabbey,146148.0,0.002747879888082257,0.041218198321233857,0.002751658770534293,0.04207946072924118,41.33
ITL3,TLN0E,Lisburn and Castlereagh,149915.0,0.018706373852878617,0.28059560779317927,0.0188824341674505,0.32391811350090705,38.22
ITL3,TLN0F,Mid and East Antrim,139200.0,-0.016845720922098077,-0.25268581383147115,-0.016704625162968445,-0.22328812437975532,39.12
ITL3,TLN0G,Fermanagh and Omagh,116994.0,0.015744456633609318,0.2361668495041398,0.015869053636141217,0.2663855883480255,38.55
National,TLB,England,57112540.0,0.004396135342659413,0.0659420301398912,0.0044058125211672294,0.06816479400749054,42.39
National,UKX,United Kingdom,67602759.0,0.005145439648435494,0.07718159472653241,0.005158700156983276,0.08023822414726633,41.87
MCA,E47000006,Tees Valley,688756.0,0.009769341883981219,0.1465401282597183,0.009817217682411838,0.15782139124375738,35.37
MCA,E47000014,North East,1992946.0,0.008745514299196877,0.13118271448795316,0.008783868035560083,0.14017608897126999,35.97
MCA,E47000001,Greater Manchester,2911744.0,0.012095041436865787,0.1814256215529868,0.012168482241729617,0.19892535918701104,39.77
MCA,E47000018,Lancashire,1551393.0,0.004571154097704048,0.06856731146556072,0.004581617760192502,0.07097271126760529,37.25
MCA,E47000004,Liverpool City Region,1571045.0,0.0035829120291066847,0.05374368043660027,0.0035893383310769966,0.05521409547223888,37.33
MCA,E47000016,Hull and East Yorkshire,614993.0,-0.005419380378225291,-0.08129070567337937,-0.005404722028062747,-0.07807435653002837,37.45
MCA,E47000017,Greater Lincolnshire,1103694.0,0.0062669542680056384,0.09400431402008458,0.0062866327123971555,0.0985644851362042,36.73
MCA,E47000012,York and North Yorkshire,828011.0,-0.00195708078655444,-0.0293562117983166,-0.001955166952664622,-0.028929503916448995,38.18
MCA,E47000007,West Midlands,2953816.0,0.001645491256022602,0.02468236884033903,0.0016468458196317037,0.024989500209995352,35.72
MCA,E47000008,Cambridgeshire and Peterborough,906814.0,0.0034728282922637634,0.05209242438395645,0.0034788655471977847,0.05347310461668808,40.29
MCA,E47000015,Devon and Torbay,965517.0,0.0045249431144252245,0.06787414671637837,0.004535196128454766,0.0702306079664563,34.4
MCA,E47000009,West of England,969407.0,0.004428099579625903,0.06642149369438854,0.004437918099681637,0.06867706289373121,42.01
MCA,E61000001,Greater London,8866180.0,-0.0016625965564834645,-0.024938948347251966,-0.0016612152084761744,-0.02463054187192104,53.2
MCA,E47000002,South Yorkshire,1392105.0,0.004875585373264239,0.07313378059896358,0.0048874903797251346,0.07587445841699303,33.77
MCA,E47000003,West Yorkshire,2378148.0,0.00695326102582623,0.10429891538739344,0.006977491071995523,0.10993218114198222,37.33
MCA,E47000013,East Midlands,2229553.0,0.001058274182262764,0.01587411273394146,0.0010588343519721821,0.01600077579518988,35.62
ITL1,TLC,North East,2711380.0,0.008636465234553666,0.129546978518305,0.008673867096182342,0.13831258644536648,35.82
ITL1,TLD,North West,7600126.0,0.007211408780660852,0.10817113170991277,0.007237473605994804,0.11423841059602635,39.31
ITL1,TLE,Yorkshire and The Humber,5594126.0,0.003977569689125637,0.05966354533688456,0.003985490718107831,0.06147934678194078,36.82
ITL1,TLG,West Midlands,6085687.0,0.004183968555709564,0.06275952833564347,0.004192733572068175,0.06477076124567493,36.02
ITL1,TLH,East,6468665.0,0.004820711175064514,0.07231066762596772,0.004832349497329247,0.07498925655350197,39.69
ITL1,TLJ,South East,9482507.0,0.007557111820086308,0.11335667730129462,0.007585738856752844,0.1200313514723994,45.22
ITL1,TLK,South West,5811259.0,0.0038607457856720375,0.05791118678508056,0.003868208064913503,0.059620883193899576,38.75
ITL1,TLL,Wales,3164404.0,0.007419300423055652,0.11128950634583479,0.007446891626037955,0.11771844660194142,35.15
ITL1,TLI,London,8945309.0,-0.0007680961253223373,-0.01152144187983506,-0.0007678012150047486,-0.011455324235481679,53.96
ITL1,TLF,East Midlands,4991265.0,0.0021958372513251946,0.03293755876987792,0.002198249867523261,0.03348600508905886,35.61
ITL1,TLM,Scotland,5490100.0,0.009157804604962412,0.1373670690744362,0.00919986559495145,0.14724919093851074,41.28
ITL1,TLN,Northern Ireland,1920384.0,0.008521311206195866,0.127819668092938,0.008557720924565082,0.13634806440561875,36.88
ITL2,TLC3,Tees Valley,698931.0,0.009769341883981219,0.1465401282597183,0.009817217682411838,0.15782139124375738,35.37
ITL2,TLC4,"Northumberland, Durham and Tyne & Wear",2012449.0,0.008745514299196877,0.13118271448795316,0.008783868035560083,0.14017608897126999,35.97
ITL2,TLD1,Cumbria,505063.0,0.00982776238237939,0.14741643573569085,0.009876213430823677,0.15883644346871573,36.25
ITL2,TLD3,Greater Manchester,2948633.0,0.012095041436865787,0.1814256215529868,0.012168482241729617,0.19892535918701104,39.77
ITL2,TLD4,Lancashire,1570373.0,0.004571154097704048,0.06856731146556072,0.004581617760192502,0.07097271126760529,37.25
ITL2,TLD6,Cheshire,989908.0,0.00020068872095677648,0.003010330814351647,0.00020070886028533685,0.003014866410230299,44.58
ITL2,TLD7,Merseyside,1586149.0,0.0035829120291066847,0.05374368043660027,0.0035893383310769966,0.05521409547223888,37.33
ITL2,TLE1,East Yorkshire and Northern Lincolnshire,950483.0,0.0009573661776622444,0.014360492664933666,0.0009578245989418921,0.014464099895941995,38.56
ITL2,TLE2,North Yorkshire,834410.0,-0.00195708078655444,-0.0293562117983166,-0.001955166952664622,-0.028929503916448995,38.18
ITL2,TLG1,"Herefordshire, Worcestershire and Warwickshire",1421898.0,0.01587282012304101,0.23809230184561514,0.01599946250236095,0.2688263024295907,39.61
ITL2,TLG2,Shropshire and Staffordshire,1682853.0,-0.0024591243869932574,-0.03688686580489886,-0.002456103217602479,-0.03621483375959089,33.44
ITL2,TLG3,West Midlands,2980936.0,0.001645491256022602,0.02468236884033903,0.0016468458196317037,0.024989500209995352,35.72
ITL2,TLH2,Bedfordshire and Hertfordshire,1944608.0,0.00530256650053745,0.07953849750806175,0.00531664998815673,0.08278724333770193,41.01
ITL2,TLH3,Essex,1896590.0,0.0034527459005978755,0.05179118850896813,0.0034587134939427777,0.05315580851712576,39.41
ITL2,TLH4,Cambridgeshire and Peterborough,919082.0,0.0034728282922637634,0.05209242438395645,0.0034788655471977847,0.05347310461668808,40.29
ITL2,TLJ1,"Berkshire, Buckinghamshire and Oxfordshire",2584930.0,0.008001504106985103,0.12002256160477653,0.008033601693514747,0.12752229000469262,47.65
ITL2,TLJ2,"Surrey, East and West Sussex",2964654.0,0.008055284798829792,0.12082927198244686,0.008087815895841954,0.12843224092116934,45.89
ITL2,TLJ3,Hampshire and Isle of Wight,2035872.0,0.01138682898112459,0.17080243471686885,0.011451905689467967,0.1862563627950018,47.17
ITL2,TLJ4,Kent,1897051.0,0.00046742237927658675,0.007011335689148801,0.0004675316381395067,0.007035972648895328,37.86
ITL2,TLK3,Cornwall and Isles of Scilly,580553.0,0.010784612256042199,0.161769183840633,0.010842975807528132,0.1755888650963593,32.74
ITL2,TLK4,Devon,1241629.0,0.004375367560834024,0.06563051341251036,0.004384953456987528,0.0678320946299591,34.5
ITL2,TLK5,West of England,982255.0,0.004428099579625903,0.06642149369438854,0.004437918099681637,0.06867706289373121,42.01
ITL2,TLK6,"North Somerset, Somerset and Dorset",1591150.0,0.002272831059668749,0.03409246589503123,0.0022754158981110884,0.03468027494271997,36.26
ITL2,TLK7,Gloucestershire and Wiltshire,1415672.0,0.0033614619704891878,0.05042192955733782,0.0033671180195342654,0.051714752313554824,44.54
ITL2,TLL3,North Wales,691991.0,0.01079129617322098,0.1618694425983147,0.010849732220838737,0.17570673408411874,35.82
ITL2,TLL4,Mid and South West Wales,912218.0,0.005718991059558812,0.08578486589338219,0.005735375708590729,0.08957189901207463,32.25
ITL2,TLL5,South East Wales,1560195.0,0.007712601657467507,0.1156890248620126,0.007742420380312032,0.12264670263128963,36.5
ITL2,TLH5,Norfolk,931943.0,0.008599150923131068,0.12898726384696602,0.00863622982759038,0.13767563446247677,37.06
ITL2,TLH6,Suffolk,776442.0,0.004877250345759343,0.07315875518639015,0.004889163491150095,0.07590132827324525,38.78
ITL2,TLI3,Inner London - West,1110965.0,0.0009105832620693496,0.013658748931040243,0.0009109979688735059,0.013752455795678076,64.56
ITL2,TLI4,Inner London - East,2367872.0,-0.0039049175581444234,-0.058573763372166354,-0.0038973032818412356,-0.056891329042029315,50.89
ITL2,TLI5,Outer London - East and North East,1952220.0,-0.013376080520673562,-0.20064120781010342,-0.013287018299018127,-0.18179405520169856,40.76
ITL2,TLI6,Outer London - South,1325699.0,0.0015031793165047583,0.022547689747571376,0.0015043096568305714,0.022803810256903034,44.4
ITL2,TLI7,Outer London - West and North West,2188553.0,0.00046462355751935767,0.006969353362790365,0.0004647315117631834,0.0069936958234828595,45.23
ITL2,TLE3,South Yorkshire,1407072.0,0.004875585373264239,0.07313378059896358,0.0048874903797251346,0.07587445841699303,33.77
ITL2,TLE4,West Yorkshire,2402161.0,0.00695326102582623,0.10429891538739344,0.006977491071995523,0.10993218114198222,37.33
ITL2,TLF1,Derbyshire and Nottinghamshire,2251679.0,0.001058274182262764,0.01587411273394146,0.0010588343519721821,0.01600077579518988,35.62
ITL2,TLF2,"Leicestershire, Rutland and Northamptonshire",1956778.0,0.0026644321434552273,0.03996648215182841,0.0026679848974353604,0.04077588903952445,35.85
ITL2,TLF3,Lincolnshire,782808.0,0.004102874352872081,0.06154311529308121,0.004111302664675742,0.06347634763476373,34.98
ITL2,TLM0,Eastern Scotland,936470.0,0.004744155066711168,0.07116232600066752,0.004755426387608619,0.07375551016019766,38.18
ITL2,TLM1,East Central Scotland,1077680.0,0.014390159656111005,0.21585239484166507,0.014494196439878149,0.2409191994069686,50.42
ITL2,TLM2,Highlands and Islands,623410.0,0.01332983755314198,0.1999475632971297,0.013419075907819211,0.22133871350581513,39.68
ITL2,TLM3,West Central Scotland,1535310.0,0.014081776895755146,0.21122665343632718,0.014181392153418626,0.23519228391245162,39.67
ITL2,TLM5,North Eastern Scotland,492070.0,-0.0018000123234820956,-0.027000184852231435,-0.001798393272882448,-0.026638938403644064,38.48
ITL2,TLM9,Southern Scotland,958730.0,0.0009154116508764669,0.013731174763147003,0.0009158307680001698,0.013825880319723316,37.01
ITL2,TLN0,Northern Ireland,1920384.0,0.008521311206195866,0.127819668092938,0.008557720924565082,0.13634806440561875,36.88
ITL3,TLC31,Hartlepool and Stockton-on-Tees,297781.0,0.004826645455367876,0.07239968183051815,0.004838312471842077,0.07508495012605487,39.7
ITL3,TLC32,South Teesside,290588.0,0.007194224718001685,0.10791337077002527,0.0072201653228494145,0.11395124046826344,32.92
ITL3,TLC33,Darlington,110562.0,0.026139166429581393,0.3920874964437209,0.026483790617959357,0.48006720635405586,31.11
ITL3,TLC41,Durham,532182.0,-8.016836320313321e-05,-0.0012025254480469982,-8.016514980579981e-05,-0.0012018027040554546,36.02
ITL3,TLC42,Northumberland,327055.0,0.011110467949889902,0.16665701924834853,0.011172418419241215,0.1813490158425346,34.87
ITL3,TLC43,Tyneside,872154.0,0.013570027923728568,0.2035504188559285,0.013662518646351485,0.22574695684249324,35.73
ITL3,TLC44,Sunderland,281058.0,0.0033925122158262747,0.05088768323739412,0.003398273298399035,0.052204706419921365,37.84
ITL3,TLD13,Cumberland,276876.0,0.0016959347601366896,0.025439021402050344,0.0016973736708099096,0.0257653546301575,32.07
ITL3,TLD14,Westmorland and Furness,228187.0,0.016142134038361355,0.24213201057542033,0.016273122144091712,0.27396235822011716,41.41
ITL3,TLD33,Manchester,579917.0,0.013281800312948455,0.19922700469422683,0.013370395221505404,0.22045898437500022,44.77
ITL3,TLD34,Greater Manchester South West,521586.0,0.003607897856211532,0.05411846784317298,0.003614414154037515,0.05560965054635991,41.26
ITL3,TLD35,Greater Manchester South East,534211.0,0.014828149714657771,0.22242224571986657,0.014938632134475327,0.24909869310500166,37.97
ITL3,TLD36,Greater Manchester North West,641557.0,0.014141136090976936,0.21211704136465404,0.01424159493144228,0.23629257398101533,36.36
ITL3,TLD37,Greater Manchester North East,671362.0,0.007798736445389665,0.11698104668084497,0.007829225798401174,0.12409812409812404,33.15
ITL3,TLD41,Blackburn with Darwen,157503.0,0.015271905859006611,0.22907858788509916,0.015389117334017044,0.2574408547443401,33.27
ITL3,TLD42,Blackpool,142708.0,-0.0011392747864195012,-0.017089121796292517,-0.0011386260592829434,-0.016943930991989653,30.25
ITL3,TLD44,Lancaster and Wyre,262553.0,0.014690276615108763,0.22035414922663143,0.014798709045447556,0.24651810584958245,37.07
ITL3,TLD45,Mid Lancashire,418278.0,-0.0002216860896781488,-0.003325291345172232,-0.0002216615191326099,-0.0033197686870853893,40.99
ITL3,TLD46,East Lancashire,349276.0,0.011994596472784735,0.17991894709177103,0.012066820120696375,0.19712032910524457,36.59
ITL3,TLD47,Chorley and West Lancashire,240055.0,0.0018986479282174192,0.028479718923261288,0.0019004515014646728,0.028889143643242132,37.49
ITL3,TLD61,Warrington,212389.0,0.0016297558333234837,0.024446337499852255,0.0016310846071225793,0.024747599113519092,37.73
ITL3,TLD62,Cheshire East,412458.0,-0.0002607386334502119,-0.0039110795017531785,-0.0002607046440868954,-0.0039034411915761513,47.43
ITL3,TLD63,Cheshire West and Chester,365061.0,0.004805360986949067,0.07208041480423599,0.004816925250122894,0.0747417657376721,47.88
ITL3,TLD71,East Merseyside,474812.0,0.005558773929270089,0.08338160893905133,0.005574252580552219,0.08695652173913082,38.53
ITL3,TLD72,Liverpool,503740.0,0.0013006658128428346,0.01950998719264252,0.0013015120454700213,0.019701550765629294,37.48
ITL3,TLD73,Sefton,282745.0,0.0030489317109061885,0.04573397566359283,0.0030535844306016635,0.046795900728485273,36.2
ITL3,TLD74,Wirral,324852.0,0.005168768570017986,0.07753152855026979,0.005182149699002325,0.08061630218687821,36.01
ITL3,TLE11,"Kingston upon Hull, City of",271942.0,-0.008571208639750043,-0.12856812959625064,-0.008534580554668048,-0.12064634963161391,34.02
ITL3,TLE12,East Riding of Yorkshire,350119.0,-0.002747050917575322,-0.04120576376362983,-0.0027432812258385564,-0.040368347788842796,40.77
ITL3,TLE13,North and North East Lincolnshire,328422.0,0.009709760947124835,0.14564641420687252,0.009757053618862033,0.15678709224833431,40.57
ITL3,TLE21,York,206780.0,-0.0015127831399275613,-0.022691747098913417,-0.0015116394602990857,-0.022436225796537812,43.52
ITL3,TLG13,Warwickshire CC,617823.0,0.01128249107979323,0.16923736619689844,0.011346378425673098,0.18440124237892586,42.34
ITL3,TLG21,Telford and Wrekin,191915.0,-0.004988233605669853,-0.07482350408504779,-0.004975813029245102,-0.07209275628515688,34.96
ITL3,TLG22,Shropshire,329260.0,-0.008686266481199745,-0.13029399721799617,-0.008648649863291391,-0.12216268874817304,32.36
ITL3,TLG23,Stoke-on-Trent,263157.0,0.007266801033084688,0.10900201549627031,0.007293268303666167,0.11516459794927081,33.01
ITL3,TLG24,Staffordshire CC,898521.0,-0.0022626299547357696,-0.03393944932103654,-0.00226007213707502,-0.03336996702967354,33.66
ITL3,TLG31,Birmingham,1166049.0,-0.0013741898162720645,-0.020612847244080967,-0.0013732460498007137,-0.020401854714065637,35.14
ITL3,TLG32,Solihull,218793.0,-0.007986220333537552,-0.11979330500306329,-0.007954415199849296,-0.11289622231871488,41.8
ITL3,TLG33,Coventry,360702.0,-0.0018496021541510052,-0.027744032312265077,-0.0018478926941893903,-0.02736270133902552,40.39
ITL3,TLG36,Dudley,326680.0,0.00500413459829178,0.0750620189743767,0.00501667619104329,0.07795100222717077,31.91
ITL3,TLG37,Sandwell,347551.0,0.006656151978229078,0.09984227967343617,0.006678353389127922,0.1049966239027682,32.84
ITL3,TLG38,Walsall,288736.0,0.006874181409552035,0.10311272114328052,0.006897862826931833,0.10861636653749662,31.2
ITL3,TLG39,Wolverhampton,272425.0,0.009499132480532838,0.14248698720799258,0.00954439243606342,0.1531380753138072,35.29
ITL3,TLH21,Luton,231028.0,0.006995385186087155,0.10493077779130733,0.007019910046634159,0.11063372717508058,34.12
ITL3,TLH24,Bedford,189891.0,0.00025496413777622944,0.0038244620666434415,0.0002549966438945006,0.003831784653702597,33.6
ITL3,TLH25,Central Bedfordshire,308302.0,0.007417104836363405,0.11125657254545107,0.007444679691477996,0.11768163649188756,38.98
ITL3,TLH26,North and East Hertfordshire,600924.0,0.0062521974876921975,0.09378296231538297,0.006271783271191156,0.09832134292565886,42.5
ITL3,TLH27,South West Hertfordshire,614463.0,0.00446819221679983,0.06702288325199746,0.004478189471982974,0.06931994741245373,44.63
ITL3,TLH31,Southend-on-Sea,182271.0,0.004346774648448874,0.0652016197267331,0.004356235576578271,0.06737420638680902,31.29
ITL3,TLH32,Thurrock,178201.0,0.0028058143493320032,0.04208721523998005,0.0028097543305036776,0.042985439009504134,40.17
ITL3,TLH34,Essex Haven Gateway,510162.0,0.009020225512450075,0.13530338268675113,0.009061030343912257,0.14488406967354983,39.02
ITL3,TLH35,West Essex,325609.0,-0.002751694842728251,-0.041275422640923765,-0.0027479124006453137,-0.04043519232416681,38.62
ITL3,TLH36,Heart of Essex,331757.0,0.007213681378258189,0.10820522067387284,0.007239762654058124,0.11427639447645999,42.38
ITL3,TLH37,Essex Thames Gateway,368590.0,-0.002133515405744942,-0.03200273108617413,-0.0021312410794759318,-0.03149606299212637,40.89
ITL3,TLH41,Peterborough,219509.0,0.0053701467159312346,0.08055220073896852,0.005384591799637128,0.08388542478565841,38.34
ITL3,TLH42,Cambridgeshire CC,699573.0,0.0027790661984171314,0.04168599297625697,0.0027829313825895596,0.04256705396894356,40.99
ITL3,TLJ14,Oxfordshire CC,750230.0,-0.0011237544230729905,-0.016856316346094857,-0.001123123247522173,-0.01671504353918518,41.49
ITL3,TLJ15,Berkshire East,444303.0,0.011115957270373992,0.16673935905560988,0.011177969083945305,0.1814462918975983,56.81
ITL3,TLJ16,Berkshire West,525433.0,0.027286486879826023,0.4092973031973903,0.02766217232423185,0.5057593210063653,52.96
ITL3,TLJ21,Brighton and Hove,279637.0,0.025400762077947666,0.381011431169215,0.025726110291737214,0.4637643378519294,47.2
ITL3,TLJ22,East Sussex CC,555484.0,0.009550413253604855,0.1432561988040728,0.009596163980389205,0.15402542372881278,33.35
ITL3,TLJ25,West Surrey,813022.0,0.006256764459054942,0.09385146688582413,0.006276378896102441,0.09839658553466424,54.08
ITL3,TLJ26,East Surrey,415649.0,-0.002856905494908446,-0.04285358242362669,-0.0028528284239313084,-0.04194834460045094,53.46
ITL3,TLJ27,West Sussex (South West),472938.0,0.0101499958868299,0.15224993830244848,0.010201681817731956,0.16445124103046704,42.87
ITL3,TLJ28,West Sussex (North East),427924.0,0.010604312975312466,0.15906469462968698,0.01066073797522793,0.17241379310344773,37.94
ITL3,TLJ31,Portsmouth,210297.0,0.0053866995402181315,0.08080049310327198,0.0054012338918625336,0.08415457867345744,41.59
ITL3,TLJ32,Southampton,256110.0,-0.0006215304440852757,-0.009322956661279136,-0.0006213373340487882,-0.009279632641347235,47.18
ITL3,TLJ34,Isle of Wight,140906.0,0.005495970578365572,0.08243955867548358,0.005511101130988738,0.08593303622443083,35.46
ITL3,TLJ35,South Hampshire,463172.0,0.014166934915526083,0.21250402373289123,0.014267761509932475,0.23677108999178653,44.43
ITL3,TLJ36,Central Hampshire,570739.0,0.010625669355543247,0.1593850403331487,0.010682322260712862,0.17278943098852673,42.15
ITL3,TLJ37,North Hampshire,394648.0,0.020966358447393377,0.31449537671090066,0.021187696720035065,0.3695680206318508,64.49
ITL3,TLJ41,Medway,286800.0,0.0017879124746369138,0.026818687119553708,0.0017895117431208085,0.027181544633901877,39.16
ITL3,TLJ43,Kent Thames Gateway,384329.0,-0.012935775922536467,-0.194036638838047,-0.012852468375989412,-0.17637227304714953,35.04
ITL3,TLJ44,East Kent,529964.0,0.004464222549777593,0.0669633382466639,0.004474202035954056,0.06925627664613865,35.32
ITL3,TLJ45,Mid Kent,322470.0,-0.004095267713087066,-0.06142901569630599,-0.004086893539660297,-0.05958030159232364,34.2
ITL3,TLJ46,West Kent,373488.0,0.009806040648270554,0.1470906097240583,0.009854277406477818,0.15845892591806465,46.24
ITL3,TLK30,Cornwall and Isles of Scilly,580553.0,0.010974017582555066,0.164610263738326,0.011034452984240328,0.17893355600620242,32.74
ITL3,TLK41,Plymouth,268736.0,-0.001994644494807633,-0.029919667422114493,-0.0019926565134690266,-0.02947650492870124,33.97
ITL3,TLK42,Torbay,139485.0,-0.008481120346693889,-0.12721680520040834,-0.008445257103967818,-0.11945725434551191,27.68
ITL3,TLK43,Devon CC,833408.0,0.006948947911526678,0.10423421867290017,0.0069731478723458196,0.109860374499404,35.63
ITL3,TLK51,"Bristol, City of",482998.0,-0.0028356350864510676,-0.04253452629676602,-0.0028316184707284364,-0.04164262358145798,36.57
ITL3,TLK52,Bath & North East Somerset and South Gloucestershire,499257.0,0.012588189588504347,0.1888228438275652,0.012667754355335514,0.2078269595272615,48.99
ITL3,TLK61,North Somerset,221146.0,0.012829743154416857,0.19244614731625287,0.012912397408495924,0.21221122112211277,35.88
ITL3,TLK62,Somerset,581145.0,0.003956878763158341,0.059353181447375114,0.0039647175435559845,0.061149953041844896,34.53
ITL3,TLK63,"Bournemouth, Christchurch and Poole",404050.0,0.0007273298435755748,0.010909947653633623,0.0007275944120652689,0.010969678153782025,39.45
ITL3,TLK64,Dorset,384809.0,-0.004249324621839712,-0.06373986932759568,-0.004240309016567356,-0.06175096485882636,35.43
ITL3,TLK71,Swindon,238417.0,0.00399732994288294,0.059959949143244096,0.004005329922186274,0.061794019933555155,62.05
ITL3,TLK72,Wiltshire,517979.0,0.004262116427250717,0.06393174640876076,0.004271212163241334,0.06601963660986421,40.66
ITL3,TLK73,Gloucestershire CC,659276.0,0.003108420920090005,0.04662631380135007,0.003113257070029851,0.04773041352184593,40.77
ITL3,TLL31,Isle of Anglesey,69291.0,0.006569498787627322,0.09854248181440983,0.006591125277248588,0.10356128468429038,34.48
ITL3,TLL32,Gwynedd,119173.0,-0.00365657492851561,-0.05484862392773415,-0.0036498977993653092,-0.05337156599759496,29.27
ITL3,TLL33,Conwy and Denbighshire,211566.0,0.008319593550260447,0.12479390325390671,0.008354297542958244,0.13291493892188777,30.0
ITL3,TLL34,Flintshire and Wrexham,291961.0,0.017563030414755983,0.26344545622133975,0.017718167327383405,0.301406309388065,42.68
ITL3,TLL41,Mid Wales,207489.0,0.008659279618996922,0.12988919428495382,0.008696879632071663,0.13870220162224856,28.27
ITL3,TLL42,South West Wales,315089.0,0.007471872298244679,0.11207808447367018,0.007499856390500437,0.1186002025430406,32.3
ITL3,TLL43,Swansea,246742.0,0.0016835077874101027,0.02525261681115154,0.001684925682212679,0.025574165078728228,34.69
ITL3,TLL44,Neath Port Talbot,142898.0,0.004031545997475069,0.06047318996212603,0.004039683611086087,0.062339115836598014,34.21
ITL3,TLL51,Central Valleys and Bridgend,446514.0,0.0052170431548801115,0.07825564732320167,0.00523067562126478,0.08139908011552066,35.24
ITL3,TLL52,Cardiff and Vale of Glamorgan,518269.0,0.006746978454913943,0.10120467682370915,0.006769790589517655,0.10650309412658787,37.93
ITL3,TLH51,Norwich and East Norfolk,381221.0,0.010739676812004599,0.16109515218006898,0.010797554150086652,0.17479674796747924,37.2
ITL3,TLH52,North and West Norfolk,258986.0,0.0015331024267069893,0.02299653640060484,0.0015342782290306278,0.023262995367987926,33.63
ITL3,TLH53,Breckland and South Norfolk,291736.0,0.0111539977906468,0.167309966859702,0.011216435551615334,0.18212062674393725,40.29
ITL3,TLH61,Babergh and Mid Suffolk,203901.0,0.0049321443611908345,0.07398216541786251,0.0049443274064682186,0.07678760126805129,40.31
ITL3,TLH62,Ipswich,139378.0,0.006040617489445843,0.09060926234168765,0.006058898810892277,0.09484112601184003,42.52
ITL3,TLH63,East Suffolk,247100.0,0.013307358578202866,0.199610378673043,0.013396295541849623,0.22092696629213493,38.33
ITL3,TLH64,West Suffolk,186063.0,-0.0043973501601091885,-0.06596025240163783,-0.004387695972026373,-0.06383192601527976,35.65
ITL3,TLI33,Kensington & Chelsea and Hammersmith & Fulham,333636.0,0.01396118970895562,0.2094178456343343,0.014059102245880473,0.23296007789678597,48.45
ITL3,TLI34,Wandsworth,331456.0,0.0002911064962275963,0.004366597443413944,0.00029114887183556704,0.004376144921636849,35.39
ITL3,TLI35,Westminster and City of London,224970.0,-0.006117841219824704,-0.09176761829737057,-0.006099165334006007,-0.08768286927796176,71.21
ITL3,TLI36,Camden,220903.0,0.015542470874889958,0.23313706312334936,0.01566388327602586,0.2625545171339565,59.44
ITL3,TLI41,Hackney and Newham,625834.0,-0.007171744925060667,-0.10757617387591001,-0.007146089330855254,-0.10199188491331623,37.41
ITL3,TLI42,Tower Hamlets,328626.0,-0.0267437665133075,-0.4011564976996125,-0.026389318774898696,-0.3304547294562137,72.96
ITL3,TLI43,Haringey and Islington,483479.0,0.020072845203838164,0.30109267805757245,0.020275659508202093,0.351334574798261,52.0
ITL3,TLI44,Lewisham and Southwark,614227.0,0.006323818749723919,0.0948572812458588,0.0063438563072060195,0.09950192438306549,41.21
ITL3,TLI45,Lambeth,315706.0,-0.0013568414078243645,-0.020352621117365466,-0.0013559213147085192,-0.020146904512067132,54.12
ITL3,TLI51,Bexley and Greenwich,544966.0,-0.014234204516625463,-0.21351306774938195,-0.014133377193358165,-0.19225839528326072,43.11
ITL3,TLI52,Barking & Dagenham and Havering,490453.0,-0.014571806776796889,-0.21857710165195332,-0.014466151817551953,-0.19633848657445085,39.9
ITL3,TLI53,Redbridge and Waltham Forest,589372.0,-0.020283867456235782,-0.30425801184353674,-0.020079533708414976,-0.26232948583420745,35.92
ITL3,TLI54,Enfield,327429.0,0.001102070238199578,0.01653105357299367,0.001102677740754121,0.016668447483705773,46.53
ITL3,TLI61,Bromley,331162.0,-0.0046751218415269115,-0.07012682762290368,-0.004664210470029961,-0.06772442588726557,42.92
ITL3,TLI62,Croydon,397741.0,0.01014325236503216,0.15214878547548238,0.010194869523639793,0.16433345945264266,51.92
ITL3,TLI63,"Merton, Kingston upon Thames and Sutton",596796.0,-0.0004891366325728915,-0.007337049488593372,-0.0004890170247525694,-0.0073101990487938195,41.1
ITL3,TLI71,Barnet,395007.0,0.008103052592193728,0.1215457888829059,0.00813597117645104,0.1292410714285721,42.73
ITL3,TLI72,Brent,344521.0,0.0019431645757360745,0.02914746863604112,0.0019450537434766435,0.02957641350998319,45.02
ITL3,TLI73,Ealing,375340.0,-0.0059295129319297145,-0.08894269397894572,-0.005911968064758577,-0.08510199876365132,41.76
ITL3,TLI74,Harrow and Hillingdon,582466.0,-0.0010037289925911945,-0.015055934888867917,-0.0010032254251417516,-0.014943160982764603,39.97
ITL3,TLI75,Hounslow and Richmond upon Thames,491219.0,-0.0012043000434644568,-0.018064500651966853,-0.0012035751651866544,-0.017902315625607734,54.68
ITL3,TLJ12,Milton Keynes,298270.0,0.004976880394369706,0.07465320591554558,0.004989285634861007,0.07751041184636698,50.59
ITL3,TLJ13,Buckinghamshire,566694.0,-0.005967268579615788,-0.08950902869423683,-0.005949499793739488,-0.08561999057048586,40.15
ITL3,TLE22,North Yorkshire,627630.0,-0.0008479867123958466,-0.012719800685937699,-0.0008476272732707013,-0.012639245929733756,36.36
ITL3,TLE32,Sheffield,573252.0,0.005146142740814833,0.0771921411122225,0.005159406876653838,0.08024961681629095,36.08
ITL3,TLE33,Barnsley,248449.0,0.0019349237217534565,0.029023855826301848,0.001936796894612014,0.029449152542372792,34.03
ITL3,TLE34,Rotherham,271195.0,0.009455181205279455,0.1418277180791918,0.009500022647652484,0.15237809752198261,33.03
ITL3,TLE35,Doncaster,314176.0,0.0031638435612751556,0.04745765341912733,0.003168853796788884,0.048601795480342824,29.81
ITL3,TLE41,Bradford,560194.0,0.002889849498008227,0.04334774247012341,0.0028940291382761885,0.044300979519144246,33.46
ITL3,TLE42,Leeds,829413.0,0.008154605989602891,0.12231908984404338,0.008187945350526693,0.13011465236141828,41.47
ITL3,TLE44,Calderdale and Kirklees,650768.0,0.006682372301171391,0.10023558451757086,0.006704749166704271,0.10543130990415306,33.33
ITL3,TLE45,Wakefield,361786.0,0.004314350594146354,0.06471525891219532,0.004323670803400681,0.06685520361990904,36.15
ITL3,TLF11,Derby,266460.0,-0.011715578706138057,-0.17573368059207084,-0.011647218534015624,-0.1611586466755638,38.02
ITL3,TLF12,East Derbyshire,292747.0,0.0007133970001896491,0.010700955002844736,0.0007136515283525657,0.010758414997869892,37.75
ITL3,TLF13,South and West Derbyshire,518702.0,0.008847513618930472,0.1327127042839571,0.00888676855166004,0.14192188193519795,37.19
ITL3,TLF14,Nottingham,329276.0,-3.177478095833427e-05,-0.000476621714375014,-3.177427614531325e-05,-0.00047650814828914534,33.88
ITL3,TLF15,North Nottinghamshire,488905.0,0.002408159723715168,0.03612239585572752,0.002411061669324699,0.036782736635605495,31.06
ITL3,TLF16,South Nottinghamshire,355589.0,0.01027671198848387,0.15415067982725805,0.01032969874746792,0.1666666666666663,39.52
ITL3,TLF21,Leicester,379780.0,0.00628238071577177,0.09423571073657655,0.006302156260310721,0.09881871876419845,35.47
ITL3,TLF22,Leicestershire CC and Rutland,774658.0,0.00010505928173110135,0.0015758892259665203,0.00010506480065064494,0.0015771315919175244,36.38
ITL3,TLF24,West Northamptonshire,434349.0,0.005195821439030309,0.07793732158545463,0.005209343127860144,0.0810548977395047,38.21
ITL3,TLF25,North Northamptonshire,367991.0,-0.006538242940457136,-0.09807364410685704,-0.006516915137516843,-0.09341786313630474,31.57
ITL3,TLF30,Lincolnshire CC,782808.0,0.004603958716559357,0.06905938074839035,0.004614573217814888,0.07149983372131663,34.98
ITL3,TLG11,"Herefordshire, County of",189890.0,0.017792081359756236,0.26688122039634354,0.017951303334345692,0.3058853245769124,32.93
ITL3,TLG12,Worcestershire CC,614185.0,0.016857047402621284,0.25285571103931925,0.016999929151916282,0.2876974629009099,38.4
ITL3,TLL53,Gwent Valleys,337212.0,0.006755631296351083,0.10133446944526625,0.006778502046568713,0.10664671938448333,33.7
ITL3,TLL54,Monmouthshire and Newport,258200.0,0.013931378744164983,0.20897068116247475,0.014028872616277388,0.23240886520528026,37.78
ITL3,TLM01,Clackmannanshire and Fife,425150.0,0.005118768269109471,0.07678152403664207,0.005131891545521405,0.07980613893376365,38.51
ITL3,TLM02,"Perth and Kinross, and Stirling",246110.0,0.002684205822240789,0.040263087333611836,0.002687811528119255,0.041084634346754356,39.85
ITL3,TLM03,Angus and Dundee City,265210.0,0.006264855843247356,0.09397283764871034,0.0062845210978286214,0.09852990685669383,36.01
ITL3,TLM11,East Lothian and Midlothian,212000.0,0.010895635423656281,0.1634345313548442,0.010955209026791257,0.17754826017459746,37.05
ITL3,TLM12,Falkirk,158620.0,-0.0068763188704190036,-0.10314478305628505,-0.006852731086489983,-0.09800362976406474,38.69
ITL3,TLM13,City of Edinburgh,523250.0,0.015161846525425264,0.22742769788137895,0.015277370433945059,0.25536667080282904,56.26
ITL3,TLM14,West Lothian,183810.0,0.030525071776479548,0.4578760766471932,0.030995738619454816,0.5807131036557842,46.49
ITL3,TLM20,Highlands and Islands,623410.0,0.01332983755314198,0.1999475632971297,0.013419075907819211,0.22133871350581513,39.68
ITL3,TLM31,East Dunbartonshire and West Dunbartonshire,197980.0,0.013605489262430126,0.2040823389364519,0.013698465113605396,0.2263991296990202,40.06
ITL3,TLM32,Glasgow City,631970.0,0.012079606878798721,0.18119410318198081,0.012152859989078335,0.19864781807006748,38.56
ITL3,TLM33,"Inverclyde, East Renfrewshire, and Renfrewshire",363470.0,0.014191726704097362,0.21287590056146044,0.014292907333534055,0.2372311020310065,37.47
ITL3,TLM34,North Lanarkshire,341890.0,0.020512548929813926,0.3076882339472089,0.020724377161392527,0.3602768346826848,45.28
ITL3,TLM50,Aberdeen City and Aberdeenshire,492070.0,-0.001767526707937428,-0.02651290061906142,-0.0017659655525358309,-0.026164519326065783,38.48
ITL3,TLM91,Scottish Borders,116630.0,0.016013166250779302,0.24019749376168953,0.01614206409926444,0.2715002388915433,36.89
ITL3,TLM92,Dumfries and Galloway,145670.0,-0.0008242161158868555,-0.012363241738302833,-0.0008238765430842454,-0.012287130847165373,36.54
ITL3,TLM93,North Ayrshire and East Ayrshire,254320.0,0.0009381694839268799,0.014072542258903198,0.0009386097025729789,0.014172026599803988,37.85
ITL3,TLM94,South Ayrshire,111830.0,0.002516021865523162,0.03774032798284743,0.0025191897047642797,0.03846153846153899,35.5
ITL3,TLM95,South Lanarkshire,330280.0,-0.0029669556440215556,-0.04450433466032333,-0.0029625585808301658,-0.04352854589422739,37.41
ITL3,TLN06,Belfast,350533.0,0.006293841950658733,0.094407629259881,0.006313689791785038,0.0990076422949695,38.54
ITL3,TLN07,"Armagh City, Banbridge and Craigavon",221754.0,0.015565283387377112,0.23347925081065668,0.015687053385329053,0.2629866216704837,33.75
ITL3,TLN08,"Newry, Mourne and Down",183429.0,0.003355005592501037,0.050325083887515554,0.0033606399230721173,0.05161290322580636,35.95
ITL3,TLN09,Ards and North Down,164913.0,0.015151774332922467,0.227276614993837,0.015267144416325706,0.2551770207080828,39.02
ITL3,TLN0A,Derry City and Strabane,150859.0,0.010856607321060885,0.16284910981591327,0.01091575413310375,0.17685909980430514,37.59
ITL3,TLN0B,Mid Ulster,152006.0,0.004967021646683574,0.07450532470025362,0.004979377747906355,0.07735108007855152,40.78
ITL3,TLN0C,Causeway Coast and Glens,141733.0,0.003135174740219308,0.04702762110328962,0.00314009454067965,0.04815095976575168,35.55
ITL3,TLN0D,Antrim and Newtownabbey,147298.0,0.002747879888082257,0.041218198321233857,0.002751658770534293,0.04207946072924118,41.33
ITL3,TLN0E,Lisburn and Castlereagh,150822.0,0.018706373852878617,0.28059560779317927,0.0188824341674505,0.32391811350090705,38.22
ITL3,TLN0F,Mid and East Antrim,139840.0,-0.016845720922098077,-0.25268581383147115,-0.016704625162968445,-0.22328812437975532,39.12
ITL3,TLN0G,Fermanagh and Omagh,117195.0,0.015744456633609318,0.2361668495041398,0.015869053636141217,0.2663855883480255,38.55
National,TLB,England,57690324.0,0.004396135342659413,0.0659420301398912,0.0044058125211672294,0.06816479400749054,42.39
National,UKX,United Kingdom,68265212.0,0.005145439648435494,0.07718159472653241,0.005158700156983276,0.08023822414726633,41.87
MCA,E47000006,Tees Valley,698931.0,0.009769341883981219,0.1465401282597183,0.009817217682411838,0.15782139124375738,35.37
MCA,E47000014,North East,2012449.0,0.008745514299196877,0.13118271448795316,0.008783868035560083,0.14017608897126999,35.97
MCA,E47000001,Greater Manchester,2948633.0,0.012095041436865787,0.1814256215529868,0.012168482241729617,0.19892535918701104,39.77
MCA,E47000018,Lancashire,1570373.0,0.004571154097704048,0.06856731146556072,0.004581617760192502,0.07097271126760529,37.25
MCA,E47000004,Liverpool City Region,1586149.0,0.0035829120291066847,0.05374368043660027,0.0035893383310769966,0.05521409547223888,37.33
MCA,E47000016,Hull and East Yorkshire,622061.0,-0.005419380378225291,-0.08129070567337937,-0.005404722028062747,-0.07807435653002837,37.45
MCA,E47000017,Greater Lincolnshire,1111230.0,0.0062669542680056384,0.09400431402008458,0.0062866327123971555,0.0985644851362042,36.73
MCA,E47000012,York and North Yorkshire,834410.0,-0.00195708078655444,-0.0293562117983166,-0.001955166952664622,-0.028929503916448995,38.18
MCA,E47000007,West Midlands,2980936.0,0.001645491256022602,0.02468236884033903,0.0016468458196317037,0.024989500209995352,35.72
MCA,E47000008,Cambridgeshire and Peterborough,919082.0,0.0034728282922637634,0.05209242438395645,0.0034788655471977847,0.05347310461668808,40.29
MCA,E47000015,Devon and Torbay,972893.0,0.0045249431144252245,0.06787414671637837,0.004535196128454766,0.0702306079664563,34.4
MCA,E47000009,West of England,982255.0,0.004428099579625903,0.06642149369438854,0.004437918099681637,0.06867706289373121,42.01
MCA,E61000001,Greater London,8945309.0,-0.0016625965564834645,-0.024938948347251966,-0.0016612152084761744,-0.02463054187192104,53.2
MCA,E47000002,South Yorkshire,1407072.0,0.004875585373264239,0.07313378059896358,0.0048874903797251346,0.07587445841699303,33.77
MCA,E47000003,West Yorkshire,2402161.0,0.00695326102582623,0.10429891538739344,0.006977491071995523,0.10993218114198222,37.33
MCA,E47000013,East Midlands,2251679.0,0.001058274182262764,0.01587411273394146,0.0010588343519721821,0.01600077579518988,35.62
